doi,title,abstract,authors,author_affiliations,publication_title,publication_year,volume,issue,start_page,end_page,issn,isbn,doi_link,pdf_url,author_keywords,ieee_terms,mesh_terms,article_citation_count,patent_citation_count,reference_count,license,online_date,issue_date,date_added_to_xplore,publisher,content_type,funding_information,document_identifier,HAS_SO,SO name
10.1109/TEMPR.2023.3287027,"A Review of Public Safety Power Shutoffs (PSPS) for Wildfire Mitigation: Policies, Practices, Models and Data Sources","Public Safety Power Shutoffs (PSPS), also known as proactive de-energizations, proactively de-energize a portion of power systems to mitigate the risk of catastrophic wildfires caused by electric infrastructure. Since the first practice in Southern California in 2012, PSPS have been widely discussed in government and industry, but seldom in the academic literature. This article surveys the PSPS program in California, including its history, policies, and practices. In practice, PSPS present strong interactions between electric utilities and customers, yielding PSPS a trade-off problem to balance the risk of power-line-ignited wild-fires (i.e., wildfire risk) against the harms of power shutoff (i.e., PSPS risk). In this regard, this article summarizes the industry-standard and research methods for PSPS studies, including models, data sources, and test systems. It is suggested to integrate engineering solutions with social-economic science, such as energy innovation, energy equity, and PSPS uncertainties, in future PSPS studies.",Can Huang; Qinran Hu; Linwei Sang; Donald D. Lucas; Robin Wong; Bin Wang; Wanshi Hong; Mengqi Yao; Vaibhav Donde,"Lawrence Livermore National Laboratory, Livermore, CA, USA; Southeast University, Nanjing, China; Tsinghua-Berkeley Shenzhen Institute, Shenzhen, China; Lawrence Livermore National Laboratory, Livermore, CA, USA; Lawrence Livermore National Laboratory, Livermore, CA, USA; Lawrence Berkeley National Laboratory, Berkeley, CA, USA; Lawrence Berkeley National Laboratory, Berkeley, CA, USA; University of California at Berkeley, Berkeley, CA, USA; Lawrence Livermore National Laboratory, Livermore, CA, USA","IEEE Transactions on Energy Markets, Policy and Regulation",2023,1,3,187,197,2771-9626,,https://doi.org/10.1109/TEMPR.2023.3287027,https://ieeexplore.ieee.org/stamp/stamp.jsp?tp=&arnumber=10154121,Proactive de-energization; Public Safety Power Shutoffs (PSPS); PSPS data; PSPS model; PSPS policy; PSPS process; wildfire mitigation,Fires; Guidelines; Surveys; Safety; Soft sensors; Data models; Biological system modeling,,41,,,CCBY - IEEE is not the copyright holder of this material. Please follow the instructions via https://creativecommons.org/licenses/by/4.0/ to obtain full-text articles and stipulations in the API documentation.,,Sept. 2023,,IEEE,Journals,,,0,
10.1109/TEMPR.2023.3258409,Deep Reinforcement Learning Based Real-Time Renewable Energy Bidding With Battery Control,"Recently, various renewable energy sources and large-scale batteries have been integrated into power grids, and renewable energy bidding and battery control become critical problems in the real-time energy market. However, bidding and control problems have been studied separately while these two problems simultaneously influence the total profit of renewable producers. In this paper, we propose a novel strategy where renewable energy bidding and battery control are collectively investigated. First, unlike the previous studies where bidding is simply the forecasted value, the proposed methods determine the bidding values considering the error compensability of the battery by switching the objective of forecasting from reducing errors to making errors compensable. After the error compensation, additional battery control is applied to utilize the energy arbitrage process considering the energy price. As there are energy price and renewable generation uncertainties, we propose a deep reinforcement learning based bidding combined with control, called DeepBid, for sequential decision making under uncertainty. Our extensive simulations with real solar and wind generation data show that the proposed DeepBid strategy substantially increases the total profit compared to existing bidding strategies by achieving as high revenues as the arbitrage strategy and as low deviation penalties as the error compensation strategy.",Jaeik Jeong; Seung Wan Kim; Hongseok Kim,"Department of Electronic Engineering, Sogang University, Seoul, South Korea; Department of Electrical Engineering, Chungnam National University, Daejeon, South Korea; Department of Electronic Engineering, Sogang University, Seoul, South Korea","IEEE Transactions on Energy Markets, Policy and Regulation",2023,1,2,85,96,2771-9626,,https://doi.org/10.1109/TEMPR.2023.3258409,https://ieeexplore.ieee.org/stamp/stamp.jsp?tp=&arnumber=10075530,Battery system; bidding strategy; deep reinforcement learning; real-time energy market,Batteries; Renewable energy sources; Error compensation; Real-time systems; Forecasting; Optimization; Stochastic processes,,34,,,LOCKED,,Jun-23,,IEEE,Journals,,,0,
10.1109/TEMPR.2023.3263685,A Fully-Decentralized Transactive Energy Management Under Distribution Network Constraints via Peer-to-Peer Energy Trading,"Peer-to-peer (P2P) energy trading is seen as a promising method for distributed transactive energy (TE) management. Since distribution network is used for electricity transfer, physical constraints should be imposed during the P2P trading. In this paper, we propose a P2P-based distributed TE management approach considering distribution network constraints and product differentiation for P2P energy trading between different buses. A multi-period AC optimal power flow (OPF) model is used to monitor power flow in distribution system, and the exactness of second-order cone relaxation is recovered by the convex-concave procedure, making sure that P2P transactions do not violate network constraints. Moreover, we propose a fully-decentralized variant of alternating direction method of multipliers for clearing P2P transactions in a fully-decentralized manner under AC power flow constraints. Our proposed variant does not need any interactions with the central supervisor in comparison with the traditional one. Finally, numerical results on IEEE 33-bus and 141-bus distribution systems verify the effectiveness of our proposed method in ensuring physical feasibility, lowering data communication and protecting data privacy during P2P energy trading.",Yidan Zhou; Jiale Wang; Yao Zhang; Jingdong Wei; Wei Sun; Jianxue Wang,"School of Electrical Engineering, Xi'an Jiaotong University, Xi'an, China; School of Electrical Engineering, Xi'an Jiaotong University, Xi'an, China; School of Electrical Engineering, Xi'an Jiaotong University, Xi'an, China; China Renewable Energy Engineering Institute, Beijing, China; Dahang Youneng Electrical Company, Ltd., Zhenjiang, China; School of Electrical Engineering, Xi'an Jiaotong University, Xi'an, China","IEEE Transactions on Energy Markets, Policy and Regulation",2023,1,4,297,309,2771-9626,,https://doi.org/10.1109/TEMPR.2023.3263685,https://ieeexplore.ieee.org/stamp/stamp.jsp?tp=&arnumber=10089504,Transactive energy; peer-to-peer (P2P) energy trading; product differentiation; decentralized optimization; distribution network; exactness of second-order cone relaxation,Peer-to-peer computing; Load flow; Transactive energy; Cogeneration; Distribution networks; Convex functions; Reactive power,,34,,,LOCKED,,Dec. 2023,,IEEE,Journals,,,0,
10.1109/TEMPR.2023.3238135,Energy Storage State-of-Charge Market Model,"This paper introduces and rationalizes a new model for bidding and clearing energy storage resources in wholesale energy markets. Charge and discharge bids in this model depend on the storage state-of-charge (SoC). In this setting, storage participants submit different bids for each SoC segment. The system operator monitors the storage SoC and updates their bids accordingly in market clearings. Combined with an optimal bidding design algorithm using dynamic programming, our paper shows that the SoC segment market model provides more accurate representations of the opportunity costs of energy storage compared to existing power-based bidding models. The new model also captures the inherent SoC-dependent operational characteristics of energy storage. We benchmark the SoC segment market model against an existing single-segment model in price-taker and price-influencer simulations. The simulation results show that compared to the existing power-based bidding model, the proposed model improves profits by 10–56% in the price-taker case study; the model also improves total system cost reduction from storage by around 5%, and helps reduce price volatilities in the price-influencer case study.",Ningkun Zheng; Xin Qin; Di Wu; Gabe Murtaugh; Bolun Xu,"Columbia University, New York, NY, USA; University of Cambridge, Cambridge, U.K.; Pacific Northwest National Laboratory, Richland, WA, USA; California ISO, Folsom, CA, USA; Columbia University, New York, NY, USA","IEEE Transactions on Energy Markets, Policy and Regulation",2023,1,1,11,22,2771-9626,,https://doi.org/10.1109/TEMPR.2023.3238135,https://ieeexplore.ieee.org/stamp/stamp.jsp?tp=&arnumber=10021874,Dynamic programming; energy storage; power system economics,Costs; Real-time systems; Discharges (electric); Load modeling; Electricity supply industry; Degradation; Computational modeling,,32,,,LOCKED,,Mar-23,,IEEE,Journals,,,1,California ISO (CAISO)
10.1109/TEMPR.2023.3250948,Energy Trading in Local Electricity Markets With Behind-the-Meter Solar and Energy Storage,"Distributed energy resources, especially residential behind-the-meter photovoltaics (BTM PV), have been playing increasingly important roles in modern smart grids. Residential netload, which is closely tied with customers' gross load consumption and weather, is usually the only data available for the market operator in a local electricity market (LEM). This paper seeks to design customized prices for an LEM that consists of an agent, BTM PV, energy storage (ES), prosumers, and consumers. The LEM agent who owns a community-scale ES system is responsible for operating the market, determining the internal price, and facilitating the energy sharing within the community. A hierarchical energy trading infrastructure is considered, where the LEM agent acts as the mediator between the external utility grid and customers. A two-stage decision-making framework, including both look-ahead ES scheduling and real-time customized price design, is developed for the agent's profit maximization. Besides, the impacts of netload forecasting and BTM PV disaggregation are also investigated. The customer's consumption behavior is modeled as a utility maximization problem. Compared with the benchmark uniform price design, it is found that the customized pricing scheme could further improve the LEM agent's profit by 4% to 130%, depending on the weather conditions and seasonal load patterns.",Li He; Jie Zhang,"Department of Electrical and Computer Engineering, The University of Texas at Dallas, Richardson, TX, USA; Department of Mechanical Engineering and (Affiliated) Department of Electrical and Computer Engineering, The University of Texas at Dallas, Richardson, TX, USA","IEEE Transactions on Energy Markets, Policy and Regulation",2023,1,2,107,117,2771-9626,,https://doi.org/10.1109/TEMPR.2023.3250948,https://ieeexplore.ieee.org/stamp/stamp.jsp?tp=&arnumber=10057054,Behind-the-meter solar; customized price design; energy sharing; energy storage; local electricity market,Forecasting; Pricing; Games; Regulation; Real-time systems; Scheduling; Energy storage,,30,,,LOCKED,,Jun-23,,IEEE,Journals,,,0,
10.1109/TEMPR.2023.3287857,"Multi-Timescale Trading Strategy for Renewable Power to Ammonia Virtual Power Plant in the Electricity, Hydrogen, and Ammonia Markets","Renewablepower to ammonia (RePtA) is a prominent zero-carbon pathway for decarbonization. Due to the imbalance between renewables and production energy demand, the RePtA system relies on electricity exchange with the power grid. Participating in the electricity market as a virtual power plant (VPP) may help to reduce energy costs. However, the power profile of local photovoltaics and wind turbines is similar to those in the market, resulting in rising energy costs under the conventional strategy. Hence, we develop a multi-timescale trading strategy for the RePtA VPP in the electricity, hydrogen, and ammonia markets. By utilizing the hydrogen and ammonia buffer systems, the RePtA VPP can optimally coordinate production planning. Moreover, we find it possible to describe the trading of electricity, ammonia, and hydrogen in a unified timeframe. The two-stage robust optimization model of the electricity market is extended to multiple markets and solved by the column and constraint generation (CC&G) algorithm. The case is derived from an actual project in the Inner Mongolia Autonomous Region. Sensitivity analysis demonstrates the economic advantages of the RePtA VPP joining multiple markets over the conventional strategy and reveals the necessity of the hydrogen and ammonia buffer and reactor flexibility.",Sirui Wu; Jin Lin; Jiarong Li; Feng Liu; Yonghua Song; Yanhui Xu; Xiang Cheng; Zhipeng Yu,"State Key Laboratory of Control and Simulation of Power Systems and Generation Equipment, Department of Electrical Engineering, Tsinghua University, Beijing, China; State Key Laboratory of Control and Simulation of Power Systems and Generation Equipment, Department of Electrical Engineering, Tsinghua University, Beijing, China; State Key Laboratory of Control and Simulation of Power Systems and Generation Equipment, Department of Electrical Engineering, Tsinghua University, Beijing, China; State Key Laboratory of Control and Simulation of Power Systems and Generation Equipment, Department of Electrical Engineering, Tsinghua University, Beijing, China; Department of Electrical and Computer Engineering, University of Macau, Macau, China; State Key Laboratory of Alternate Electrical Power System with Renewable Energy Sources, North China Electric Power University, Beijing, China; State Key Laboratory of Control and Simulation of Power Systems and Generation Equipment, Department of Electrical Engineering, Tsinghua University, Beijing, China; State Key Laboratory of Control and Simulation of Power Systems and Generation Equipment, Department of Electrical Engineering, Tsinghua University, Beijing, China","IEEE Transactions on Energy Markets, Policy and Regulation",2023,1,4,322,335,2771-9626,,https://doi.org/10.1109/TEMPR.2023.3287857,https://ieeexplore.ieee.org/stamp/stamp.jsp?tp=&arnumber=10158017,Multi-market trading strategy; multiple times cales; renewable power to ammonia (RePtA); virtual power plant (VPP),Ammonia; Hydrogen; Renewable energy sources; Inductors; Costs; Contracts; Wind turbines,,28,,,LOCKED,,Dec. 2023,,IEEE,Journals,,,0,
10.1109/TEMPR.2023.3239989,Demand Side Management and Peer-to-Peer Energy Trading for Industrial Users Using Two-Level Multi-Agent Reinforcement Learning,"Over the past few years, with more concerns on energy equity, energy security and environmental sustainability, peer-to-peer (P2P) energy trading market has increasingly attracted attention to energy users. With the rising electricity price and the growing public doubt to unsustainable development, more efforts are given to the integration between P2P energy trading and industrial practice. To date, the current research work has emphasized electricity cost reduction using demand-side management (DSM) and P2P energy trading market to promote energy sharing and create a win–win situation for all industrial market participants. However, less attention has been given to evaluating industrial production. With this attention, this paper formulates a cost minimization problem for multiple discrete manufacturers, where DSM and P2P energy trading market are integrated to optimize manufacturing productivity and energy consumption. Moreover, this paper proposes a two-level reinforcement learning (RL) method to obtain the optimal DSM and energy trading strategies for discrete manufacturers. Unlike the existing RL approaches, the proposed method depicts a two-level learning approach, where the upper-level program suggests a production plan for the manufacturer to improve the cost return, while the lower-level program optimizes the net benefits. Further, to verify the performance of the proposed method, simulations are conducted based on four different case studies, including different weather and load conditions. Numerical results demonstrate that the proposed algorithm provides a better production plan with enhanced learning speed and economic benefits compared to the existing RL approaches.",Jiatong Wang; Dillip Kumar Mishra; Li Li; Jiangfeng Zhang,"School of Electrical and Data Engineering, University of Technology Sydney, Broadway, NSW, Australia; School of Electrical and Data Engineering, University of Technology Sydney, Broadway, NSW, Australia; School of Electrical and Data Engineering, University of Technology Sydney, Broadway, NSW, Australia; Department of Automotive Engineering, Clemson University, Greenville, SC, USA","IEEE Transactions on Energy Markets, Policy and Regulation",2023,1,1,23,36,2771-9626,,https://doi.org/10.1109/TEMPR.2023.3239989,https://ieeexplore.ieee.org/stamp/stamp.jsp?tp=&arnumber=10026665,Bilateral energy trading; demand side manage- ment; discrete manufacturing; hybrid reinforcement learning,Costs; Production; Peer-to-peer computing; Optimization; Decision making; Schedules; Reinforcement learning,,28,,,LOCKED,,Mar-23,,IEEE,Journals,,,0,
10.1109/TEMPR.2023.3267552,Strategic Implicit Balancing With Energy Storage Systems via Stochastic Model Predictive Control,"Battery Energy Storage Systems (BESS) may exploit the increasing price volatility in imbalance settlement mechanisms via inter-temporal arbitrage. However, participating in these markets requires a careful trade-off between expected profits, accounting for the impact of BESS actions on prevailing imbalance prices, the financial risks and the incurred battery degradation costs. This paper introduces a novel forecast-informed Model Predictive Control (MPC) methodology in which a strategic and potentially risk-averse BESS performs implicit balancing by taking out-of-balance positions in near-real time. Thereby it anticipates expected imbalance prices in a European-style balancing market, and takes into account state of charge-dependent battery degradation costs. To this end, an attention-based recurrent neural network forecasting technique is leveraged to predict the System Imbalance. The proposed methodology is tested on a real-life case study of the Belgian balancing market. Expected profits of a 2 MW/2 MWh BESS (21,784 €/MW/month) are shown to exceed those of different benchmarks available in the literature, including the profit associated with participating in the day-ahead energy market with perfect price foresight (7,082 €/MW/month). From a system perspective, these implicit balancing actions performed by the BESS owner reduce the system imbalance in 75% of all cases, thus improving the cost-efficiency of power systems.",Ruben Smets; Kenneth Bruninx; Jérémie Bottieau; Jean-François Toubeau; Erik Delarue,"Mechanical Engineering, Katholieke Universiteit Leuven, Leuven, Belgium; Engineering, Systems & Services, TU Delft, Delft, The Netherlands; Electrical Power Engineering Unit, Universite de Mons Faculte Polytechnique, Mons, Belgium; Mechanical Engineering, Katholieke Universiteit Leuven, Leuven, Belgium; Mechanical Engineering, Katholieke Universiteit Leuven, Leuven, Belgium","IEEE Transactions on Energy Markets, Policy and Regulation",2023,1,4,373,385,2771-9626,,https://doi.org/10.1109/TEMPR.2023.3267552,https://ieeexplore.ieee.org/stamp/stamp.jsp?tp=&arnumber=10103757,Balancing markets; battery energy storage; forecast-informed optimization; model predictive control,Optimization; Europe; Degradation; Batteries; Stochastic processes; Battery energy storage system; Predictive control,,23,,,LOCKED,,Dec. 2023,,IEEE,Journals,,,0,
10.1109/TEMPR.2023.3251325,A Stackelberg Game Based Optimization Method for Heterogeneous Building Aggregations in Local Energy Markets,"This paper proposes an optimal operational method and a customized pricing strategy for a Microgrid (MG) incorporating heterogeneous buildings from different communities in a local energy market (LEM). A customized pricing strategy in the LEM for the heterogeneous building aggregations (BAs) is proposed considering their heterogeneous insulation performances. In this regard, a hierarchical framework with two levels for optimal decision-making of the MG as the price maker and BAs as the price takers in the LEM are presented. At the upper level, the MG aims to maximize its profit by optimizing the customized prices and its energy schedules. At the lower level, a detailed physical model of the building with adjustable heating, ventilation, and air conditioning (HVAC) systems is developed while considering the building's thermal dynamics. The objective of each BA in each community is to minimize its operating cost while ensuring the users’ thermal comfort according to MG's prices. The Stackelberg game is used to model the interactions between the MG (leader) as the price maker and multiple heterogeneous BAs (followers) as the price takers in the LEM. Then, the proposed optimization model is converted into a mixed integer linear programming using the Karush-Kuhn-Tucker conditions and strong duality theorem. Numerical results show that the hierarchical method benefits both the MG and heterogeneous BAs with customized pricing schemes. The HVAC of the building with good thermal insulation performance can make more adjustments to indoor temperature to reduce its operating costs. Moreover, it has a more significant impact on MG's electricity prices.",Xiaolong Jin; Hongjie Jia; Yunfei Mu; Zhuoyang Li; Wei Wei; Xiaodan Yu; Xiandong Xu; Hanchen Wang,"Key Laboratory of Smart Grid of Ministry of Education, Key Laboratory of Smart Energy & Information Technology of Tianjin Municipality, Tianjin University, Tianjin, China; Key Laboratory of Smart Grid of Ministry of Education, Key Laboratory of Smart Energy & Information Technology of Tianjin Municipality, Tianjin University, Tianjin, China; Key Laboratory of Smart Grid of Ministry of Education, Key Laboratory of Smart Energy & Information Technology of Tianjin Municipality, Tianjin University, Tianjin, China; State Grid Beijing Haidian Electric Power Supply Company, Beijing, China; Key Laboratory of Smart Grid of Ministry of Education, Key Laboratory of Smart Energy & Information Technology of Tianjin Municipality, Tianjin University, Tianjin, China; Key Laboratory of Smart Grid of Ministry of Education, Key Laboratory of Smart Energy & Information Technology of Tianjin Municipality, Tianjin University, Tianjin, China; Key Laboratory of Smart Grid of Ministry of Education, Key Laboratory of Smart Energy & Information Technology of Tianjin Municipality, Tianjin University, Tianjin, China; Key Laboratory of Smart Grid of Ministry of Education, Key Laboratory of Smart Energy & Information Technology of Tianjin Municipality, Tianjin University, Tianjin, China","IEEE Transactions on Energy Markets, Policy and Regulation",2023,1,4,360,372,2771-9626,,https://doi.org/10.1109/TEMPR.2023.3251325,https://ieeexplore.ieee.org/stamp/stamp.jsp?tp=&arnumber=10057983,Heterogeneous building aggregations; hierarchical optimization; insulation properties; local energy markets; microgrid; Stackelberg game; thermal dynamics,HVAC; Pricing; Insulation; Distribution networks; Game theory; Insulation; Microgrids,,23,,,LOCKED,,Dec. 2023,,IEEE,Journals,,,0,
10.1109/TEMPR.2022.3230953,Modeling and Analysis of Utilizing Cryptocurrency Mining for Demand Flexibility in Electric Energy Systems: A Synthetic Texas Grid Case Study,"The electricity sector is facing the dual challenge of supporting increasing level of demand electrification while substantially reducing its carbon footprint. Among electricity demands, the energy consumption of cryptocurrency mining data centers has witnessed significant growth worldwide. If well-coordinated, these data centers could be tailor-designed to aggressively absorb the increasing uncertainties of energy supply and, in turn, provide valuable grid-level services in the electricity market. In this paper, we study the impact of integrating new cryptocurrency mining loads into Texas power grid and the potential profit of utilizing demand flexibility from cryptocurrency mining facilities in the electricity market. We investigate different demand response programs available for data centers and quantify the annual profit of cryptocurrency mining units participating in these programs. We perform our simulations using a synthetic 2000 bus ERCOT grid model, along with added cryptocurrency mining loads on top of the real-world demand profiles in Texas. Our preliminary results show that depending on the size and location of these new loads, we observe different impacts on the ERCOT electricity market, where they could increase the electricity prices and incur more fluctuations in a highly non-uniform manner.",Ali Menati; Kiyeob Lee; Le Xie,"Department of Electrical and Computer Engineering, Texas A&M University, College Station, TX, USA; Department of Electrical and Computer Engineering, Texas A&M University, College Station, TX, USA; Department of Electrical and Computer Engineering, Texas A&M University, College Station, TX, USA","IEEE Transactions on Energy Markets, Policy and Regulation",2023,1,1,1,10,2771-9626,,https://doi.org/10.1109/TEMPR.2022.3230953,https://ieeexplore.ieee.org/stamp/stamp.jsp?tp=&arnumber=9999040,Cryptocurrency mining; demand flexibility; demand response; electricity market,Demand response; Electricity supply industry; Data mining; Data centers; Bitcoin; Load modeling; Regulation,,22,,,LOCKED,,Mar-23,,IEEE,Journals,,,0,
10.1109/TEMPR.2023.3241232,Distributionally Robust Trading Strategies for Renewable Energy Producers,"Renewable energy generation is offered through electricity markets, quite some time in advance. This then leads to a problem of decision-making under uncertainty, which may be seen as a newsvendor problem. Contrarily to the conventional case for which underage and overage penalties are known, such penalties in the case of electricity markets are unknown, and difficult to estimate. In addition, one is actually only penalized for either overage or underage, not both. Consequently, we look at a slightly different form of a newsvendor problem, for a price-taker participant offering in electricity markets, which we refer to as Bernoulli newsvendor problem. After showing that its solution is consistent with that for the classical newsvendor problem, we then introduce distributionally robust versions, with ambiguity possibly about both the probabilistic forecasts for power generation and the chance of success of the Bernoulli variable. Both versions of the distributionally robust Bernoulli newsvendor problem admit closed-form solutions. We finally use simulation studies, as well as a real-world case-study application, to illustrate the workings and benefits from the approach.",Pierre Pinson,"Dyson School of Design Engineering, Imperial College London, London, U.K.","IEEE Transactions on Energy Markets, Policy and Regulation",2023,1,1,37,47,2771-9626,,https://doi.org/10.1109/TEMPR.2023.3241232,https://ieeexplore.ieee.org/stamp/stamp.jsp?tp=&arnumber=10032566,Electricity markets; offering strategies; probabilistic forecasting; renewable energy generation; stochastic optimization,Renewable energy sources; Electricity supply industry; Probabilistic logic; Regulation; Random variables; Uncertainty; Production,,19,,,LOCKED,,Mar-23,,IEEE,Journals,,,0,
10.1109/TEMPR.2023.3322531,Financial Risk and Resource Adequacy in Markets With High Renewable Penetration,"This article considers the evolution of electricity market design as systems shift toward carbon-free technologies. Growth in wind and solar generation is likely to lead to increased price volatility on diurnal and seasonal timescales. In the standard risk-neutral optimization framework, volatility does not pose any theoretical issues for market design. Because revenue volatility has the potential to lead to a higher cost of capital for investments in competitive markets, however, many observers have questioned the viability of competitive models for resource adequacy as wind and solar grow in importance. To assess the role of risk management in overall market performance, we construct a stochastic equilibrium model incorporating financial entities as hedge providers for investors in generation capacity. Unlike in the standard optimization framework, the cost of capital in the equilibrium framework is endogenously determined by interannual revenue volatility and the risk measures used by market participants. Surprisingly, exploratory numerical tests suggest that overall investment risk may be lower in systems dominated by variable renewables due to reduced exposure to fuel price uncertainty. However, changes in investment risk are not uniform across resource types, and increased risk for peaking and backup resources contributes to lower reliability in the modeled future systems.",Jacob Mays; Jesse D. Jenkins,"School of Civil and Environmental Engineering, Cornell University, Ithaca, NY, USA; Department of Mechanical and Aerospace Engineering and Andlinger Center for Energy and Environment, Princeton University, Princeton, NJ, USA","IEEE Transactions on Energy Markets, Policy and Regulation",2023,1,4,523,535,2771-9626,,https://doi.org/10.1109/TEMPR.2023.3322531,https://ieeexplore.ieee.org/stamp/stamp.jsp?tp=&arnumber=10273857,Equilibrium; market design; power systems; resource adequacy; risk trading,Investment; Reliability; Regulation; Numerical models; Renewable energy sources; Risk analysis; Power systems,,18,,,LOCKED,,Dec. 2023,,IEEE,Journals,,,0,
10.1109/TEMPR.2023.3282443,A Bi-Level Decision Framework for Incentive-Based Demand Response in Distribution Systems,"In a growing retail electricity market, demand response (DR) is becoming an integral part of the system to enhance economic and operational performances. This is rendered as incentive-based DR (IBDR) in the proposed study. It presents a bi-level decision framework under the ambit of multiple demand response providers (DRPs) in the retail competition. It is formulated as a multi-leader-multi-follower game, where multiple DRPs, as the DR stakeholders, are strategically interacting to optimize load serving entity cost at the upper level, and individual DRP as the aggregated customers is optimizing its cost at the lower level. The strategic behavior of DRPs is modeled in a game-theoretic framework using a generalized Stackelberg game. Further, the existence and uniqueness of the game are validated using variational inequalities. It is presented as a nonlinear problem to consider AC network constraints. An equilibrium problem with equilibrium constraints is used as a mathematical program to model the multi-leader-multi-follower, bi-level problem, which is simultaneously solved for all DRPs. The diagonalization method is employed to solve the problem. The detailed numerical analyses are conducted on IEEE 33-bus test and Indian-108 bus distribution systems to demonstrate the applicability and scalability of the proposed model and the suggested method.",Vipin Chandra Pandey; Nikhil Gupta; Khaleequr Rehman Niazi; Anil Swarnkar; Tanuj Rawat; Charalambos Konstantinou,"Electrical Engineering Department, Malaviya National Institute of Technology (MNIT), Jaipur, India; Electrical Engineering Department, Malaviya National Institute of Technology (MNIT), Jaipur, India; Electrical Engineering Department, Malaviya National Institute of Technology (MNIT), Jaipur, India; Electrical Engineering Department, Malaviya National Institute of Technology (MNIT), Jaipur, India; Newcastle University, Newcastle Upon Tyne, U.K.; Computer, Electrical and Mathematical Sciences and Engineering (CEMSE) Division, King Abdullah University of Science and Technology (KAUST), Thuwal, Saudi Arabia","IEEE Transactions on Energy Markets, Policy and Regulation",2023,1,3,211,225,2771-9626,,https://doi.org/10.1109/TEMPR.2023.3282443,https://ieeexplore.ieee.org/stamp/stamp.jsp?tp=&arnumber=10143291,Bi-level problem; demand response; equilibrium problem with equilibrium constraints; generalized Stackelberg game,Games; Stakeholders; Costs; Load modeling; Electricity supply industry; Demand response; Load flow,,17,,,LOCKED,,Sept. 2023,,IEEE,Journals,,,0,
10.1109/TEMPR.2023.3293711,Optimal Retail Tariff Design With Prosumers: Pursuing Equity at the Expenses of Economic Efficiencies?,"Distributed renewable resources owned by prosumers can be an effective way to strengthen the resilience of the grid and enhance sustainability. However, prosumers serve their own interests, and their objectives are unlikely to align with that of society. This article develops a bilevel model to study the optimal design of retail electricity tariffs considering the balance between economic efficiency and energy equity. The retail tariff entails a fixed charge and a volumetric charge tied to electricity usage to recover utilities' fixed costs. We analyze solution properties of the bilevel problem and prove an optimal rate design, which is to use fixed charge to recover fixed costs and to balance energy equity among different income groups. That is, the first-best policy is to leave the wholesale power market intact; any recovery based on a volumetric principle is likely to be inefficient. This suggests that programs similar to CARE (California Alternative Rate of Energy), which offer lower retail rates to low-income households, are unlikely to be efficient, even if they are politically appealing.",Yihsu Chen; Andrew L. Liu; Makoto Tanaka; Ryuta Takashima,"Technology Management, University of California Santa Cruz, Santa Cruz, CA, USA; School of Industrial Engineering, Purdue University, West Lafayette, IN, USA; National Graduate Institute for Policy Studies, Tokyo, Japan; Tokyo University of Science, Chiba, Japan","IEEE Transactions on Energy Markets, Policy and Regulation",2023,1,3,198,210,2771-9626,,https://doi.org/10.1109/TEMPR.2023.3293711,https://ieeexplore.ieee.org/stamp/stamp.jsp?tp=&arnumber=10177234,Energy expenditure incidence; fixed cost recovery; retail and wholesale market; net-billing; net-metering; mathematical program with equilibrium constraints; prosumers,Costs; Tariffs; Power markets; Numerical models; ISO; Electricity supply industry; Renewable energy sources,,15,,,LOCKED,,Sept. 2023,,IEEE,Journals,,,0,
10.1109/TEMPR.2023.3274227,"Generator Interconnection, Network Expansion, and Energy Transition","Inefficient coordination between decentralized generation investment and centralized transmission planning is a significant barrier to achieving rapid decarbonization in liberalized electricity markets. While the optimal configuration of the transmission grid depends on the relative social costs of competing technologies, existing processes have not led to transmission expansion consistent with declines in the cost of wind and solar combined with increased estimates of the social costs of traditional thermal resources. This paper describes the negative feedback loop preventing efficient interconnection of new resources in U.S. markets, its connection to conceptual flaws in current resource adequacy constructs, and the ways in which it protects incumbent generators. To help resolve these issues, the paper recommends a shift to a “connect and manage” approach and outlines a straw proposal for a new financial right connected with transmission service. From a generator perspective, the effect of the proposed reforms is to trade highly uncertain network upgrade and congestion costs for a fixed interconnection fee. From a transmission planning perspective, the goal is to improve the quality of information about new generation included in forward-looking planning processes. Simulation on a stylized two-node system demonstrates the potential of the approach to facilitate a transition to clean technologies.",Jacob Mays,"School of Civil and Environmental Engineering, Cornell University, Ithaca, NY, USA","IEEE Transactions on Energy Markets, Policy and Regulation",2023,1,4,410,419,2771-9626,,https://doi.org/10.1109/TEMPR.2023.3274227,https://ieeexplore.ieee.org/stamp/stamp.jsp?tp=&arnumber=10121623,Electricity markets; energy transition; generator interconnection; transmission planning,Generators; Resource management; Investment; Power system economics; Power system interconnection; Power system planning,,14,,,LOCKED,,Dec. 2023,,IEEE,Journals,,,0,
10.1109/TEMPR.2023.3244337,Market Power Mitigation in Transmission Expansion Planning Problems,"The exercise of market power through network constraints in electricity markets can lead to high energy prices far from competitive prices. Traditional transmission expansion planning problem formulations do not consider strategic behavior of market agents. Therefore, they cannot capture the potential exercise of market power. In this paper, a predictor-corrector iterative algorithm is proposed to deal with market power mitigation in market-oriented transmission expansion planning problems. The predictor step consists of the solution of an equilibrium market model based on the conjectured supply function. The corrector step is a conventional transmission expansion planning posed as a mixed integer linear programming problem, where the feasible region is dynamically updated taking into account the results from the predictor step. Lerner index and other indices are used to quantify the potential market power. The algorithm finds the minimum cost expansion plan that avoids the exercise of market power through network congestion. The cost of this expansion plan is only slightly greater than the cost of a conventional expansion plan. The approach is illustrated using the 6-Bus Garver and the IEEE-24 RTS test systems.",José A. Aguado; Sebastian Martin; Carlos A. Pérez-Molina; William D. Rosehart,"Department of Electrical Engineering, University of Malaga, Malaga, Spain; Department of Electrical Engineering, University of Malaga, Malaga, Spain; Department of Electrical Engineering, University of Malaga, Malaga, Spain; Department of Electrical and Computer Engineering, University of Calgary, Alberta, Canada","IEEE Transactions on Energy Markets, Policy and Regulation",2023,1,2,73,84,2771-9626,,https://doi.org/10.1109/TEMPR.2023.3244337,https://ieeexplore.ieee.org/stamp/stamp.jsp?tp=&arnumber=10042480,Market equilibrium models; market power indices; predictor-corrector iterative scheme; transmission expansion planning,Costs; Generators; Indexes; Planning; Regulation; Prediction algorithms; Behavioral sciences,,11,,,LOCKED,,Jun-23,,IEEE,Journals,,,0,
10.1109/TEMPR.2023.3296734,Region-to-Region Energy Sharing for Prosumer Clusters in Distribution Network: A Multi-Leaders and Multi-Followers Stackelberg Game,"With the extensive integration of the distributed energy resources, the energy scheduling among multiple sharing entities has been complicated by prosumer-based-regions and their interaction with regional prosumers. This article proposes an energy sharing scheme considering the region-to-region (R2R) energy sharing process and demand response (DR) simultaneously, which is formulated as a multi-leaders and multi-regions Stackelberg game. Regions are formulated by prosumer clusters with same geographical locations, where the regional energy-sharing providers serve as the leaders conducting the R2R energy sharing, while prosumers within the region are the followers implementing the DR. A R2R energy sharing model among regions is formulated where a novel dynamical pricing scheme is designed based on the unbalanced energy in R2R energy sharing process. Besides, a fair and stable allocation mechanism is introduced according to prosumers’ contribution for the R2R energy sharing, which is nested into prosumers’ DR model with dynamical regional prices. The multi-leaders and multi-followers Stackelberg equilibrium can be obtained through a distributed iterative algorithm, which implements between the regions and prosumers. Finally, the practical case study shows the effectiveness of improving local energy consumption and the regions’ economic interests.",Yubing Chen; Nian Liu; Liudong Chen; Xinghuo Yu,"State Key Laboratory of Alternate Electrical Power System with Renewable Energy Sources, North China Electric Power University, Beijing, China; State Key Laboratory of Alternate Electrical Power System with Renewable Energy Sources, North China Electric Power University, Beijing, China; Earth and Environmental Engineering, Columbia University, New York, NY, USA; School of Engineering, RMIT University, Melbourne, VIC, Australia","IEEE Transactions on Energy Markets, Policy and Regulation",2023,1,4,398,409,2771-9626,,https://doi.org/10.1109/TEMPR.2023.3296734,https://ieeexplore.ieee.org/stamp/stamp.jsp?tp=&arnumber=10187671,Region-to-region; multi-leaders and multi-followers Stackelberg game; price mechanism; prosumers; demand response,Games; Resource management; Regulation; Demand response; Propagation losses; Pricing; Distributed power generation,,10,,,LOCKED,,Dec. 2023,,IEEE,Journals,,,0,
10.1109/TEMPR.2023.3263193,Customized Pricing Strategy for Households Based on Occupancy-Aided Load Disaggregation,"Pricing strategies can be utilized to manage energy demand-supply imbalance and power distribution network congestion. With the application of smart meter technologies, the real-time consumption behavior of individual households can be studied to enhance the effectiveness of the formulated pricing strategy. Hence, in this paper, a customized pricing strategy based on non-intrusive load monitoring (NILM) techniques is proposed from the perspective of the energy retailer, aiming to incentivize households to change their load consumption patterns. First, the real-time occupancy state of each household is detected to identify the ability of the household to respond to the retail price. Second, the occupancy-aided factorial hidden Markov model (FHMM) is developed to facilitate the retailer to incorporate the real-time consumption behavior of households into pricing strategy formulation. Third, the real-time price elasticity of the consumption of each appliance within each household is mathematically modeled based on the real-time hidden state of each appliance. Numerical results indicate that the proposed pricing strategy is effective in managing the load consumption of households and assisting the retailer in increasing profitability.",Shuying Lai; Jing Qiu; Yuechuan Tao; Junhua Zhao,"School of Electrical and Information Engineering, The University of Sydney, Sydney, NSW, Australia; School of Electrical and Information Engineering, The University of Sydney, Sydney, NSW, Australia; School of Electrical and Information Engineering, The University of Sydney, Sydney, NSW, Australia; School of Science and Engineering, The Chinese University of Hong Kong, Shenzhen, Shenzhen, China","IEEE Transactions on Energy Markets, Policy and Regulation",2023,1,2,118,130,2771-9626,,https://doi.org/10.1109/TEMPR.2023.3263193,https://ieeexplore.ieee.org/stamp/stamp.jsp?tp=&arnumber=10089164,Customized pricing strategy; occupancy detection; non-intrusive load monitoring; factorial hidden Markov model; price elasticity,Pricing; Home appliances; Real-time systems; Hidden Markov models; Load monitoring; Load modeling; Behavioral sciences,,9,,,LOCKED,,Jun-23,,IEEE,Journals,,,0,
10.1109/TEMPR.2023.3243765,A General Stochastic Optimization Framework for Convergence Bidding,"Convergence (virtual) bidding is an important part of two-settlement electric power markets as it can effectively reduce discrepancies between the day-ahead and real-time markets. Consequently, there is extensive research into the bidding strategies of virtual participants aiming to obtain optimal bids to submit to the day-ahead market. In this paper, we introduce a price-based general stochastic optimization framework to obtain optimal convergence bid curves. Within this framework, we develop a computationally tractable linear programming-based optimization model, which produces bid prices and volumes simultaneously. We also show that different approximations and simplifications in the general model lead naturally to state-of-the-art convergence bidding approaches, such as self-scheduling and opportunistic approaches. Our general framework also provides a straightforward way to compare the performance of these models, which is demonstrated by numerical experiments on the California (CAISO) market.",Letif Mones; Sean Lovett,"Invenia Labs, Cambridge, U.K.; Invenia Labs, Cambridge, U.K.","IEEE Transactions on Energy Markets, Policy and Regulation",2023,1,1,60,72,2771-9626,,https://doi.org/10.1109/TEMPR.2023.3243765,https://ieeexplore.ieee.org/stamp/stamp.jsp?tp=&arnumber=10041754,Convergence bidding; electricity market; portfolio optimization; stochastic optimization; virtual bidding,Optimization; Convergence; Stochastic processes; Supply and demand; Computational modeling; Real-time systems; Training,,9,,,LOCKED,,Mar-23,,IEEE,Journals,,,0,
10.1109/TEMPR.2023.3259028,A New Notion of Reserve for Power Systems With High Penetration of Storage and Flexible Demand,"Modern power systems face important demand uncertainties due to increasing penetration of behind-the-meter renewable generation. System operators need to account for such uncertainties when solving the unit commitment and economic dispatch problem. The research literature has proposed advanced methods for decision making under uncertainty but, in practice, actual system operators put more trust in the tried-and-true approach of dealing with future uncertainty by committing reserves. In this paper, the unit commitment and economic dispatch problem is formulated for a system with high penetration of storage and the inadequacy of methods based on the traditional notion of reserves is exposed. Namely, in contrast to a generator, a storage unit can provide reserve capacity in a number of timeslots but it cannot provide an analogous reserve activation in all of those timeslots due to the battery's energy being depleted. After discussing two plausible but inadequate approaches, a new, generalized notion of reserves is proposed, which addresses these issues while not abandoning the practical, reserve-based approach for the operator's problem, thus making the best of both worlds. The proposed scheme enables storage units to provide reserves, without putting the system at risk of energy scarcity, which is shown to result in substantial cost savings.",Georgios Tsaousoglou,"Department of Applied Mathematics and Computer Science, Technical University of Denmark, Lyngby, Denmark","IEEE Transactions on Energy Markets, Policy and Regulation",2023,1,2,131,144,2771-9626,,https://doi.org/10.1109/TEMPR.2023.3259028,https://ieeexplore.ieee.org/stamp/stamp.jsp?tp=&arnumber=10079928,Economic dispatch; unit commitment; chance constraints; reserves,Generators; Uncertainty; Real-time systems; Power systems; Standards; Regulation; Random variables,,9,,,LOCKED,,Jun-23,,IEEE,Journals,,,0,
10.1109/TEMPR.2023.3324798,Cost-Effective Community Battery Sizing and Operation Within a Local Market Framework,"Extreme peak power demand is a major factor behind high electricity prices, despite occurring only for a few hours annually. This peak demand drives the need for costly upgrades for the network asset, which is ultimately passed on to the end-users through higher electricity network tariffs. To alleviate this issue, we propose a solution for cost-effective peak demand reduction in a local neighbourhood using prosumer-centric flexibility and community battery storage (CBS). Accordingly, we present a CBS sizing framework for peak demand reduction considering receding horizon operation and a bilevel program in which a profit-making entity (leader) operates the CBS and dynamically sets mark-up prices. Through the dynamic mark-up and real-time wholesale market prices, the CBS operator can harness the demand-side flexibility provided by the load-shifting behaviour of the local prosumers (followers). To this end, we develop a realistic price-responsive model that adjusts prosumers' behaviour with respect to fluctuations of dynamic prices while considering prosumers' discomfort caused by load shifting. The simulation results based on real-world data show that adopting the proposed framework and the price-responsive model not only increases the CBS owner's profit but also reduces peak demand and prosumers' electricity bills by 38% and 24%, respectively.",Nam Trong Dinh; Sahand Karimi-Arpanahi; S. Ali Pourmousavi; Mingyu Guo; Jon Anders Reichert Liisberg,"School of Electrical and Mechanical Engineering, The University of Adelaide, Adelaide, SA, Australia; School of Electrical and Mechanical Engineering, The University of Adelaide, Adelaide, SA, Australia; School of Electrical and Mechanical Engineering, The University of Adelaide, Adelaide, SA, Australia; School of Computer and Mathematical Sciences, The University of Adelaide, Adelaide, SA, Australia; Watts A/S, Køge, Denmark","IEEE Transactions on Energy Markets, Policy and Regulation",2023,1,4,536,548,2771-9626,,https://doi.org/10.1109/TEMPR.2023.3324798,https://ieeexplore.ieee.org/stamp/stamp.jsp?tp=&arnumber=10286047,Battery sizing; bilevel optimisation; community battery; peak demand; price-responsive model,Tariffs; Costs; Optimization; Fluctuations; Australia; Battery energy storage system,,8,,,LOCKED,,Dec. 2023,,IEEE,Journals,,,0,
10.1109/TEMPR.2023.3301830,An Insurance Paradigm for Improving Power System Resilience via Distributed Investment,"Extreme events, exacerbated by climate change, pose significant risks to the energy system and its consumers. However there are natural limits to the degree of protection that can be delivered from a centralised market architecture. Distributed energy resources provide resilience to the energy system, but their value remains inadequately recognized by regulatory frameworks. We propose an insurance framework to align residual outage risk exposure with locational incentives for distributed investment. We demonstrate that leveraging this framework in large-scale electricity systems could improve consumer welfare outcomes in the face of growing risks from extreme events via investment in distributed energy.",Farhad Billimoria; Filiberto Fele; Iacopo Savelli; Thomas Morstyn; Malcolm McCulloch,"Energy & Power Group, Department of Engineering Science, University of Oxford, Oxford, U.K.; Department of Systems Engineering and Automation, University of Seville, Sevilla, Spain; Centre for Research on Geography, Resources, Environment, Energy & Networks, Bocconi University, Milano, Italy; School of Engineering, University of Edinburgh, Edinburgh, U.K.; Energy & Power Group, Department of Engineering Science, University of Oxford, Oxford, U.K.","IEEE Transactions on Energy Markets, Policy and Regulation",2023,1,4,499,511,2771-9626,,https://doi.org/10.1109/TEMPR.2023.3301830,https://ieeexplore.ieee.org/stamp/stamp.jsp?tp=&arnumber=10209236,Capacity market; distributed energy resources; energy dispatch; insurance; resilience,Resilience; Climate change; Insurance; Distributed power generation; Market research; Energy consumption; Energy management; Power system planning,,8,,,LOCKED,,Dec. 2023,,IEEE,Journals,,,0,
10.1109/TEMPR.2023.3318149,Market Power Mitigation in Two-Stage Electricity Markets With Supply Function and Quantity Bidding,"Two-stage settlement electricity markets, which include day-ahead and real-time markets, often observe undesirable price manipulation due to the price difference across stages, inadequate competition, and unforeseen circumstances. To mitigate this, some Independent System Operators (ISOs) have proposed system-level market power mitigation (MPM) policies in addition to existing local policies. These system-level policies aim to substitute noncompetitive bids with a default bid based on estimated generator costs. However, without accounting for the conflicting interest of participants, they may lead to unintended consequences when implemented. In this article, we model the competition between generators (bidding supply functions) and loads (bidding quantity) in a two-stage market with a stage-wise MPM policy. An equilibrium analysis shows that a real-time MPM policy leads to equilibrium loss, meaning no stable market outcome (Nash equilibrium) exists. A day-ahead MPM policy leads to Stackelberg-Nash game, with loads acting as leaders and generators as followers. Despite estimation errors, the competitive equilibrium is efficient, while the Nash equilibrium is comparatively robust to price manipulations. Moreover, analysis of inelastic loads shows their tendency to shift allocation and manipulate prices in the market. Numerical studies illustrate the impact of cost estimation errors, heterogeneity in generation cost, and load size on market equilibrium.",Rajni Kant Bansal; Yue Chen; Pengcheng You; Enrique Mallada,"Johns Hopkins University, Baltimore, MD, USA; Chinese University of Hong Kong, Hong Kong, SAR, China; Peking University, Beijing, China; Johns Hopkins University, Baltimore, MD, USA","IEEE Transactions on Energy Markets, Policy and Regulation",2023,1,4,512,522,2771-9626,,https://doi.org/10.1109/TEMPR.2023.3318149,https://ieeexplore.ieee.org/stamp/stamp.jsp?tp=&arnumber=10258359,Electricity market; equilibrium analysis; Stackelberg game; supply function bidding; two-stage settlement,Generators; Real-time systems; Games; Nash equilibrium; Resource management; Regulation; Power markets,,8,,,LOCKED,,Dec. 2023,,IEEE,Journals,,,0,
10.1109/TEMPR.2023.3242664,Endogenous Risk Management of Prosumers by Distributionally Robust Chance-Constrained Optimization,"Distributed renewable energy sources owned by prosumers have been considered an effective way to fortify grid resilience, and enhance sustainability. However, prosumers serve their own interests, which are affected by their risk preferences. Moreover, their objectives are unlikely to align with those of the society. In contrast to the conventional assumption of constant and exogenous risk preference, we propose an alternative modeling framework in which prosumers endogenously determine their risk attitudes through optimization in the power sector with a day-ahead market and real-time imbalance settlement. The decisions made by prosumers and other participants in the wholesale power market are expressed as a Stackelberg leader-follower game, resulting in a mathematical program with equilibrium constraints. The problem is formulated in a distributionally robust chance-constrained framework to account for renewable generation uncertainty. We show that the effect of uncertainty can be mitigated in the market if prosumers are allowed to optimally determine their risk attitudes. We also examine the case of price-taking prosumers, in which consistent implications are obtained. Therefore, our work highlights the fact that endogenizing risk preferences can be a useful tool for managing risk in the power market.",Sepehr Ramyar; Makoto Tanaka; Andrew L. Liu; Yihsu Chen,"Department of Electrical and Computer Engineering, University of California Santa Cruz, Santa Cruz, CA, USA; National Graduate Institute for Policy Studies (GRIPS), Tokyo, Japan; School of Industrial Engineering at Purdue University, West Lafayette, IN, USA; Department of Electrical and Computer Engineering, and Environmental Studies, University of California Santa Cruz, Santa Cruz, CA, USA","IEEE Transactions on Energy Markets, Policy and Regulation",2023,1,1,48,59,2771-9626,,https://doi.org/10.1109/TEMPR.2023.3242664,https://ieeexplore.ieee.org/stamp/stamp.jsp?tp=&arnumber=10038580,Distributionally robust chance constraint; mathematical program with equilibrium constraints; power market; prosumer; risk,Optimization; Renewable energy sources; Stochastic processes; Uncertainty; Regulation; Power markets; Risk management,,8,,,LOCKED,,Mar-23,,IEEE,Journals,,,0,
10.1109/TEMPR.2023.3292425,A Bilevel Model to Study Inc-Dec Games at the TSO-DSO Interface,"Distribution System Operators (DSOs) in Europe increasingly employ flexibility markets to manage overloaded grid lines or transformers. One of the main concerns is that grid users will use these flexibility markets to deliberately create and solve congestion, also known as inc-dec gaming. However, the relevance of this game has not yet been explored for distribution grids. We propose a bilevel model with a three-stage electricity market to examine the inc-dec game in flexibility markets at distribution level and redispatch markets at transmission level. We show that the proposed model can be formulated as a Mathematical Program with Equilibrium Constraints (MPEC) and converted into a Mixed-Integer Linear Program (MILP). We demonstrate the model using a stylized example of renewable energy curtailment due to limited capacity at the transmission and distribution network interface, which is a typical congestion situation in Europe. In our test case, the results show that strategic agents can game flexibility markets. We also find examples of the price-setter game and the inc-dec games using redispatch markets. We compare the characteristics of these games with the existing literature to help regulators and system operators to detect them in practice.",Ellen Beckstedde; Leonardo Meeus; Erik Delarue,"Mechanical Engineering Department, KU Leuven, Leuven, Belgium; Electrical Engineering Department of KU Leuven, Leuven, Belgium; Mechanical Engineering Department, KU Leuven, Leuven, Belgium","IEEE Transactions on Energy Markets, Policy and Regulation",2023,1,4,430,440,2771-9626,,https://doi.org/10.1109/TEMPR.2023.3292425,https://ieeexplore.ieee.org/stamp/stamp.jsp?tp=&arnumber=10173548,Bilevel model; congestion management; flexibility market; inc-dec game; market power; three-stage game,Games; Electricity supply industry; Transformers; Regulation; Mathematical models; Europe; Distribution networks; Power markets,,7,,,LOCKED,,Dec. 2023,,IEEE,Journals,,,0,
10.1109/TEMPR.2023.3304555,Market Mechanisms for Low-Carbon Electricity Investments: A Game-Theoretical Analysis,"Electricity markets are transforming from the dominance of conventional energy resources (CERs), e.g., fossil fuels, to low-carbon energy resources (LERs), e.g., renewables and energy storage. This work examines market mechanisms to incentivize LER investments, while ensuring adequate market revenues for investors, guiding investors' strategic investments towards social optimum, and protecting consumers from scarcity prices. To reduce the impact of excessive scarcity prices, we present a new market mechanism, which consists of a Penalty payment for lost load, a supply Incentive, and an energy price Uplift (PIU). We establish a game-theoretical framework to analyze market equilibrium. We prove that one Nash equilibrium under the penalty payment and supply incentive can reach the social optimum given quadratic supply costs of CERs. Although the price uplift can ensure adequate revenues, the resulting system cost deviates from the social optimum while the gap decreases as more CERs retire. Furthermore, under the traditional marginal-cost pricing (MCP) mechanism, investors may withhold investments to cause scarcity prices, but such behavior is absent under the PIU mechanism. Simulation results show that the PIU mechanism can reduce consumers' costs by over 30% compared with the MCP mechanism by reducing excessive revenues of low-cost CERs from scarcity prices.",Dongwei Zhao; Sarah Coyle; Apurba Sakti; Audun Botterud,"MIT Energy Initiative and the Laboratory for Information and Decision Systems, Massachusetts Institute of Technology, Cambridge, MA, USA; Department of System Design and Management, Massachusetts Institute of Technology, Cambridge, MA, USA; MIT Energy Initiative, Massachusetts Institute of Technology, Cambridge, MA, USA; Laboratory for Information and Decision Systems, Massachusetts Institute of Technology, Cambridge, MA, USA","IEEE Transactions on Energy Markets, Policy and Regulation",2023,1,4,441,454,2771-9626,,https://doi.org/10.1109/TEMPR.2023.3304555,https://ieeexplore.ieee.org/stamp/stamp.jsp?tp=&arnumber=10214631,Energy storage; game theory; market competition; mechanism design; Nash equilibrium; renewable energy,Pricing; Renewable energy sources; Nash equilibrium; Regulation; Energy storage; Game theory; Renewable energy sources,,6,,,LOCKED,,Dec. 2023,,IEEE,Journals,,,0,
10.1109/TEMPR.2023.3291329,Analyzing Real-Time Market Oscillation of Demand Response Resource Aggregation—A MISO Case,"In observing the rapid growth of distributed energy resources (DERs), regional transmission organizations (RTOs) have been investigating the upcoming challenges and potential methods to support their deeper market integration. This article studies the Midcontinent Independent System Operator's (MISO) distribution factor-based commercial pricing node (Cpnode)-elemental pricing node (Epnode) network model, analyzing its suitability and potential issues in supporting the market integration of DERs across multiple locations as aggregated demand response resources (DRRs). Specifically, this article modifies the MISO's existing DRR models to aggregate component resources on different Epnodes via distribution factors as dispatchable DRRs at Cpnodes. These aggregated dispatchable DRRs will directly participate in the MISO's real-time (RT) energy market and follow the MISO's dispatch instructions at Cpnodes through the Epnode-level component resource redispatch. However, distribution factor inaccuracy could cause oscillations in locational marginal prices (LMPs) and dispatches of DRRs in the RT energy market. To this end, influential factors contributing to the occurrence of oscillations are discussed, and five distribution factor updating strategies are studied. Moreover, a correction term is proposed to resolve the timing misalignment issue in transmission constraints. Numerical simulations via the MISO's RT Security-Constrained Economic Dispatch (RT-SCED) tool and actual MISO production cases are conducted to evaluate these strategies and influential factors.",Yikui Liu; Yonghong Chen; Robert Merring; Bing Huang; Lei Wu,"ECE Department, Stevens Institute of Technology, Hoboken, NJ, USA; Midcontinent Independent System Operator, Inc., Carmel, IN, USA; Midcontinent Independent System Operator, Inc., Carmel, IN, USA; Midcontinent Independent System Operator, Inc., Carmel, IN, USA; ECE Department, Stevens Institute of Technology, Hoboken, NJ, USA","IEEE Transactions on Energy Markets, Policy and Regulation",2023,1,4,455,467,2771-9626,,https://doi.org/10.1109/TEMPR.2023.3291329,https://ieeexplore.ieee.org/stamp/stamp.jsp?tp=&arnumber=10171458,Distribution factor; distributed energy resources; demand response resources; energy market; LMP oscillation,Pricing; State estimation; Demand response; Regulation; Power markets; Distributed power generation; Real-time systems,,6,,,LOCKED,,Dec. 2023,,IEEE,Journals,,,1,Midcontinent Independent System Operator (MISO)
10.1109/TEMPR.2023.3277751,Amalgamating TSO and DSO Energy Markets Through Minimal Data Exchange-Based Framework,"Integration of distributed energy resources (DERs) in the distribution system (DS) raises the need to have a trading platform for their energy products. The evolution of distribution system operators (DSOs) facilitates the participation of DERs in the energy market at DS level. To utilize the potential of DERs in DS at the transmission level, an iterative coordinated market operations (CMO) scheme for a day-ahead energy market is proposed in this paper. In the proposed scheme, coordination between the transmission system operator and DSOs is established with limited exchange of information to realize an efficient and economical market framework. The communication procedure and time interval for data exchange during various intermediate operations, and convergence criteria of the proposed iterative scheme are defined. The main goal is to accommodate CMO into the existing market clearing mechanism with minimal changes. Case studies on four test systems demonstrate the viability of proposed scheme and the improvement in overall economics in comparison to the conventional method of market clearing as practiced or proposed in literature.",Megha Gupta; Abhijit R. Abhyankar,"Electrical Engineering, Indian Institute of Technology Delhi, New Delhi, India; Electrical Engineering, Indian Institute of Technology Delhi, New Delhi, India","IEEE Transactions on Energy Markets, Policy and Regulation",2023,1,3,173,186,2771-9626,,https://doi.org/10.1109/TEMPR.2023.3277751,https://ieeexplore.ieee.org/stamp/stamp.jsp?tp=&arnumber=10129079,Coordinated market operation; distributed energy resources; locational marginal price; social welfare; system operator; transmission-distribution system,Load modeling; Reactive power; Load flow; Economics; Distributed power generation; Schedules; Regulation,,5,,,LOCKED,,Sept. 2023,,IEEE,Journals,,,0,
10.1109/TEMPR.2023.3289582,Optimal Grid Layouts for Hybrid Offshore Assets in the North Sea Under Different Market Designs,"This work examines the generation and transmission expansion planning problem of offshore grids under different market clearing mechanisms: a home market design, a zonally cleared offshore bidding zone and a nodally cleared offshore bidding zone. It aims at answering two questions. Is knowing the market structure a priori necessary for effective generation and transmission expansion planning? And which market mechanism results in the highest overall social welfare? To this end, a multi-period, stochastic generation and transmission expansion planning formulation is developed for both nodal and zonal market designs. The approach considers the costs and benefits among stake-holders of hybrid offshore assets as well as gross consumer surplus. The methodology is demonstrated on a North Sea test grid based on projects from the European network of transmission system operators' ten-year network development plan. An upper bound on potential social welfare in zonal market designs is calculated and it is concluded that from a generation and transmission perspective, knowing the market structure a priori is not strictly necessary but planning under the assumption of a nodal offshore bidding zone is recommended as it results in the highest overall social welfare and best risk adjusted return.",Stephen Hardy; Andreas Themelis; Kaoru Yamamoto; Hakan Ergun; Dirk Van Hertem,"KU Leuven/EnergyVille, Leuven/Genk, Belgium; Kyushu University, Fukuoka, Japan; Kyushu University, Fukuoka, Japan; KU Leuven/EnergyVille, Leuven/Genk, Belgium; KU Leuven/EnergyVille, Leuven/Genk, Belgium","IEEE Transactions on Energy Markets, Policy and Regulation",2023,1,4,468,479,2771-9626,,https://doi.org/10.1109/TEMPR.2023.3289582,https://ieeexplore.ieee.org/stamp/stamp.jsp?tp=&arnumber=10163888,Expansion planning; grid topology; meshed HVDC grids; mixed-integer optimization; offshore wind energy; power generation; power transmission,Costs; Optimization; Regulation; Wind energy; Power generation; Offshore installations; Power transmission,,5,,,LOCKED,,Dec. 2023,,IEEE,Journals,,,0,
10.1109/TEMPR.2023.3262127,A Comparative Study of Capacity Market Demand Curve Designs Considering Risk-Averse Market Participants,"While capacity remuneration mechanisms are emerging around the globe, a variety of capacity demand curves is being used. Poorly tuned capacity demand curves can, however, lead to expensive over- or underprocurement of capacity. This work provides a methodology to directly compare different capacity demand curve design methodologies, accurately reflecting the net cost of new entry in the definition of the demand curves. To this end, a long-run equilibrium with energy-only and capacity markets with risk-averse market participants is considered. We find that sloped capacity demand curves, setting the net cost of new entry at the reliability target, and inelastic capacity demands, that are set to the reliability target, perform ideally assuming perfect foresight. Considering erroneous assumptions on the value-of-lost-load and risk-aversion, the results obtained using these sloped capacity demand curves are more sensitive to uncertainties than those using inelastic capacity targets. In contrast, conservatively tuned marginal reliability impact-based curves perform suboptimal assuming perfect foresight, but are less sensitive to erroneous parameterization.",Steffen Kaminski; Kenneth Bruninx; Erik Delarue,"Department of Mechanical Engineering, KU Leuven, Leuven, Belgium; Department of Engineering Systems and Services in the Faculty of Technology, Policy and Management, TU Delft, Delft, Netherlands; Department of Mechanical Engineering, KU Leuven, Leuven, Belgium","IEEE Transactions on Energy Markets, Policy and Regulation",2023,1,4,286,296,2771-9626,,https://doi.org/10.1109/TEMPR.2023.3262127,https://ieeexplore.ieee.org/stamp/stamp.jsp?tp=&arnumber=10081409,Capacity markets; capacity demand curve; net cost of new entry; risk aversion,Costs; Reliability; Customer relationship management; Remuneration; Power system reliability; Risk management; Iterative methods,,5,,,LOCKED,,Dec. 2023,,IEEE,Journals,,,0,
10.1109/TEMPR.2023.3315956,Rethinking the Price Formation Problem–Part 1: Participant Incentives Under Uncertainty,"Operators of organized wholesale electricity markets attempt to form prices in such a way that the private incentives of market participants are consistent with a socially optimal commitment and dispatch schedule. In the U.S. context, several competing price formation schemes have been proposed to address the non-convex production cost functions characteristic of most generation technologies. This paper considers how the design and analysis of price formation policies for non-convex markets are affected by the uncertainty inherent in electricity demand and supply. We argue that by excluding uncertainty, the analytical framework underlying existing policies mischaracterizes the incentives of market participants, leading to inefficient price formation and poor incentives for flexibility. We establish favorable theoretical properties of a new construct, ex ante convex hull pricing, and demonstrate the difference between this idealized benchmark and existing methods on a large-scale test system. Given increased operational uncertainty with a transition to wind and solar generation, distortions caused by poor incentives for flexibility are likely to grow without improved price formation in organized wholesale markets.",Brent Eldridge; Bernard Knueven; Jacob Mays,"Pacific Northwest National Laboratory, Richland, WA, USA; National Renewable Energy Laboratory, Golden, CO, USA; School of Civil and Environmental Engineering, Cornell University, Ithaca, NY, USA","IEEE Transactions on Energy Markets, Policy and Regulation",2023,1,4,480,489,2771-9626,,https://doi.org/10.1109/TEMPR.2023.3315956,https://ieeexplore.ieee.org/stamp/stamp.jsp?tp=&arnumber=10251970,Electricity market design; non-convexity; price formation; uncertainty; uplift,Pricing; Uncertainty; Real-time systems; Costs; Stochastic processes; Incentive schemes,,5,,,LOCKED,,Dec. 2023,,IEEE,Journals,,,0,
10.1109/TEMPR.2023.3299514,Multicommodity Nash-Cournot Market Model With Strategic Storage Operator,"This article develops a Nash-Cournot model of multicommodity electricity market, co-optimizing energy and ancillary services, including a strategically behaving storage operator participating in both markets. The model is formulated as a centralized optimization problem and applied to the Ukraine day-ahead market. The impact of battery storage on the prices of energy and ancillary services products under various storage capacities and strategic storage operations is evaluated. It is shown that battery storage could significantly increase competition within the ancillary services market (primarily frequency containment reserves) and reduce prices. Storage with an installed capacity of 1000 MW could cut original frequency containment reserve prices by a third and provide part of its capacity to other ancillary services products.",Adam Suski; Debabrata Chattopadhyay,"Power System Planning Group, ESMAP, The World Bank, Washington, DC, USA; Power System Planning Group, ESMAP, The World Bank, Washington, DC, USA","IEEE Transactions on Energy Markets, Policy and Regulation",2023,1,3,145,160,2771-9626,,https://doi.org/10.1109/TEMPR.2023.3299514,https://ieeexplore.ieee.org/stamp/stamp.jsp?tp=&arnumber=10196040,Electricity market; nash-cournot model; storage; game-theory; Ukraine; ancillary services,Generators; Batteries; Electricity supply industry; Regulation; Optimization; Games; Synchronization,,4,,,LOCKED,,Sept. 2023,,IEEE,Journals,,,0,
10.1109/TEMPR.2023.3303911,Adjustable Price-Sensitive DER Bidding Within Network Envelopes,"The increasing penetration of distributed energy resources (DER) has highlighted the role of aggregators as mediators who enable the participation of DER fleet in energy and reserve markets. Since DER are scattered across the distribution network, the overall bids reaching the market need to account for distribution network physical limits. This is challenging as the grid operator and aggregators are independent parties with separate roles and privacy requirements. The uncertainty around demand, solar power, and electricity price further complicates aggregators' job in calculating reliable network-secure bids. To overcome these challenges, we propose a price-sensitive bidding approach within network operating envelopes that enables aggregators to provide reliable market services. To ensure that data uncertainty neither leads to network violations nor leaves aggregators unable to deliver their market commitments, we introduce a piecewise affinely adjustable optimisation (PAARO) controller into our bidding problem. We also extend the aggregator bidding problem to account for cases where the overall consumer uncertainty cancels out, providing a less conservative solution. We illustrate the effectiveness of our proposed approach using 69-bus/906-bus distribution networks. The results show that our approach could increase aggregator and hence consumer benefits by up to 14%, compared to a price-insensitive and deterministic approach.",Ahmad Attarha; Masoume Mahmoodi; S. Mahdi Noori R. A.; Paul Scott; José Iria; Sylvie Thiébaux,"College of Engineering and Computer Science, The Australian National University, Canberra, ACT, Australia; College of Engineering and Computer Science, The Australian National University, Canberra, ACT, Australia; College of Engineering and Computer Science, The Australian National University, Canberra, ACT, Australia; College of Engineering and Computer Science, The Australian National University, Canberra, ACT, Australia; College of Engineering and Computer Science, The Australian National University, Canberra, ACT, Australia; College of Engineering and Computer Science, The Australian National University, Canberra, ACT, Australia","IEEE Transactions on Energy Markets, Policy and Regulation",2023,1,4,248,258,2771-9626,,https://doi.org/10.1109/TEMPR.2023.3303911,https://ieeexplore.ieee.org/stamp/stamp.jsp?tp=&arnumber=10214397,Bidding strategy; electricity market; FCAS; NEM; OPF,Uncertainty; Costs; Optimization; Reliability; Power markets; Distributed power generation,,4,,,LOCKED,,Dec. 2023,,IEEE,Journals,,,0,
10.1109/TEMPR.2023.3315953,Rethinking the Price Formation Problem–Part 2: Rewarding Flexibility and Managing Price Risk,"Part 1 of this two-part article describes the impact that uncertainty has on the design and analysis of price formation policies in the non-convex auctions conducted by U.S. wholesale electricity market operators. Using first a toy model and then a large-scale test system, Part 2 demonstrates the difference in prices under the idealized benchmark of ex ante convex hull pricing defined in Part 1 versus existing methods, in particular documenting the potential for suppression of volatility and therefore under-compensation of flexibility by existing methods. The examples highlight that inefficient spot price formation can induce inefficient forward commitments of generators, necessitating out-of-market intervention to restore a reliable and efficient operating plan. Given the potential side effects of existing policies for investment and operation, we suggest two elements in a reoriented approach to the price formation problem: first ensuring that prices exhibit full-strength volatility, and second ensuring that risk-averse market participants have sufficient ability to manage this volatility.",Brent Eldridge; Bernard Knueven; Jacob Mays,"Pacific Northwest National Laboratory, Richland, WA, USA; National Renewable Energy Laboratory, Golden, CO, USA; School of Civil and Environmental Engineering, Cornell University, Ithaca, NY, USA","IEEE Transactions on Energy Markets, Policy and Regulation",2023,1,4,490,498,2771-9626,,https://doi.org/10.1109/TEMPR.2023.3315953,https://ieeexplore.ieee.org/stamp/stamp.jsp?tp=&arnumber=10251975,Electricity market design; price formation; risk trading; virtual bidding,Pricing; Uncertainty; Regulation; Random variables; Incentive schemes; Risk management,,4,,,LOCKED,,Dec. 2023,,IEEE,Journals,,,0,
10.1109/TEMPR.2023.3262581,Online Coalitional Games for Real-Time Payoff Distribution With Applications to Energy Markets,"Motivated by the markets operating on fast time scales, we present a framework for online coalitional games with time-varying coalitional values and propose real-time payoff distribution mechanisms. Specifically, we design two online distributed algorithms to track the Shapley value and the core, the two most widely studied payoff distribution criteria in coalitional game theory. We show that the payoff distribution trajectory resulting from our proposed algorithms converges to a neighborhood of the time-varying solutions. We adopt an operator-theoretic perspective to show the convergence of our algorithms. Numerical simulations of a real-time local electricity market and cooperative energy forecasting market illustrate the performance of our algorithms: the difference between online payoffs and static payoffs (Shapley and the core) to the participants is little; online algorithms considerably improve the scalability of the mechanism with respect to the number of market participants.",Aitazaz Ali Raja; Sergio Grammatico,"Delft Center for Systems and Control, Delft University of Technology, Delft, CD, The Netherlands; Delft Center for Systems and Control, Delft University of Technology, Delft, CD, The Netherlands","IEEE Transactions on Energy Markets, Policy and Regulation",2023,1,2,97,106,2771-9626,,https://doi.org/10.1109/TEMPR.2023.3262581,https://ieeexplore.ieee.org/stamp/stamp.jsp?tp=&arnumber=10083297,Distributed algorithms; energy informatics; transactive energy; optimization,Games; Real-time systems; Resource management; Cost accounting; Forecasting; Wind forecasting; Power system dynamics,,4,,,LOCKED,,Jun-23,,IEEE,Journals,,,0,
10.1109/TEMPR.2023.3276308,Assessing Techno-Economic and Environmental Impacts of Gas Compressor Fleet as a Source of Flexibility to the Power System,"In the Great Britain's high-pressure gas transmission network, there are 24 gas compressor stations with 68 operational compressor units of different types and sizes. As of 2021, the aggregate capacity of electric-driven gas compressors was 200 MW. By using linepack as a form of gas storage buffer, the compressors can be operated flexibly to achieve a minimum operational cost under fluctuating electricity prices. Furthermore, since electricity consumed by electric-driven compressors can affect the balance of the power grid, the ability of electric-driven compressor units to regulate their electricity consumption is useful to be quantified. In this article, the value of flexibility from the hybrid compressor stations (compressor stations in which both electric-driven and gas-driven compressor units exist) is analysed. The operation of the high-pressure gas network in Great Britain was formulated as a Mixed-Integer Second Order Cone Programming (MISOCP) problem. The modelling results show that employing the flexibility from hybrid compressor stations in the gas network can reduce more than 20% of the operational cost and 50% of emissions from the compressor fleet. Furthermore, a cost-benefit analysis was carried out to assess the investment viability of installing electric-driven compressor units. It is demonstrated that the economic feasibility of investing in electric-driven compressors is sensitive to the future carbon price.",Qikun Chen; Tong Zhang; Meysam Qadrdan,"Cardiff University, Cardiff, U.K.; Cardiff University, Cardiff, U.K.; Cardiff University, Cardiff, U.K.","IEEE Transactions on Energy Markets, Policy and Regulation",2023,1,4,274,285,2771-9626,,https://doi.org/10.1109/TEMPR.2023.3276308,https://ieeexplore.ieee.org/stamp/stamp.jsp?tp=&arnumber=10129087,Flexibility; GB gas network; MISOCP; hybrid compressor station; cost-benefit analysis,Pipelines; Energy consumption; Cost benefit analysis; Optimization; Compressors,,4,,,LOCKED,,Dec. 2023,,IEEE,Journals,,,0,
10.1109/TEMPR.2023.3268440,Modelling the Interdependence of Multiple Electricity Markets in the Distribution System Aggregator Bidding,"The volatility of market prices and the interdependence of multiple markets make it challenging for Distribution System Aggregators (DSAs) to model these prices. In this paper, a novel statistical model based on Gaussian process regression and mutual information screening technique is developed. This model is able to predict different market prices and quantify their uncertainty whilst incorporating the interdependence of different markets. The proposed model is employed to assist DSAs with market price modelling. Price scenarios for various markets generated by this model make it viable to formulate the optimal involvement of DSAs in multiple markets as a stochastic multi-step two-stage problem. Other than providing a set of scenarios that efficaciously model multiple electricity market prices, after the clearing of each market, the proposed model leverages market clearing results to improve the accuracy of price prediction of subsequent markets. Extensive simulation results on large price datasets demonstrate that the proposed methodology will result in a considerable increase in the profit of the DSA compared to state-of-the-art price prediction approaches.",Mohammad Afkousi-Paqaleh; Mohammad Jafarian; Andrew Keane,"School of Electrical and Electronic Engineering, University College Dublin, Dublin, Ireland; EirGrid Groupe, Dublin, Ireland; School of Electrical and Electronic Engineering, University College Dublin, Dublin, Ireland","IEEE Transactions on Energy Markets, Policy and Regulation",2023,1,4,386,397,2771-9626,,https://doi.org/10.1109/TEMPR.2023.3268440,https://ieeexplore.ieee.org/stamp/stamp.jsp?tp=&arnumber=10105510,Bidding strategy; distribution system aggregator; electricity markets; Gaussian process regression; uncertainty modelling,Uncertainty; Predictive models; Electricity supply industry; Load modeling; Power markets; Gaussian processes; Pricing,,4,,,CCBY - IEEE is not the copyright holder of this material. Please follow the instructions via https://creativecommons.org/licenses/by/4.0/ to obtain full-text articles and stipulations in the API documentation.,,Dec. 2023,,IEEE,Journals,,,1,EirGrid
10.1109/TEMPR.2023.3319159,On the Primal UC Formulation Dependence of Convex Hull Pricing,"Convex hull pricing provides a potential solution for reducing out-of-market payments in wholesale electricity markets. This article revisits the theoretical construct of convex hull pricing and explores its dependence on the primal formulation of a Unit Commitment (UC) problem. Namely, primal UC formulation practices for speeding up the solution of the scheduling problem, if transferred to the pricing problem, may affect the convex hull prices. A conceptual exposition of the issue is provided along with discussion on two types of such practices commonly observed in electricity markets. Sufficient conditions under which convex hull prices will be preserved by a different UC formulation are also explored. These findings contribute to a better understanding of convex hull pricing and demonstrate the importance of continued theoretical research into the method.",Feng Zhao; Dane Schiro; Jinye Zhao; Tongxin Zheng; Eugene Litvinov,"ISO New England Inc., Holyoke, MA, USA; ISO New England Inc., Holyoke, MA, USA; ISO New England Inc., Holyoke, MA, USA; ISO New England Inc., Holyoke, MA, USA; ISO New England Inc., Holyoke, MA, USA","IEEE Transactions on Energy Markets, Policy and Regulation",2023,1,4,227,236,2771-9626,,https://doi.org/10.1109/TEMPR.2023.3319159,https://ieeexplore.ieee.org/stamp/stamp.jsp?tp=&arnumber=10266780,Convex hull price; electricity markets; formulation dependence; unit commitment; uplift payment,Pricing; Costs; Sufficient conditions; ISO; Electricity supply industry; Power markets; Computational efficiency,,3,,,LOCKED,,Dec. 2023,,IEEE,Journals,,,1,ISO New England (ISO-NE)
10.1109/TEMPR.2023.3279129,Dealing With Inefficiencies of Electricity Markets by Internalization of Negative Externalities of the Operational Restrictions of Generating Units,"Economic efficiency is the main goal of all markets, including the electricity market. Technical and pecuniary restrictions, known as externalities, caused by the technical limits of generation units are inherent in electricity markets and can significantly affect their economic efficiency. In this article, an efficient service-based method is proposed aimed at internalizing negative externalities in the electricity markets. The method employs services procured by energy storage systems and responsive demand to internalize the generation sector's technical externalities. For the optimal capacity and price of the proposed service, bi-level optimization and an innovative discriminatory pricing scheme are applied. In this way, the first-best optimal market solution can be reached by internalizing the negative externalities in the sub-optimal second-best solution due to the generators' operational constraints. Numerical case studies verify the effectiveness of the proposed scheme, where considering nearly 5% responsive demand and storage capacity around 5% of peak load, it is possible to achieve economic efficiency by reducing the total cost. In real power systems, this cost reduction can result in millions of dollars in annual operational cost savings.",Sarineh Hacopian Dolatabadi; Mohammad Amin Latify; Hamidreza Karshenas; Alimorad Sharifi; Nikos D. Hatziargyriou,"Department of Electrical and Computer Engineering, Isfahan University of Technology, Isfahan, Iran; Department of Electrical and Computer Engineering, Isfahan University of Technology, Isfahan, Iran; Department of Electrical and Computer Engineering, Isfahan University of Technology, Isfahan, Iran; Department of Economics, University of Isfahan, Isfahan, Iran; School of Electrical and Computer Engineering, National Technical University of Athens, Athens, Greece","IEEE Transactions on Energy Markets, Policy and Regulation",2023,1,4,420,429,2771-9626,,https://doi.org/10.1109/TEMPR.2023.3279129,https://ieeexplore.ieee.org/stamp/stamp.jsp?tp=&arnumber=10132001,Electricity markets; externalities; internalization; operational restrictions; pricing; service,Costs; Electricity supply industry; Pricing; Regulation; Power generation; Power markets; Power system economics,,3,,,LOCKED,,Dec. 2023,,IEEE,Journals,,,0,
10.1109/TEMPR.2023.3298794,Data-Driven Analysis and Modeling of Collective Generation Behaviors in an Electricity Market: A Perspective From Market Participants,"To interpret and characterize the collective behaviors of power plants from the perspective of market participants, this article proposes a data-driven method by utilizing the public data of power plants and electricity market to analyze the relationships among the outputs of different power plants. The proposed method includes three major stages. In stage 1, a soft dynamic time warping-based clustering method is proposed to group generators with similar operation behaviors. In stage 2, the clusters' behaviors are analyzed in detail using a data-driven method. This stage utilizes the public data of power plants and the electricity market to analyze the relationships among the outputs of different power plants using the autoregressive model and Cholesky decomposition. In stage 3, the analysis results obtained from stage 2 are used in power system analysis considering collective generation behaviors by adjusting the cost models of generators. Finally, a comprehensive case study is carried out on a modified IEEE 118-bus system and a modified ACTIVSg2000 system to verify the proposed modeling approach. The simulation results show that the proposed method is valid and effective in modeling the observed collective behaviors of generating units and can be easily expanded to a large-scale power system. The impacts of different collective behaviors on locational marginal prices and transmission congestions are also analyzed in the article.",Zhongyang Zhao; Caisheng Wang; Huaiwei Liao; Van-Hai Bui; Wencong Su,"Department of Electrical and Computer Engineering, Wayne State University, Detroit, MI, USA; Department of Electrical and Computer Engineering, Wayne State University, Detroit, MI, USA; Greenwich Commodities LLC, Troy, MI, USA; College of Engineering and Computer Science, University of Michigan-Dearborn, Dearborn, MI, USA; College of Engineering and Computer Science, University of Michigan-Dearborn, Dearborn, MI, USA","IEEE Transactions on Energy Markets, Policy and Regulation",2023,1,3,161,172,2771-9626,,https://doi.org/10.1109/TEMPR.2023.3298794,https://ieeexplore.ieee.org/stamp/stamp.jsp?tp=&arnumber=10193844,Cholesky decomposition; clustering; collective behavior; electricity market; generation analysis; market participant; optimization; pearson correlation; soft dynamic time warping,Behavioral sciences; Power generation; Generators; Power systems; Analytical models; Correlation; Costs,,3,,,LOCKED,,Sept. 2023,,IEEE,Journals,,,0,
10.1109/TEMPR.2023.3268460,Operating Strategy of LNG Terminal in Interdependent Electricity and Natural Gas Markets,"With the ever strengthening interdependence between electricity and natural gas (NG) systems, the outcomes of the two energy markets could be affected by market entities from both markets. The existing studies mainly discuss the strategic behaviors of market entities participating in directly the two energy markets, lacking the concentration on the market entities participating in one single market while they could still pose impacts on the other market via the interdependence between the two markets. This paper studies the operating strategy of liquified NG (LNG) terminal, by describing the problem as a NG market game and an electricity market game. The problem is then reformulated as a bi-level single-leader multi-follower mix-integer programming (MIP) model where the LNG terminal acts as the leader while the NG fired power plants (NGPPs) as the followers. The model could be converted to a single-level one with the value-function method, and the interaction between the leader and followers is addressed with the sample-based algorithm, combined with the diagonalization algorithm to find the equilibrium among followers. The case studies further demonstrate the feasibility and effectiveness of the proposed methodology and illustrate the outcomes of the interdependent electricity and NG markets with the strategic LNG terminal.",Wenqi Wu; Yunpeng Xiao; Xiuli Wang; Jianxue Wang; Xifan Wang,"School of Electrical Engineering, Xi'an Jiaotong University, Xi'an, China; School of Electrical Engineering, Xi'an Jiaotong University, Xi'an, China; School of Electrical Engineering, Xi'an Jiaotong University, Xi'an, China; School of Electrical Engineering, Xi'an Jiaotong University, Xi'an, China; School of Electrical Engineering, Xi'an Jiaotong University, Xi'an, China","IEEE Transactions on Energy Markets, Policy and Regulation",2023,1,4,259,273,2771-9626,,https://doi.org/10.1109/TEMPR.2023.3268460,https://ieeexplore.ieee.org/stamp/stamp.jsp?tp=&arnumber=10105498,Electricity market; LNG terminal; natural gas market; operating strategy; single-leader multi-follower problem,Liquefied natural gas; Power generation; Power transmission lines; Pipelines; Power markets; Natural gas; Games,,3,,,LOCKED,,Dec. 2023,,IEEE,Journals,,,0,
10.1109/TEMPR.2023.3277345,"Integrated, Multi-Stakeholder Analysis of Electricity System Structures: Methodology and a Case Study","Historically, investment in power system infrastructure has been modeled from the perspective of individual utilities or a central planner, with limited consideration of the diversity of individual consumers’, individual suppliers’, and societal objectives, incentives, and actions. However, the actual power system involves a variety of stakeholders with different, and sometimes conflicting, objectives. In this article, we introduce an integrated methodology for capturing the characteristics and behavior of these multi-stakeholder systems with diverse objectives as well as its implementation in the flexible and extensible Holistic Electricity Model (HEM). HEM was developed to simultaneously analyze the interacting decisions of different stakeholders, whose objectives, decision-making processes, and constraints are all configurable. This approach enables analysts, decision makers, and other stakeholders to directly compare electricity systems in different regulatory and policy environments on a consistent basis. We illustrate HEM's capabilities in a case study of distributed photovoltaics adoption in a stylized bulk power system comprised of natural gas and utility-scale photovoltaic generators. The simultaneous and cross-comparable illustration of multiple key dynamics between stakeholders and how they depend on regulatory and policy environment demonstrates the advantages of the integrated analysis approach embodied in HEM.",Nongchao Guo; Elaine Hale; Jessica Lau; Jenny Heeter; Mark O'Malley; Bryan Palmintier; Shanti Pless,"National Renewable Energy Laboratory, Golden, CO, USA; National Renewable Energy Laboratory, Golden, CO, USA; National Renewable Energy Laboratory, Golden, CO, USA; National Renewable Energy Laboratory, Golden, CO, USA; Imperial College London, London, U.K.; National Renewable Energy Laboratory, Golden, CO, USA; National Renewable Energy Laboratory, Golden, CO, USA","IEEE Transactions on Energy Markets, Policy and Regulation",2023,1,4,237,247,2771-9626,,https://doi.org/10.1109/TEMPR.2023.3277345,https://ieeexplore.ieee.org/stamp/stamp.jsp?tp=&arnumber=10128887,Multi-agent systems; regulatory structure; retail rate design; net energy metering; capacity expansion; distributed energy resources; technology adoption; nash equilibrium,Stakeholders; Investment; Tariffs; Renewable energy sources; Multi-agent systems; Nash equilibrium; Distributed power generation,,2,,,LOCKED,,Dec. 2023,,IEEE,Journals,,,0,
10.1109/TEMPR.2023.3277844,Data-Driven Sizing of Co-Located Storage for Uncertain Renewable Energy,"We propose a high-level stochastic steady-state model to analyze the value of co-located energy storage systems for wind power producers that participate in an electricity market through forward contracts and use storage to unlock access to capacity payments. In particular, we try to find optimal storage and contract sizing, as well as stationary operating policies for profit maximization in the long-run. We propose a stylized model calibrated to actual wind power production that allows us to obtain limiting distributions of battery storage levels, assess the value of storage size and perform a sensitivity analysis on key parameters such as contract prices, capacity payments and storage efficiency. We develop the case with contracts of constant price, outline how this model can be extended to a variable-price setting and discuss potential challenges in that avenue.",Tomas Valencia Zuluaga; Shmuel S. Oren,"Department of Industrial Engineering and Operations Research, University of California Berkeley, Berkeley, CA, USA; Department of Industrial Engineering and Operations Research, University of California Berkeley, Berkeley, CA, USA","IEEE Transactions on Energy Markets, Policy and Regulation",2023,1,4,348,359,2771-9626,,https://doi.org/10.1109/TEMPR.2023.3277844,https://ieeexplore.ieee.org/stamp/stamp.jsp?tp=&arnumber=10129826,Battery storage plants; contracts; optimization methods; stochastic processes; wind power generation,Wind power generation; Forward contracts; Analytical models; Stochastic processes; Optimization; Battery energy storage system,,1,,,LOCKED,,Dec. 2023,,IEEE,Journals,,,0,
10.1109/TEMPR.2023.3304559,Principal-Agent Model for Bilateral Contract Design to Incentivize Residential Demand-Side Flexibility,"Demand response (DR) is a viable solution to increase the grid's operational efficiency. However, the effective participation of residential customers in DR programs is low, and the available potential of this sector has not been fully utilized. One important reason for this low engagement is the unavailability of amenable demand curtailment contracts that simultaneously include customer preferences and behavior and utilize enabling technologies to realize the full potential to manage usage. This paper addresses the critical need for increasing residential DR by designing economic contracts that maximize power utility's/load serving entity's (LSE) net benefit while considering individual customers' utility. Specifically, we propose a principal-agent model to develop optimal demand curtailment contracts between the LSE and customers based on their willingness-to-pay (WTP) for cooling degrees. Emphasis is on designing contracts that offer critical peak rebates (CPRs). These contracts allow the LSE a short-term load control of customers' facilities to reduce demand by remotely altering individual household thermostat settings of the Heating, Ventilation, and Air Conditioning (HVAC) systems. The efficiency of the proposed contracts is evaluated using several simulation case studies.",Mohammad Ostadijafari; Grishma Manandhar; Anamika Dubey; H. Alan Love; Olvar Bergland,"School of Electrical Engineering and Computer Science, Washington State University, Pullman, WA, USA; School of Economic Sciences, Washington State University, Pullman, WA, USA; School of Electrical Engineering and Computer Science, Washington State University, Pullman, WA, USA; School of Economic Sciences, Washington State University, Pullman, WA, USA; School of Economics and Business, Norwegian University of Life Sciences, Ås, Norway","IEEE Transactions on Energy Markets, Policy and Regulation",2023,1,4,310,321,2771-9626,,https://doi.org/10.1109/TEMPR.2023.3304559,https://ieeexplore.ieee.org/stamp/stamp.jsp?tp=&arnumber=10214617,Contract design; critical peak rebate (CPR); demand response,Contracts; HVAC; Thermostats; Smart meters; Pricing,,1,,,LOCKED,,Dec. 2023,,IEEE,Journals,,,0,
10.1109/TEMPR.2023.3281392,DG Locational Value in Distribution Systems Considering Reliability via Cooperative Game Theory,"This paper presents a new methodology for valuation and remuneration of distributed generation (DG) sources in distribution power systems. The main concept is the shaping of a tariff signal capable of capturing the effects of DG, accurately measuring the costs and benefits and allocating them according to the responsibility of each generating agent, in view of their site in the grid. This signaling is composed by the changes provoked by DG in four tariff properties: network usage, electrical losses, peak load, and reliability indices. The allocation of responsibilities among generators is performed using the Shapley value from the cooperative game theory. To illustrate the proposed methodology, the IEEE RBTS DG version and a Brazilian distribution network are used and the results obtained are widely discussed.",Paulo Victor de Souza Borges; Armando Martins Leite da Silva; Delberis A. Lima; Luiz C. Nascimento,"Department of Electrical Engineering, Federal Center for Technological Education Celso Suckow da Fonseca - CEFET-RJ, Nova Friburgo Campus, RJ, Brazil; Department of Electrical Engineering, Pontifical Catholic University of Rio de Janeiro – PUC-Rio, Rio de Janeiro, RJ, Brazil; Department of Electrical Engineering, Pontifical Catholic University of Rio de Janeiro – PUC-Rio, Rio de Janeiro, RJ, Brazil; Department of Electrical Engineering, Federal University of São João Del Rei – UFSJ, São João Del Rei, MG, Brazil","IEEE Transactions on Energy Markets, Policy and Regulation",2023,1,4,336,347,2771-9626,,https://doi.org/10.1109/TEMPR.2023.3281392,https://ieeexplore.ieee.org/stamp/stamp.jsp?tp=&arnumber=10144256,Distributed generation; distribution power systems; Shapley value; tariff signal,Tariffs; Distribution networks; Reliability; Load flow; Resource management; Distributed power generation; Game theory,,0,,,LOCKED,,Dec. 2023,,IEEE,Journals,,,0,
10.1109/TEMPR.2024.3411531,A Market-Clearing-Based Sensitivity Model for Locational Marginal and Average Carbon Emission,"This letter proposes a market-clearing-based locational marginal carbon emission (LMCE) metric to assess the marginal carbon emission effect of nodal load demand. Unlike the prevalent carbon emission flow (CEF) method that relies on a hypothetical power-flow tracking process, the proposed LMCE metric depends on a novel sensitivity analysis of market-clearing results, capable of revealing both energy-dependent and network-dependent impacts on emissions. Additionally, we introduce a locational average carbon emission (LACE) metric, derived from LMCE, to effectively measure the general emission effect. It offers insights into demand-side carbon emission effects, such as a negative LMCE and LACE indicating emission reduction even as load increases. It can also prevent excessive demand-side emission allocations. Overall, the proposed method provides a clear perspective for the ongoing decarbonization policies.",Zelong Lu; Lei Yan; Jianxue Wang; Chongqing Kang; Mohammad Shahidehpour; Zuyi Li,"School of Electrical Engineeng, Xi'an Jiaotong University, Xi'an, China; College of Electrical Engineering, Zhejiang University, Hangzhou, China; School of Electrical Engineeng, Xi'an Jiaotong University, Xi'an, China; State Key Lab of Power Systems, Department of Electrical Engineering, Tsinghua University, Beijing, China; Department of Electrical and Computer Engineering, Illinois Institute of Technology, Chicago, IL, USA; College of Electrical Engineering, Zhejiang University, Hangzhou, China","IEEE Transactions on Energy Markets, Policy and Regulation",2024,2,4,579,582,2771-9626,,https://doi.org/10.1109/TEMPR.2024.3411531,https://ieeexplore.ieee.org/stamp/stamp.jsp?tp=&arnumber=10568371,Locational marginal carbon emission; market-clearing-based sensitivity analysis; carbon emission flow,Carbon dioxide; Measurement; Sensitivity analysis; Linear programming; Electricity; Resource management; Carbon emissions; Market research; Power markets,,5,,,LOCKED,,Dec. 2024,,IEEE,Journals,,,0,
10.1109/TEMPR.2023.3319673,Integrating Distributed Flexibility Into TSO-DSO Coordinated Electricity Markets,"The future of electricity markets is envisioned to be heavily based on renewable generation and distributed flexibility. Yet, integrating existing distributed flexibility into market decisions poses a major challenge, given the diversity of consumers' modeling frameworks and controllers. Moreover, in such a system, the market's decisions need to be predictive, adaptive, as well as TSO-DSO coordinated. In this article, we present an iterative market procedure through which, in contrast to traditional electricity markets based on one-off bids, flexible participants can indirectly implement their model by repeatedly responding to tentative pricing signals. This, combined with a scheduling/forecasting grey-box agent introduced on the consumer side, allows for the seamless integration of existing flexible loads' control schemes into a holistic electricity market. The proposed market-operation policy inherently coordinates Transmission and Distribution System Operators' decisions in the presence of uncertain distributed flexibility and renewables' generation. The results demonstrate promising convergence properties and short execution times, which is encouraging towards the scheme's practical applicability.",Georgios Tsaousoglou; Rune Junker; Mohsen Banaei; Seyed Shahabaldin Tohidi; Henrik Madsen,"Department of Applied Mathematics, Computer Science, Technical University of Denmark, Lyngby, Denmark; Department of Applied Mathematics, Computer Science, Technical University of Denmark, Lyngby, Denmark; Department of Applied Mathematics, Computer Science, Technical University of Denmark, Lyngby, Denmark; Department of Applied Mathematics, Computer Science, Technical University of Denmark, Lyngby, Denmark; Department of Applied Mathematics, Computer Science, Technical University of Denmark, Lyngby, Denmark","IEEE Transactions on Energy Markets, Policy and Regulation",2024,2,2,214,225,2771-9626,,https://doi.org/10.1109/TEMPR.2023.3319673,https://ieeexplore.ieee.org/stamp/stamp.jsp?tp=&arnumber=10265108,Demand response; electricity markets; flexibility; forecasting; TSO-DSO coordination,Electricity supply industry; Predictive models; Load modeling; Distribution networks; Uncertainty; Renewable energy sources; Adaptation models; Demand response; Forecasting; Power distribution planning,,22,,,LOCKED,,Jun-24,,IEEE,Journals,,,0,
10.1109/TEMPR.2024.3355291,Cost Allocation for Inertia and Frequency Response Ancillary Services,"The reduction in system inertia is creating an important market for frequency-containment Ancillary Services (AS) such as enhanced frequency response (e.g., provided by battery storage), traditional primary frequency response and inertia itself. This market presents an important difference with the energy market: while the need for energy production is driven by the demand from consumers, frequency-containment AS are procured because of the need to deal with the largest generation/demand loss in the system (or smaller losses that could potentially compromise frequency stability). Thus, a question that arises is: who should pay for frequency-containment AS? In this work, we propose a cost-allocation methodology based on the nucleolus concept, in order to distribute the total payments for frequency-containment AS among all generators or loads that create the need for these services. It is shown that this method complies with necessary properties for the AS market, such as avoidance of cross-subsidies and maintaining players in this cooperative game. Finally, we demonstrate its practical applicability through a case study for the Great Britain power system, while comparing its performance with two alternative mechanisms, namely proportional and Shapley value cost allocation.",Carlos Matamala; Luis Badesa; Rodrigo Moreno; Goran Strbac,"Department of Electrical and Electronic Engineering, Imperial College London, London, U.K.; School of Industrial Engineering and Design (ETSIDI), Technical University of Madrid (UPM), Madrid, Spain; Electrical Engineering Department, University of Chile and Instituto Sistemas Complejos de Ingeniería (ISCI), Santiago, Chile; Department of Electrical and Electronic Engineering, Imperial College London, London, U.K.","IEEE Transactions on Energy Markets, Policy and Regulation",2024,2,3,328,338,2771-9626,,https://doi.org/10.1109/TEMPR.2024.3355291,https://ieeexplore.ieee.org/stamp/stamp.jsp?tp=&arnumber=10401947,Ancillary services; cost allocation; frequency stability; nucleolus; shapley value,Costs; Resource management; Generators; Regulation; Indexes; Frequency response; State of charge; Power markets; Stability analysis,,20,,,LOCKED,,Sept. 2024,,IEEE,Journals,,,0,
10.1109/TEMPR.2023.3324920,A Two-Timescale Operation Strategy for Battery Storage in Joint Frequency and Energy Markets,"The growing penetration of renewable energy in modern power systems requires energy storage to take on more responsibilities in multiple regulation services. Battery energy storage system (BESS) possesses fast response capability and is suitable to shave peak demand and provide frequency support. This article studies coordinated bidding strategies of BESS in frequency regulation and energy markets. Challenge arises from the fact that frequency control and energy arbitrage actions are taken in different timescales, and the capacity used in either market affects the available capacity and revenue in the other one. This article proposes a two-timescale decision framework, offering the hourly base-power bid in the energy market and capacity bid in the frequency regulation market, as well as real-time responses to the automatic generation control (AGC) signal every few seconds. In the fine timescale, we employ a threshold policy to generate AGC response accounting for battery lifespan. In the coarse timescale, we establish a stochastic dynamic programming model and optimize the bidding policy without exact forecasts of market prices. To solve the stochastic dynamic programming model online, a simulation-based policy improvement method is developed to approximate the state-action value function using a heuristic base policy. The performance improvement property brought by simulation is theoretically proven. We carry out comprehensive case studies to validate the effectiveness of the proposed method and analyze the economic impact of electricity prices and battery $E/P$ ratio. Empirical tests show that with an $E/P$ ratio of 3$\sim$5, the BESS gains a higher net revenue across the lifespan.",Qianli Ma; Wei Wei; Shengwei Mei,"State Key Laboratory of Power Systems, Department of Electrical Engineering, Tsinghua University, Beijing, China; State Key Laboratory of Power Systems, Department of Electrical Engineering, Tsinghua University, Beijing, China; State Key Laboratory of Power Systems, Department of Electrical Engineering, Tsinghua University, Beijing, China","IEEE Transactions on Energy Markets, Policy and Regulation",2024,2,2,200,213,2771-9626,,https://doi.org/10.1109/TEMPR.2023.3324920,https://ieeexplore.ieee.org/stamp/stamp.jsp?tp=&arnumber=10286401,Battery storage; energy arbitrage; frequency regulation; online dynamic programming; two-timescale control,Frequency control; Automatic generation control; Batteries; Regulation; Stochastic processes; Optimization; Renewable energy sources; Battery storage plants; Online services; Dynamic programming,,20,,,LOCKED,,Jun-24,,IEEE,Journals,,,0,
10.1109/TEMPR.2024.3372656,Temporal-Aware Deep Reinforcement Learning for Energy Storage Bidding in Energy and Contingency Reserve Markets,"The battery energy storage system (BESS) has immense potential for enhancing grid reliability and security through its participation in the electricity market. BESS often seeks various revenue streams by taking part in multiple markets to unlock its full potential, but effective algorithms for joint-market participation under price uncertainties are insufficiently explored in the existing research. To bridge this gap, we develop a novel BESS joint bidding strategy that utilizes deep reinforcement learning (DRL) to bid in the spot and contingency frequency control ancillary services (FCAS) markets. Our approach leverages a transformer-based temporal feature extractor to effectively respond to price fluctuations in seven markets simultaneously and helps DRL learn the best BESS bidding strategy in joint-market participation. Additionally, unlike conventional “black-box” DRL model, our approach is more interpretable and provides valuable insights into the temporal bidding behavior of BESS in the dynamic electricity market. We validate our method using realistic market prices from the Australian National Electricity Market. The results show that our strategy outperforms benchmarks, including both optimization-based and other DRL-based strategies, by substantial margins. Our findings further suggest that effective temporal-aware bidding can significantly increase profits in the spot and contingency FCAS markets compared to individual market participation.",Jinhao Li; Changlong Wang; Yanru Zhang; Hao Wang,"Department of Data Science and AI, Faculty of IT and Monash Energy Institute, Monash University, Melbourne, VIC, Australia; Department of Civil Engineering, Monash University, Melbourne, VIC, Australia; School of Computer Science and Engineering, University of Electronic Science and Technology of China, Chengdu, China; Department of Data Science and AI, Faculty of IT and Monash Energy Institute, Monash University, Melbourne, VIC, Australia","IEEE Transactions on Energy Markets, Policy and Regulation",2024,2,3,392,406,2771-9626,,https://doi.org/10.1109/TEMPR.2024.3372656,https://ieeexplore.ieee.org/stamp/stamp.jsp?tp=&arnumber=10458427,Battery energy storage system; deep reinforcement learning; energy arbitrage; frequency control ancillary services; transformer,Contingency management; Real-time systems; Generators; Uncertainty; Electricity supply industry; Regulation; Australia; Battery energy storage system; Deep reinforcement learning; Energy management,,18,,,LOCKED,,Sept. 2024,,IEEE,Journals,,,0,
10.1109/TEMPR.2023.3338568,California Test System (CATS): A Geographically Accurate Test System Based on the California Grid,"This paper presents the California Test System (CATS), a synthetic transmission grid in California that can be used by the public for power systems policy research without revealing any critical energy information. The proposed synthetic grid combines publicly available geographic data of California's electric infrastructure, such as the actual locations of transmission corridors, with invented topology and transmission line parameters that are “realistic but not real”. The result is a power grid test system that is suitable for power flow and policy analyses with geo-referenced applications, including studies related to weather, topography, and socio-economic considerations. The methods used to develop and evaluate the CATS grid are documented in detail in this report.",Sofia Taylor; Aditya Rangarajan; Noah Rhodes; Jonathan Snodgrass; Bernard C. Lesieutre; Line A. Roald,"Department of Electrical and Computer Engineering, University of Wisconsin, Madison, WI, USA; Department of Electrical and Computer Engineering, University of Wisconsin, Madison, WI, USA; Department of Electrical and Computer Engineering, University of Wisconsin, Madison, WI, USA; Department of Electrical Engineering, Texas A&M University, College Station, TX, USA; Department of Electrical and Computer Engineering, University of Wisconsin, Madison, WI, USA; Department of Electrical and Computer Engineering, University of Wisconsin, Madison, WI, USA","IEEE Transactions on Energy Markets, Policy and Regulation",2024,2,1,107,118,2771-9626,,https://doi.org/10.1109/TEMPR.2023.3338568,https://ieeexplore.ieee.org/stamp/stamp.jsp?tp=&arnumber=10337776,Geographic information systems; geographically accurate; optimal power flow; synthetic grid; test systems,Power transmission lines; Substations; Data models; Load modeling; Topology; Geographic information systems; Power system simulation; Power grids; Power system reliability; Power transmission; Socioeconomics,,17,,,LOCKED,,Mar-24,,IEEE,Journals,,,0,
10.1109/TEMPR.2024.3415123,A Preference-Informed Energy Sharing Framework for a Renewable Energy Community,"Local energy communities play a pivotal role in facilitating the transition towards a sustainable and environmentally-friendly energy infrastructure. This paper constructs a novel energy sharing mechanism for a centralized energy community. The proposal includes a product differentiation approach to facilitate green, local, and gray electricity distribution among the community members, ensuring a centralized preference-based sharing and promotion of sustainable practices, and an internal pricing scheme for the community market where members indirectly encounter grid and commodity costs. Initially, a compositional model is employed to measure the socio-economic preferences of members toward various energy products. Then, a product differentiation strategy is proposed based on the part-worth utilities of the preferred energy supply option. Afterward, a robust Stackelberg game is introduced between the community manager (CM) and the members to determine the community's internal electricity prices and energy exchanges. Simulation results, including the robust optimization approach and comparison with non-preference-based energy sharing optimization, demonstrate the efficacy of the proposed framework in terms of both benefits and energy sharing performance.",Jamal Faraji; François Vallée; Zacharie De Grève,"Power Systems & Market Research (PSMR) Group, Electrical Engineering Unit, University of Mons, Mons, Belgium; Power Systems & Market Research (PSMR) Group, Electrical Engineering Unit, University of Mons, Mons, Belgium; Power Systems & Market Research (PSMR) Group, Electrical Engineering Unit, University of Mons, Mons, Belgium","IEEE Transactions on Energy Markets, Policy and Regulation",2024,2,4,503,518,2771-9626,,https://doi.org/10.1109/TEMPR.2024.3415123,https://ieeexplore.ieee.org/stamp/stamp.jsp?tp=&arnumber=10559388,Energy community; energy sharing; socio-economic preferences; stackelberg competition,Costs; Upper bound; Regulation; Indexes; Optimization; Green products; Energy management; Socioeconomics; Social factors; Economics; Sustainable development; Renewable energy sources; Sharing economy; Community networks; Power distribution planning; Electricity supply industry,,11,,,LOCKED,,Dec. 2024,,IEEE,Journals,,,0,
10.1109/TEMPR.2024.3354162,Dynamic Net Metering for Energy Communities,"We propose a social welfare maximizing market mechanism for an energy community that aggregates individual and community-shared energy resources under a general net energy metering (NEM) policy. Referred to as Dynamic NEM (D-NEM), the proposed mechanism dynamically sets the community NEM prices based on aggregated community resources, including flexible consumption, storage, and renewable generation. D-NEM guarantees a higher benefit to each community member than possible outside the community, and no sub-communities would be better off departing from its parent community. D-NEM aligns each member's incentive with that of the community such that each member maximizing individual surplus under D-NEM results in maximum community social welfare. Empirical studies compare the proposed mechanism with existing benchmarks, demonstrating its welfare benefits, operational characteristics, and responsiveness to NEM rates.",Ahmed S. Alahmed; Lang Tong,"School of Electrical and Computer Engineering, Cornell University, Ithaca, NY, USA; School of Electrical and Computer Engineering, Cornell University, Ithaca, NY, USA","IEEE Transactions on Energy Markets, Policy and Regulation",2024,2,3,289,300,2771-9626,,https://doi.org/10.1109/TEMPR.2024.3354162,https://ieeexplore.ieee.org/stamp/stamp.jsp?tp=&arnumber=10399844,Bi-level optimization; distributed energy resources aggregation; energy community; energy storage sharing; net metering; pricing mechanism; transactive energy system,Nanoelectromechanical systems; Resource management; Pricing; Costs; Renewable energy sources; Aggregates; Distributed power generation; Energy management; Energy storage; Transactive energy,,11,,,LOCKED,,Sept. 2024,,IEEE,Journals,,,0,
10.1109/TEMPR.2024.3350510,Design of Multi-Settlement Electricity Markets Considering Demand Response and Battery Energy Storage Systems Participation,"This article presents a novel framework with new mathematical models that integrate Demand Response (DR) and Battery Energy Storage Systems (BESSs) simultaneously in a Locational Marginal Price (LMP)-based Multi-Settlement Market (MSM), i.e. a coordinated Day-Ahead Market (DAM) and Real-Time Market (RTM). A new set of generator ramping constraints, developed from the DAM settlement, and referred to as Day-Ahead Load-Following (DALF) Ramp, are included in the RTM auction model. The performance of the mathematical models are tested on the IEEE 24-bus Reliability Test System (RTS) by carrying out various case studies, scenarios, uncertainty and sensitivity analyses. Effect of DR and BESS characteristics such as level of participation, initial state-of-charge (SOC), discharge rate, etc. on market settlement is examined. The results demonstrate the merits of the proposed framework, and the impact of the DALF Ramp, DR and BESS inclusion in the MSM auction models on marginal prices, market settlement and system operation. It is noted that the system with DR and BESS in the MSM hedges real-time prices and effectively supports system operation during uncertain events such as line and generators outages, changes in demand or in generation from renewables.",Anshul Goyal; Kankar Bhattacharya,"Department of Electrical and Computer Engineering, University of Waterloo, Waterloo, ON, Canada; Department of Electrical and Computer Engineering, University of Waterloo, Waterloo, ON, Canada","IEEE Transactions on Energy Markets, Policy and Regulation",2024,2,2,226,239,2771-9626,,https://doi.org/10.1109/TEMPR.2024.3350510,https://ieeexplore.ieee.org/stamp/stamp.jsp?tp=&arnumber=10381872,Battery energy storage system (BESS); day-ahead market (DAM); demand response (DR); multi-settlement market (MSM); real-time market (RTM),Real-time systems; Load modeling; State of charge; Generators; Electricity supply industry; Schedules; Battery energy storage system; Power markets; Market research; Mathematical models; Demand response,,11,,,LOCKED,,Jun-24,,IEEE,Journals,,,0,
10.1109/TEMPR.2024.3378213,Real-Time Bidding Strategy of Energy Storage in an Energy Market With Carbon Emission Allocation Based on Aumann-Shapley Prices,"Energy storage (ES) can help decarbonize power systems by transferring green renewable energy across time. How to unlock the potential of ES in cutting carbon emissions by appropriate market incentives has become a crucial, albeit challenging, problem. This paper fills the research gap by proposing a novel electricity market with carbon emission allocation and investigating the real-time bidding strategy of ES in the proposed market. First, a carbon emission allocation mechanism based on Aumann-Shapley prices is developed and integrated into the electricity market clearing process to give combined electricity and emission prices. A parametric linear programming-based algorithm is proposed to calculate the carbon emission allocation more accurately and efficiently. Second, the real-time bidding strategy of ES in the proposed market is studied. To be specific, we derive the real-time optimal ES operation strategy as a function of the combined electricity and emission price using Lyapunov optimization. Based on this, the real-time bidding cost curve and bounds of ES in the proposed market can be deduced. Numerical experiments show the effectiveness and scalability of the proposed method. Its advantages over the existing methods are also demonstrated by comparisons.",Rui Xie; Yue Chen,"Department of Mechanical and Automation Engineering, The Chinese University of Hong Kong, Hong Kong; Department of Mechanical and Automation Engineering, The Chinese University of Hong Kong, Hong Kong","IEEE Transactions on Energy Markets, Policy and Regulation",2024,2,3,350,367,2771-9626,,https://doi.org/10.1109/TEMPR.2024.3378213,https://ieeexplore.ieee.org/stamp/stamp.jsp?tp=&arnumber=10474177,Carbon emission allocation; electricity-emission price; energy storage; Lyapunov optimization; real-time bidding,Carbon dioxide; Real-time systems; Resource management; Electricity supply industry; Costs; Electricity; Power generation; Carbon emissions; Pricing; Energy storage; Lyapunov methods; Real-time systems; Investment; Power system economics,,10,,,LOCKED,,Sept. 2024,,IEEE,Journals,,,0,
10.1109/TEMPR.2023.3293693,Forecasting Imbalance Price Densities With Statistical Methods and Neural Networks,"Despite the extensive research on electricity price forecasting, forecasting imbalance prices is a relatively new topic. Interest, however, is growing because of the greater uncertainties and costs involved in real-time balancing. Whilst there has been previous work on nonlinear statistical methods, this article reports on a comparative study involving these and various neural network architectures including N-BEATS, fully connected, attention-based, and recurrent neural networks. To ensure valid comparability, these different neural networks were tested on the same data from Britain used in the previous point and density forecasting research. While there are only marginal improvements in point forecasts, we find that neural networks produce significantly more accurate density forecasts. Since the risks involved with exposure to imbalance prices are becoming a serious consideration for market participants, accurate density forecasts are crucial for risk management.",Vighnesh Natarajan Ganesh; Derek Bunn,"London Business School, London, U.K.; Management Science and Operations, London Business School, London, U.K.","IEEE Transactions on Energy Markets, Policy and Regulation",2024,2,1,30,39,2771-9626,,https://doi.org/10.1109/TEMPR.2023.3293693,https://ieeexplore.ieee.org/stamp/stamp.jsp?tp=&arnumber=10177230,GRU; imbalance prices; LSTM; N-BEATS; neural networks; predictive densities; RNN; TFT,Forecasting; Predictive models; Statistical analysis; Bayes methods; Recurrent neural networks; Real-time systems; Long short term memory; Neural networks; Pricing; Market research; Power markets,,10,,,LOCKED,,Mar-24,,IEEE,Journals,,,0,
10.1109/TEMPR.2024.3377210,Securing Energy Equity With Multilayer Market Clearing,"Energy equity has been quickly gaining attention as policymakers seek to place “Clean Energy for ALL” at the center of the low-carbon energy transition. Power system researchers have started to build the groundwork for incorporating energy equity into grid modernization. However, existing research has mostly focused on energy equity from a policy perspective, such as concept clarifications and tariff designs for residential customers. Little effort has been devoted to discussing energy equity in wholesale markets and to reflecting energy equity in electricity price with technical models. To the best of our knowledge, this paper presents the first study attempting to understand and implement energy equity consideration within a physically constrained electricity market-clearing model. First, we identify and discuss several concerns regarding energy equity in the existing locational marginal pricing (LMP) model. Then, we propose a multilayer framework reflecting energy equity in LMPs. Finally, the proposed framework is elaborated via a modified PJM 5-bus system and demonstrated with the WECC 179-bus system.",Qiwei Zhang; Fangxing Li,"Min H. Kao Department of Electrical Engineering and Computer Science, The University of Tennessee, Knoxville, TN, USA; Min H. Kao Department of Electrical Engineering and Computer Science, The University of Tennessee, Knoxville, TN, USA","IEEE Transactions on Energy Markets, Policy and Regulation",2024,2,3,301,312,2771-9626,,https://doi.org/10.1109/TEMPR.2024.3377210,https://ieeexplore.ieee.org/stamp/stamp.jsp?tp=&arnumber=10472685,Economic dispatch; electricity market; energy equity; energy justice; locational marginal price (LMP),Electricity supply industry; Biological system modeling; Electricity; Costs; Power grids; Power system reliability; Nonhomogeneous media; Power system economics; Energy management; Pricing; Power markets; Energy efficiency,,10,,,LOCKED,,Sept. 2024,,IEEE,Journals,,,0,
10.1109/TEMPR.2023.3344126,Uncertainty-Informed Renewable Energy Scheduling: A Scalable Bilevel Framework,"This work proposes an uncertainty-informed bid adjustment framework for integrating variable renewable energy sources (VRES) into electricity markets. This framework adopts a bilevel model to compute the optimal VRES day-ahead bids. It aims to minimize the expected system cost across day-ahead and real-time stages and approximate the cost efficiency of the stochastic market design. However, solving the bilevel optimization problem is computationally challenging for large-scale systems. To overcome this challenge, we introduce a novel technique based on strong duality and McCormick envelopes, which relaxes the problem to a linear program, enabling large-scale applications. The proposed bilevel framework is applied to the 1576-bus NYISO system and benchmarked against a myopic strategy, where the VRES bid is the mean value of the probabilistic power forecast. Results demonstrate that, under high VRES penetration levels (e.g., 40%), our framework can significantly reduce system costs and market-price volatility, by optimizing VRES quantities efficiently in the day-ahead market. Furthermore, we find that when transmission capacity increases, the proposed bilevel model will still reduce the system cost, whereas the myopic strategy may incur a much higher cost due to over-scheduling of VRES in the day-ahead market and the lack of flexible conventional generators in real time.",Dongwei Zhao; Vladimir Dvorkin; Stefanos Delikaraoglou; Alberto J. Lamadrid L.; Audun Botterud,"Energy Initiative and Laboratory for Information and Decision Systems, Massachusetts Institute of Technology, Cambridge, MA, USA; Energy Initiative and Laboratory for Information and Decision Systems, Massachusetts Institute of Technology, Cambridge, MA, USA; Laboratory for Information and Decision Systems, Massachusetts Institute of Technology, Cambridge, MA, USA; Department of Economics and Department of Industrial and Systems Engineering, Lehigh University, Bethlehem, PA, USA; Laboratory for Information and Decision Systems, Massachusetts Institute of Technology, Cambridge, MA, USA","IEEE Transactions on Energy Markets, Policy and Regulation",2024,2,1,132,145,2771-9626,,https://doi.org/10.1109/TEMPR.2023.3344126,https://ieeexplore.ieee.org/stamp/stamp.jsp?tp=&arnumber=10365314,Bilevel optimization; electricity markets; McCormick envelope; renewable energy; scalability; uncertainty management; unit commitment,Costs; Optimization; Real-time systems; Electricity supply industry; Uncertainty; Renewable energy sources; Scalability,,10,,,LOCKED,,Mar-24,,IEEE,Journals,,,0,
10.1109/TEMPR.2024.3383369,Grid-Aware Tradeoff Analysis for Outage Mitigation Microgrids at Emerging Resilience Hubs,"Sustained power outages are growing in scale and number primarily due to i) the increasing number and intensity of disasters and ii) decarbonization- and electrification-related grid changes. Outage mitigation technologies (e.g., backup diesel generators, and solar panels) increasingly provide vital electricity access during disasters. However, their adoption is inequitable due to individual- or community-level barriers and historic underinvestment in certain communities. We postulate that community-based Resilience Hubs (RHs), which are being increasingly deployed to provide on-site services during disasters, can be expanded to address this inequity by supplying backup power to vulnerable communities through islanded operations. To that end, we present Grid-Aware Tradeoff Analysis (GATA) framework to identify the best backup power systems for expanded RHs. To include technical, economic, and social facets in the framework, we will use three-phase power flow (TPF) and multi-criteria decision analysis (MCDA). TPF will enforce the electrical feasibility of islanded RH operation, and MCDA will quantify the economic, environmental, and equity-weighted outage mitigation performance. As a use case for GATA, we will evaluate multiple representative RHs in Richmond, California, and highlight the non-dominated systems for the electrically feasible RHs. We show the value of GATA's detailed grid simulation, its ability to quantify tradeoffs across scenarios, and its possible extensions.",Arnav Gautam; Destenie Nock; Amritanshu Pandey,"Department of Engineering and Public Policy, Carnegie Mellon University, Pittsburgh, PA, USA; Department of Engineering and Public Policy, Carnegie Mellon University, Pittsburgh, PA, USA; Department of Electrical and Biomedical Engineering, University of Vermont, Burlington, VT, USA","IEEE Transactions on Energy Markets, Policy and Regulation",2024,2,2,186,199,2771-9626,,https://doi.org/10.1109/TEMPR.2024.3383369,https://ieeexplore.ieee.org/stamp/stamp.jsp?tp=&arnumber=10487789,Energy equity; MCDA; multi criteria decision analysis; outage mitigation; resilience hubs; three-phase power flow,Power systems; MCDM; Resilience; Power system reliability; Power system stability; Economics; Distribution networks; Energy management; Load flow; Power system economics,,8,,,LOCKED,,Jun-24,,IEEE,Journals,,,0,
10.1109/TEMPR.2024.3386127,A Stacking Framework for Online Locational Marginal Price Prediction Considering Concept Drift,"Concept drift means the statistical properties of the variable that a predictor is predicting change over time in unforeseen ways. Existing research solves concept drift in the locational marginal price (LMP) prediction process by updating predictors in online approaches. However, new data is indiscriminately utilized to update predictors in these methods. The new property changes can not be accurately captured when concept drift occurs. This paper proposes a stacking framework for online LMP prediction considering the concept drift phenomenon. Long short-term memory networks and graph attention networks are selected as the base predictors to capture the spatio-temporal dependencies in LMPs. When concept drift occurs, data with drift selected by the adaptive windowing algorithm is used to update the stacked predictor. Numerical results based on real data from Australian Energy Market Operator and Midcontinent Independent System Operator validate the effectiveness of the proposed framework. The comparative experiments prove that attempts to change or simplify the proposed framework can undermine prediction accuracy.",Hanning Mi; Qingxin Li; Ming Shi; Sijie Chen; Yutong Li; Yiyan Li; Zheng Yan,"Key Laboratory of Control of Power Transmission and Conversion, Ministry of Education, Shanghai Jiao Tong University, Shanghai, China; Shanghai Investigation Design and Research Institute, Shanghai, China; Shanghai Investigation Design and Research Institute, Shanghai, China; Key Laboratory of Control of Power Transmission and Conversion, Ministry of Education, Shanghai Jiao Tong University, Shanghai, China; College of Smart Energy, Shanghai Jiao Tong University, Shanghai, China; College of Smart Energy, Shanghai Jiao Tong University, Shanghai, China; Key Laboratory of Control of Power Transmission and Conversion, Ministry of Education, Shanghai Jiao Tong University, Shanghai, China","IEEE Transactions on Energy Markets, Policy and Regulation",2024,2,2,254,264,2771-9626,,https://doi.org/10.1109/TEMPR.2024.3386127,https://ieeexplore.ieee.org/stamp/stamp.jsp?tp=&arnumber=10494513,Concept drift; electricity market; ensemble learning; online training; price forecast; spatio-temporal dependency,Long short term memory; Feature extraction; Regulation; Prediction algorithms; Training; Stacking; Predictive models; Concept drift; Electricity supply industry; Ensemble learning; Pricing; Forecasting; Spatiotemporal phenomena,,7,,,LOCKED,,Jun-24,,IEEE,Journals,,,0,
10.1109/TEMPR.2023.3323944,Transmission Investment Coordination Using MILP Lagrange Dual Decomposition and Auxiliary Problem Principle,"This article considers the investment coordination problem for the long term transmission capacity expansion in a situation where there are multiple regional Transmission Planners (TPs), each acting in order to maximize the utility in only its own region. In such a setting, any particular TP does not normally have any incentive to cooperate with the neighboring TP(s), although the optimal investment decision of each TP is contingent upon those of the neighboring TPs. A game-theoretic interaction among the TPs does not necessarily lead to this overall social optimum. We, therefore, introduce a social planner and call it the Transmission Planning Coordinator (TPC) whose goal is to attain the optimal possible social welfare for the bigger geographical region. In order to achieve this goal, this article introduces a new incentive mechanism, based on distributed optimization theory. This incentive mechanism can be viewed as a set of rules of the transmission expansion investment coordination game, set by the social planner TPC, such that, even if the individual TPs act selfishly, it will still lead to the TPC's goal of attaining overall social optimum. Finally, the effectiveness of our approach is demonstrated through several simulation studies.",Sambuddha Chakrabarti; Hosna Khajeh; Thomas R Nudell; Mohammad Reza Hesamzadeh; Ross Baldick,"KTH Royal Institute of Technology, Stockholm, Sweden; School of Technology and Innovations, University of Vaasa, Vaasa, Finland; Piq Energy Corporation, Union City, CA, USA; KTH Royal Institute of Technology, Stockholm, Sweden; Department of Electrical & Computer Engineering, The University of Texas at Austin, Austin, TX, USA","IEEE Transactions on Energy Markets, Policy and Regulation",2024,2,1,52,62,2771-9626,,https://doi.org/10.1109/TEMPR.2023.3323944,https://ieeexplore.ieee.org/stamp/stamp.jsp?tp=&arnumber=10283917,Distributed optimization theory; incentive mechanism design; investment coordination,Investment; Optimization; Power transmission lines; Incentive schemes; Mixed integer linear programming; Power system planning; Distributed power generation,,7,,,LOCKED,,Mar-24,,IEEE,Journals,,,0,
10.1109/TEMPR.2023.3318197,Physics-Informed Machine Learning for Electricity Markets: A NYISO Case Study,"This article addresses the challenge of efficiently recovering exact solutions to the optimal power flow problem in real-time electricity markets. The proposed solution, named Physics-Informed Market-Aware Active Set learning OPF (PIMA-AS-OPF), leverages physical constraints and market properties to ensure physical and economic feasibility of market-clearing outcomes. Specifically, PIMA-AS-OPF employs the active set learning technique and expands its capabilities to account for curtailment in load or renewable power generation, which is a common challenge in real-world power systems. The core of PIMA-AS-OPF is a fully-connected neural network that takes the net load and the system topology as input. The outputs of this neural network include active constraints such as saturated generators and transmission lines, as well as non-zero load shedding and wind curtailments. These outputs allow for reducing the original market-clearing optimization to a system of linear equations, which can be solved efficiently and yield both the dispatch decisions and the locational marginal prices (LMPs). The dispatch decisions and LMPs are then tested for their feasibility with respect to the requirements for efficient market- clearing results. The accuracy and scalability of the proposed method is tested on a realistic 1814-bus NYISO system with current and future renewable energy penetration levels.",Robert Ferrando; Laurent Pagnier; Robert Mieth; Zhirui Liang; Yury Dvorkin; Daniel Bienstock; Michael Chertkov,"Program in Applied Mathematics and Department of Mathematics, University of Arizona, Tucson, AZ, USA; Program in Applied Mathematics and Department of Mathematics, University of Arizona, Tucson, AZ, USA; Department of Industrial and Systems Engineering at Rutgers University, Piscataway, NJ, USA; Department of Electrical and Computer Engineering, Johns Hopkins University, Baltimore, MD, USA; Department of Civil and Systems Engineering, Electrical and Computer Engineering and Ralph O'Connor Sustainable Energy Institute, Johns Hopkins University, Baltimore, MD, USA; IEOR, Columbia University, New York, NY, USA; Program in Applied Mathematics and Department of Mathematics, University of Arizona, Tucson, AZ, USA","IEEE Transactions on Energy Markets, Policy and Regulation",2024,2,1,40,51,2771-9626,,https://doi.org/10.1109/TEMPR.2023.3318197,https://ieeexplore.ieee.org/stamp/stamp.jsp?tp=&arnumber=10258431,Active set learning; locational marginal prices; optimal power flow; physics-informed machine learning,Optimization; Real-time systems; Machine learning; Power markets; Neural networks; Load flow; Pricing; Market research; Power system economics; Electricity supply industry,,7,,,LOCKED,,Mar-24,,IEEE,Journals,,,0,
10.1109/TEMPR.2024.3367546,Impact of Network Tariffs and Electricity Prices on the Investment Decisions for PV-Battery Systems,"This paper aims to assess the impact of a volumetric and a capacity-based network tariff, as well as the impact of a substantial electricity price increase on the decision of a household to invest in a PV-battery system. Therefore, a convex optimization model is implemented which returns the optimal sizing and operation from the households' perspective by minimizing the equivalent annual cost. Based on the analysis of the optimal PV-battery system for 200 households under four scenarios, this study found that the investment driver of a household changes from minimizing grid withdrawal to maximizing grid feed-in when the feed-in remuneration increases, as well as the maximization of the installed PV capacity. In addition, the price increase leads to a net profit as opposed to a reduced cost. The shift from a volumetric to a capacity-based tariff leads to a smaller gap between the consumers' and prosumers' contribution to the distribution grid costs, increasing fairness. However, the contributions could be insufficient to ensure adequate cost recovery, requiring possible adjustment of the tariff height by the DSO. Finally, policy makers need to be aware that a capacity-based tariff leads to a lower reduction of carbon emissions as opposed to a volumetric tariff.",Jolien Despeghel; Johan Driesen,"Department ESAT-ELECTA, KU Leuven, Leuven, Belgium; Department ESAT-ELECTA, KU Leuven, Leuven, Belgium","IEEE Transactions on Energy Markets, Policy and Regulation",2024,2,2,175,185,2771-9626,,https://doi.org/10.1109/TEMPR.2024.3367546,https://ieeexplore.ieee.org/stamp/stamp.jsp?tp=&arnumber=10440585,Distributed generation; electricity prices; energy storage; network tariffs; optimization,Tariffs; Costs; Electricity; Batteries; Investment; Optimization; Meteorology; Decentralized control; Pricing; Electricity supply industry; Capacity planning; Power distribution planning,,6,,,LOCKED,,Jun-24,,IEEE,Journals,,,0,
10.1109/TEMPR.2024.3360996,Towards Distributed Energy Markets: Accurate and Intuitive DLMP Decomposition,"Distributed energy markets (DEM) have emerged to efficiently integrate distributed energy resources (DER) in power systems, applying the principles from wholesale energy markets and generating distribution locational marginal prices (DLMPs). In this paper we introduce a novel DLMP decomposition that provides fundamental insights into the relationship between DLMPs and wholesale market prices, active and reactive power injections, thermal and voltage constraints, and losses. The DLMP decomposition is based on an exact second order cone optimal power flow (SOC-OPF) using an iterative algorithm to accurately and efficiently compute DLMP, including instances with negative prices, when generally SOC-OPF is not exact. The salient features of the proposed DLMP decomposition are demonstrated in different DEM applications using a 2-bus canonical example and a 34-bus medium voltage test network. By revealing the underlying drivers of electricity prices at distribution level, the proposed DLMP decomposition initiates crucial discussions on DEM, setting the foundations for further DEM developments.",Carmen Bas Domenech; James Naughton; Shariq Riaz; Pierluigi Mancarella,"University of Melbourne, Parkville, VIC, Australia; University of Melbourne, Parkville, VIC, Australia; University of Melbourne, Parkville, VIC, Australia; University of Melbourne, Parkville, VIC, Australia","IEEE Transactions on Energy Markets, Policy and Regulation",2024,2,2,240,253,2771-9626,,https://doi.org/10.1109/TEMPR.2024.3360996,https://ieeexplore.ieee.org/stamp/stamp.jsp?tp=&arnumber=10418552,Decomposition; distributed energy markets; distribution locational marginal prices; optimal power flow; second order cone,Costs; Computational modeling; Voltage control; Reactive power; Optimization; Systems operation; Thermal decomposition; Distributed power generation; Power markets; Load flow; Pricing,,6,,,LOCKED,,Jun-24,,IEEE,Journals,,,0,
10.1109/TEMPR.2024.3402588,An Incentive Scheme for Grid-Enhancing Technologies Based on the Shapley Value,"Modernization of the transmission system via deploying grid-enhancing technologies (GETs) is a cornerstone of future grid design. New congestion patterns necessitating renewable energy curtailment highlight the significance of GETs. Despite the wide acknowledgment of the importance and benefits of GETs, their deployment remains fairly limited. One important barrier is the lack of proper incentives for deployment and efficient operation of GETs. This paper designs an incentive scheme to compensate GETs based on their performance in the intraday market. The rewards are determined based on the cost savings achieved by GET operations and are allocated to market participants using the Shapley value. The proposed incentive scheme is tested with numerical studies on modified IEEE RTS 24-bus and IEEE 300-bus systems. Results confirm that the designed incentive is aligned with the system objective: GET owners are compensated when cost savings are achieved. The benefits of a performance-based payment scheme are threefold: (i) it promotes efficient operation of existing GETs based on the state of the system, (ii) it attracts further GETs deployment, and (iii) moves the risk from ratepayers to the investors.",Xinyang Rui; Omid Mirzapour; Mostafa Sahraei-Ardakani,"Department of Electrical and Computer Engineering, University of Utah, Salt Lake City, UT, USA; Department of Electrical and Computer Engineering, University of Utah, Salt Lake City, UT, USA; Department of Electrical and Computer Engineering, University of Utah, Salt Lake City, UT, USA","IEEE Transactions on Energy Markets, Policy and Regulation",2024,2,4,552,560,2771-9626,,https://doi.org/10.1109/TEMPR.2024.3402588,https://ieeexplore.ieee.org/stamp/stamp.jsp?tp=&arnumber=10536075,Electricity market; grid-enhancing technologies; power flow control; transmission investment incentive; Shapley value; power system flexibility; transfer capability,Generators; Costs; Investment; Resource management; Power transmission lines; Mathematical models; Transmission line matrix methods; Electricity supply industry; Power measurement; Market research; Load flow control; Power transmission; Power grids; Incentive schemes,,5,,,LOCKED,,Dec. 2024,,IEEE,Journals,,,0,
10.1109/TEMPR.2023.3327903,Tight and Compact Data-Driven Linear Relaxations for Constraint Screening in Unit Commitment,"The daily operation of real-world power systems and their underlying markets relies on the timely solution of the unit commitment problem. However, given its computational complexity, several optimization-based methods have been proposed to lighten its problem formulation by removing redundant line flow constraints. These approaches often ignore the spatial couplings of renewable generation and demand, which have an inherent impact of market outcomes. Moreover, the elimination procedures primarily focus on the feasible region and exclude how the problem's objective function plays a role here. To address these pitfalls, we move to rule out redundant and inactive constraints over a tight linear programming relaxation of the original unit commitment feasibility region by adding valid inequality constraints. We extend the optimization-based approach called umbrella constraint discovery through the enforcement of a consistency logic on the set of constraints by adding the proposed inequality constraints to the formulation. Hence, we reduce the conservativeness of the screening approach using the available historical data and thus lead to a tighter unit commitment formulation. Numerical tests are performed on standard test networks to substantiate the effectiveness of the proposed approach.",Mohamed Awadalla; François Bouffard,"Department of Electrical and Computer Engineering, McGill University, Montreal, QC, Canada; Department of Electrical and Computer Engineering, McGill University, Montreal, QC, Canada","IEEE Transactions on Energy Markets, Policy and Regulation",2024,2,1,63,78,2771-9626,,https://doi.org/10.1109/TEMPR.2023.3327903,https://ieeexplore.ieee.org/stamp/stamp.jsp?tp=&arnumber=10298823,Data-driven methods; electricity market clearing; optimization; uncertainty; unit commitment,Uncertainty; Optimization; Renewable energy sources; Linear programming; Relaxation methods; Principal component analysis; Constraint handling; Data models; Electricity supply industry; Power markets; Market research,,5,,,LOCKED,,Mar-24,,IEEE,Journals,,,0,
10.1109/TEMPR.2024.3366528,Electricity Retail Plan Recommendation Method Based on Multigranular Hesitant Fuzzy Sets and an Improved Non-Negative Latent Factor Model,"Electricity retail companies can derive significant benefits from precise recommendations of electricity retail plans (ERPs). However, existing recommendation methods often assume that customers are proficient in evaluating all the attributes of ERPs, and overlook the fact that the accuracy of predicting missing information is closely tied to the objective function of customers’ satisfaction, which degrades the recommendation results significantly. In light of the challenge, an ERP recommendation method based on multigranular hesitant fuzzy sets (MHFSs) and an improved non-negative latent factor model (INLFM) is proposed. First, a quantitative model for customer satisfaction based on MHFSs is established, which provides a foundation for estimating target customers’ satisfaction. Secondly, an INLFM-based prediction model is developed to fill in the missing values of customers’ satisfaction. Additionally, an estimation model for target customer satisfaction based on a customer portrait label system and a dual-layer affinity propagation (DLAP) clustering algorithm is proposed, and a top-H ERPs recommendation method is developed, facilitating precise ERP recommendation tailored to the needs of electricity retail company. Finally, case studies on customers in a high-tech development zone in eastern China show that the proposed method can characterize customers’ satisfaction more accurately and equitably, meanwhile reduce the recommendation deviation effectively.",Yuanqian Ma; Ruinan Zheng; Yuhao Lu; Zhi Zhang; Yunchu Wang; Zhenzhi Lin; Li Yang; Hongle Liang; Peter Xiaoping Liu,"School of Information Science and Engineering, Zhejiang Sci-Tech University, Hangzhou, China; School of Information Science and Engineering, Zhejiang Sci-Tech University, Hangzhou, China; School of Information Science and Engineering, Zhejiang Sci-Tech University, Hangzhou, China; Electric Power Research Institute of State Grid Liaoning Electric Power Supply Company Ltd., Shenyang, China; School of Electrical Engineering, Zhejiang University, Hangzhou, China; School of Electrical Engineering, Zhejiang University, Hangzhou, China; School of Electrical Engineering, Zhejiang University, Hangzhou, China; School of Electrical Engineering, Zhejiang University, Hangzhou, China; School of Information Science and Engineering, Zhejiang Sci-Tech University, Hangzhou, China","IEEE Transactions on Energy Markets, Policy and Regulation",2024,2,2,146,161,2771-9626,,https://doi.org/10.1109/TEMPR.2024.3366528,https://ieeexplore.ieee.org/stamp/stamp.jsp?tp=&arnumber=10438892,ERP recommendation; DLAP clustering; multigranular hesitant fuzzy sets; missing satisfaction prediction; non-negative latent factor,Companies; Linguistics; Fuzzy sets; Costs; Clustering algorithms; Regulation; Home appliances; Predictive models; Customer satisfaction; Electricity supply industry; Power system planning,,5,,,LOCKED,,Jun-24,,IEEE,Journals,,,0,
10.1109/TEMPR.2024.3384833,A Fair and Self-Sufficient Value Stack-Based Compensation Scheme for DERs Enhancing Network Performance,"Optimal scheduling of smart inverter-assisted distributed energy resources (DERs) benefits power system operation and planning entities. The comprehensive evaluation and fair allocation of these co-existing benefits should be the prime criteria for designing a compensation scheme. This work focuses on classifying, quantifying, and allocating multiple benefits extracted through phase-specific optimal power injection in distribution networks. This paper proposes a fair and self-sufficient compensation scheme that stacks uniquely assigned benefit components among the DERs. Using a rectangular branch-current component-based approach, this paper proposes a method to quantify the cooperative optimal power dispatch benefits, broadly classified as capacity deferral and operational benefits. In addition, this work employs the unitary participation-based Aumann Shapley value method to allocate the joint-coalitional benefits fairly among various DERs. By implementing the proposed scheme on the IEEE European distribution network for a long time horizon, various attributes of the proposed scheme are analyzed. The proposed compensation scheme provides the distribution system operator with a financial tool to stimulate DERs' coordination in the optimal power delivery action.",Shilpa Bindal; Abhijit R. Abhyankar,"Department of Electrical Engineering, Indian Institute of Technology Delhi, New Delhi, India; Department of Electrical Engineering, Indian Institute of Technology Delhi, New Delhi, India","IEEE Transactions on Energy Markets, Policy and Regulation",2024,2,3,423,435,2771-9626,,https://doi.org/10.1109/TEMPR.2024.3384833,https://ieeexplore.ieee.org/stamp/stamp.jsp?tp=&arnumber=10490164,Aumann-Shapley method; cost allocation; deferral cost; fairness; incentives; remuneration,Distribution networks; Costs; Resource management; Distributed power generation; Reactive power; Voltage control; Task analysis; Incentive schemes; Optimal scheduling; Distributed power generation; Power system planning; Performance evaluation,,5,,,LOCKED,,Sept. 2024,,IEEE,Journals,,,0,
10.1109/TEMPR.2024.3375645,Testing Alternative Electricity Market Design Performances: Methodology and Case Study,"Wholesale market design choices continue to be debated after four decades, especially as they are being scrutinized in light of the decarbonization goals. This paper shows how a Nash-Cournot equilibrium model can combine capacity, energy, and ancillary services. The model integrates multi-year capacity expansion with dispatch decisions to capture the gaming behavior of generators in the long term, including entry and short-term capacity withdrawal decisions with and without carbon constraints. The model is deployed for Georgia, a hydro-dominated system in Eastern Europe where a new market will be introduced in 2024. The modeling analysis examines how alternative design options perform to support the country's power sector decarbonization. The results show that, in such a system, the proposed energy-only (EO) marke design performs well, yielding the lowest prices without exacerbating volatility both with and without emission constraints. Although the EO design brings in less capacity, leading to higher expected unserved energy (EUE), it does not breach the incumbent reliability standard, albeit we show that it does expose the system to power shortage in extreme low hydro availability scenarios. On the contrary, the options with a capacity market may lead to significant excess capacity, albeit curbing price volatility as well as EUE. While these findings are specific to Georgia, the modeling framework can be deployed in other systems/countries to evaluate market design proposalst.",Adam Suski; Debabrata Chattopadhyay; Claire Nicolas,"Power System Planning Group, ESMAP, The World Bank, Washington, DC, USA; East Asia and Pacific unit of Energy and Extractives, The World Bank, Washington, DC, USA; Power System Planning Group, ESMAP, The World Bank, Washington, DC, USA","IEEE Transactions on Energy Markets, Policy and Regulation",2024,2,3,407,422,2771-9626,,https://doi.org/10.1109/TEMPR.2024.3375645,https://ieeexplore.ieee.org/stamp/stamp.jsp?tp=&arnumber=10465256,Electricity market design; decarbonization; energy-only; ancillary services; capacity market; modeling; cournot,Generators; Investment; Reliability; Europe; Electricity supply industry; Low-carbon economy; Costs; Energy management; Capacity planning; Power markets; Market opportunities,,5,,,LOCKED,,Sept. 2024,,IEEE,Journals,,,0,
10.1109/TEMPR.2024.3464238,Risk-Aware Security-Constrained Unit Commitment: Taming the Curse of Real-Time Volatility and Consumer Exposure,"We propose an enhancement to wholesale electricity markets to contain the exposure of consumers to increasingly large and volatile consumer payments arising as a byproduct of volatile real-time net loads – i.e., loads minus renewable outputs – and prices, both compared to day-ahead cleared values. We incorporate a trade-off, motivated by portfolio optimization methods, between standard day-ahead payments and a robust estimate of such excess payments into the day-ahead computation and specifically seek to account for volatility in real-time net loads and renewable generation. Our model features a data-driven uncertainty set based on principal component analysis, which accommodates both load and wind production volatility and captures locational correlation of uncertain data. To solve the model more efficiently, we develop a decomposition algorithm that can handle nonconvex subproblems. Our extensive experiments on a realistic NYISO data set show that the risk-aware model protects the consumers from potential high costs caused by adverse circumstances.",Daniel Bienstock; Yury Dvorkin; Cheng Guo; Robert Mieth; Jiayi Wang,"Department of Industrial Engineering and Operations Research, Columbia University, New York, NY, USA; Department of Electrical and Computer Engineering, Department of Civil and System Engineering, Ralph O'Connor Sustainable Energy Institute, Johns Hopkins University, Baltimore, MD, USA; School of Mathematical and Statistical Sciences, Clemson University, Clemson, SC, USA; Department of Industrial and Systems Engineering, Rutgers University, New Brunswick, NJ, USA; Department of Management Science and Engineering, Stanford University, Stanford, CA, USA","IEEE Transactions on Energy Markets, Policy and Regulation",2024,2,4,536,551,2771-9626,,https://doi.org/10.1109/TEMPR.2024.3464238,https://ieeexplore.ieee.org/stamp/stamp.jsp?tp=&arnumber=10684133,Data-driven uncertainty set; security-constrained unit commitment; wind uncertainty,Uncertainty; Renewable energy sources; Load modeling; Costs; Computational modeling; Real-time systems; Principal component analysis; Constraint optimization; Electricity supply industry; Power distribution planning; Risk management; Power markets; Market research,,5,,,LOCKED,,Dec. 2024,,IEEE,Journals,,,0,
10.1109/TEMPR.2023.3321649,Manipulation-Proof Virtual Bidding Mechanism Design,"The high penetration of renewable energy increases the price volatility between the day-ahead (DA) and real-time (RT) markets, with heightened power system operational risks. Virtual bidding, a rising financial instrument, allows financial entities without energy-generating capacity or demand to arbitrage between the DA and RT markets, which can in turn reduce the market spread between the two markets and thus contain system operation risks. However, in practice, incomplete information often affects the effectiveness of virtual bidding, which poses uncertainties to strategic bidding behaviors, and makes it more challenging to understand the market manipulation. To control such risks, in this paper, we first game theoretically characterize the Nash Equilibrium of virtual bidding with both complete and incomplete information, and evaluate the benefits of virtual bidding for both virtual bidders (VBs) and the system as a whole. Then, we design a joint tax-subsidy mechanism for VBs with truthfulness and individual rationality guarantees against the market manipulation. We also prove that the system average forecast is the key to influencing the virtual bidding equilibrium. Further, we design two information mechanisms to enable VB privacy protection and market risk control separately. Numerical studies based on ISO-NE electricity market data verify our theory.",Chenbei Lu; Jinhao Liang; Nan Gu; Haoxiang Wang; Chenye Wu,"Institute for Interdisciplinary Information Sciences, Tsinghua University, Beijing, China; School of Science and Engineering, The Chinese University of Hong Kong, Shenzhen, Guangdong, China; Institute for Interdisciplinary Information Sciences, Tsinghua University, Beijing, China; Department of Automation, Tsinghua University, Beijing, China; School of Science and Engineering, The Chinese University of Hong Kong, Shenzhen, Guangdong, China","IEEE Transactions on Energy Markets, Policy and Regulation",2024,2,1,119,131,2771-9626,,https://doi.org/10.1109/TEMPR.2023.3321649,https://ieeexplore.ieee.org/stamp/stamp.jsp?tp=&arnumber=10269719,Electricity market; game theory; virtual bidding,Electricity supply industry; Real-time systems; Cost function; Nash equilibrium; Mathematical models; Game theory; Virtual enterprises; Power markets; Market research; Pricing; Market opportunities; Risk management,,5,,,LOCKED,,Mar-24,,IEEE,Journals,,,0,
10.1109/TEMPR.2024.3454234,Game-Based Feedback Control Design Toward Dynamic Energy Market,"In the modern power grids, the energy market has been developing rapidly, along with the growth of multi-energy combined tradings. Consequently, studies of interactions behaviours between various agents (e.g., game theory) in the energy market becomes prevalent to properly analyze and regulate the energy market. However, most of existing works have been focusing on the equilibria analysis of static games, and little works have been done regarding designing feedback control on dynamic games, particularly when the system dynamics changes under disturbances. In this paper, a novel game-based feedback control design method is proposed using semi-tensor product (STP) of matrices. The state-space equations of the dynamic game is firstly derived considering the decision logics and interactive correlations between various agents in the energy market. Then, a novel set of mathematical derivations has been proposed to implement control on some agents such that the price of the energy market can be regulated despite of randomly changing states and potential disturbances to the decision making. Finally, a simulated energy market using the proposed STP game-based control is demonstrated, where the results are discussed and the effectiveness of the proposed method is validated.",Yingzhe Jia; Yiliang Li; Wei Qiu; Long Chen; Kaiqi Sun; Yuying Zhang; Heung-Wing Joseph Lee; Jun-e Feng; Vladimir Terzija,"College of Electrical and Information Engineering, Hunan University, Changsha, China; Department of Electromechanical Engineering, University of Macau, Zhuhai, China; College of Electrical and Information Engineering, Hunan University, Changsha, China; College of Electrical and Information Engineering, Hunan University, Changsha, China; School of Electrical Engineering, Shandong University, Jinan, China; Jinan Power Supply Company, State Grid Corporation Jinan, Jinan, China; Department of Applied Mathematics, Hong Kong Polytechnic University, Hong Kong, China; School of Mathematics, Shandong University, Jinan, China; Energy Systems and Networks, School of Engineering, Newcastle University, Newcastle upon Tyne, U.K.","IEEE Transactions on Energy Markets, Policy and Regulation",2024,2,4,561,569,2771-9626,,https://doi.org/10.1109/TEMPR.2024.3454234,https://ieeexplore.ieee.org/stamp/stamp.jsp?tp=&arnumber=10664035,Energy market; feedback control; game theory; semi-tensor product of matrices,Game theory; Biological system modeling; Regulation; Feedback control; Mathematical models; Differential games; Power system dynamics; Energy management; Electricity supply industry; Power grids; Power markets; Market research; Mathematical models,,4,,,LOCKED,,Dec. 2024,,IEEE,Journals,,,0,
10.1109/TEMPR.2024.3363371,A Strengthened Primal-Dual Decomposition Algorithm for Solving Electricity Market Pricing With Revenue-Adequacy and FFR Constraints,"This paper develops a new decomposition algorithm for solving Electricity Market Pricing (EMP) problem, taking into account both revenue-adequacy and Fast Frequency Reserve (FFR) constraints. Due to revenue-adequacy constraint, a bilevel model of the EMP problem is introduced (BL-EMP). The upper level of the BL-EMP model represents the non-convex unit commitment (UC) decisions as well as the revenue-adequacy constraints of the market participants (generators, loads, and battery-storage owner). The lower level is a convex economic dispatch model with FFR constraint. To tackle the computational complexity of the considered BL-EMP model, this paper develops, tests, and proposes a Strengthened Primal-Dual Decomposition (SPDD) algorithm, which takes benefits from both Benders-like and Lagrange Dual-like algorithms. The new SPDD algorithm has a series of interesting computational properties, which are theoretically discussed in the paper. The SPDD algorithm has better computational performance than standard Benders decomposition algorithm and it also does not need tuning of the Big-M (or disjunctive) parameters for solving the proposed BL-EMP problem. Results from the modified IEEE 24-bus, the IEEE 118-bus, and the IEEE 300-bus system show the superiority of proposed SPDD algorithm over the classic Benders algorithm.",Hamed Goudarzi; Mohammad Reza Hesamzadeh; Derek Bunn; Mahmud Fotuhi-Firuzabad; Mohammad Shahidehpour,"Center of Excellence in Power System Management and Control, Sharif University of Technology, Tehran, Iran; School of Electrical Engineering and Computer Science, KTH Royal Institute of Technology, Stockholm, Sweden; Department of Management Science and Operations, London Business School, London, U.K.; Center of Excellence in Power System Management and Control, Sharif University of Technology, Tehran, Iran; Electrical and Computer Engineering Department, Illinois Institute of Technology, Chicago, IL, USA","IEEE Transactions on Energy Markets, Policy and Regulation",2024,2,3,379,391,2771-9626,,https://doi.org/10.1109/TEMPR.2024.3363371,https://ieeexplore.ieee.org/stamp/stamp.jsp?tp=&arnumber=10423810,Primal-dual decomposition; fast frequency reserve; revenue adequacy; electricity market pricing,Pricing; Computational modeling; Electricity supply industry; Costs; Stochastic processes; Time-frequency analysis,,4,,,LOCKED,,Sept. 2024,,IEEE,Journals,,,0,
10.1109/TEMPR.2024.3414988,Optimal Bidding of Flexible Demand in Electricity Markets With Block Orders,"Although block orders are emerging as an interesting alternative to the multi-part offering / bidding paradigm, existing research on optimal participation in electricity markets employing block orders exhibits two critical limitations. Firstly, it has not focused on flexible demand (FD) participants, and, secondly, it has not explored exclusive groups (EGs), a block order type which is already employed in the European day-ahead market. This paper addresses these limitations by proposing a novel optimal bidding model for a price-taking, stand-alone FD participant, which optimizes the submitted EGs, while factoring realistic market regulations around block orders and the price uncertainty encountered by the participant. The proposed model is deployed to quantitatively support our hypothesis that EGs constitute a particularly valuable type of block orders for a FD participant, by comparing its resulting costs under the submission of simple hourly orders, independent profile block orders, and EGs. This is achieved through both illustrative, small-scale examples and more realistic large-scale and out-of-sample studies, while considering three different types of FD in order to demonstrate the general applicability of the proposed model.",Makedon Karasavvidis; Dimitrios Papadaskalopoulos; Goran Strbac,"Department of Electrical and Electronic Engineering, Imperial College London, London, U.K.; Department of Electrical and Computer Engineering, University of Patras, Patras, Greece; Department of Electrical and Electronic Engineering, Imperial College London, London, U.K.","IEEE Transactions on Energy Markets, Policy and Regulation",2024,2,4,488,502,2771-9626,,https://doi.org/10.1109/TEMPR.2024.3414988,https://ieeexplore.ieee.org/stamp/stamp.jsp?tp=&arnumber=10557706,Block orders; electricity markets; flexible demand; optimal market participation; price uncertainty,Costs; Focusing; Regulation; Power demand; Europe; Employment; Electricity supply industry; Power markets; Market research; Pricing; Uncertainty,,4,,,LOCKED,,Dec. 2024,,IEEE,Journals,,,0,
10.1109/TEMPR.2024.3399611,Evaluating Offshore Electricity Market Design Considering Endogenous Infrastructure Investments: Zonal or Nodal?,"Policy makers are formulating offshore energy infrastructure plans, including wind turbines, electrolyzers, and HVDC transmission lines. An effective market design is crucial to guide cost-efficient investments and dispatch decisions. This paper jointly studies the impact of offshore market design choices on the investment in offshore electrolyzers and HVDC transmission capacity. We present a bilevel model that incorporates investments in offshore energy infrastructure, day-ahead market dispatch, and potential redispatch actions near real-time to ensure transmission constraints are respected. Our findings demonstrate that full nodal pricing, i.e., nodal pricing both onshore and offshore, outperforms the onshore zonal combined with offshore nodal pricing or offshore zonal layouts. While combining onshore zonal with offshore nodal pricing can be considered as a second-best option, it generally diminishes the profitability of offshore wind farms. However, if investment costs of offshore electrolyzers are relatively low, they can serve as catalysts to increase the revenues of the offshore wind farms. This study contributes to the understanding of market designs for highly interconnected offshore power systems, offering insights into the impact of congestion pricing methodologies on investment decisions. Besides, it is useful towards understanding the interaction of offshore loads like electrolyzers with financial support mechanisms for offshore wind farms.",Michiel Kenis; Vladimir Dvorkin; Tim Schittekatte; Kenneth Bruninx; Erik Delarue; Audun Botterud,"KU Leuven, Divison of Applied Mechanics and Energy Conversion, Celestijnenlaan 300, Leuven, Belgium; Energy Initiative and Laboratory for Information and Decision Systems, Massachusetts Institute of Technology, Cambridge, MA, USA; Energy Initiative Massachusetts Institute of Technology, Cambridge, MA, USA; Delft University of Technology, Faculty of Technology, Policy, and Management, Delft, GA, The Netherlands; KU Leuven, Divison of Applied Mechanics and Energy Conversion, Celestijnenlaan 300, Leuven, Belgium; Massachusetts Institute of Technology, Cambridge, MA, USA","IEEE Transactions on Energy Markets, Policy and Regulation",2024,2,4,476,487,2771-9626,,https://doi.org/10.1109/TEMPR.2024.3399611,https://ieeexplore.ieee.org/stamp/stamp.jsp?tp=&arnumber=10530165,Electrolysis; flow-based market coupling; market design; multi-level modeling; offshore wind power,Investment; Pricing; Electricity supply industry; HVDC transmission; Generators; Costs; Electricity; Electrochemical processes; Market research; Power markets; Offshore installations; Wind energy; Wind power generation,,4,,,LOCKED,,Dec. 2024,,IEEE,Journals,,,0,
10.1109/TEMPR.2024.3361873,Optimal Electricity Procurement Enabled by Privacy-Preserving Samples,"Prior sample-based mechanisms rely predominately on empirical validations for their efficiency, with little attention to how finite samples theoretically impact decision-making. Additionally, differentially private noise injection before data publication further complicates the understanding of the samples' impact. To this end, taking electricity procurement as an example, we seek to theoretically quantify the impact of authentic and privacy-preserving samples on decision-making. Specifically, based on the customized sample average approximation procurement solution, we derive the minimum number of samples to guarantee near-optimal decisions. Numerical studies validate the theoretical bounds by comparing them to empirical observations. Our analysis offers practical insights into effective demand forecast mechanism design and efficient sample collection.",Wenqian Jiang; Chenye Wu,"School of Science and Engineering, The Chinese University of Hong Kong, Shenzhen, China; School of Science and Engineering, The Chinese University of Hong Kong, Shenzhen, China","IEEE Transactions on Energy Markets, Policy and Regulation",2024,2,3,339,349,2771-9626,,https://doi.org/10.1109/TEMPR.2024.3361873,https://ieeexplore.ieee.org/stamp/stamp.jsp?tp=&arnumber=10420467,Sample-based decision-making; privacy-preserving; electricity procurement,Procurement; Decision making; Games; Electricity supply industry; Complexity theory; Regulation; Power markets; Data privacy,,3,,,LOCKED,,Sept. 2024,,IEEE,Journals,,,0,
10.1109/TEMPR.2024.3388959,Probabilistic Multi-Product Trading of Hydro Power Plants in Sequential Intraday and Frequency-Regulation Markets,"With the increasing integration of power plants into the frequency-regulation markets, the importance of optimal trading has grown substantially. This paper conducts an in-depth analysis of their optimal trading behavior in sequential day-ahead, intraday, and frequency-regulation markets. We introduce a probabilistic multi-product optimization model, derived through a series of transformation techniques. Additionally, we present two reformulations that re-frame the problem as a mixed-integer linear programming problem with uncertain parameters. Various aspects of the model are thoroughly examined to observe the optimal multi-product trading behavior of hydro power plant assets, along with numerous case studies. Leveraging historical data from Nordic electricity markets, we construct realistic scenarios for the uncertain parameters. Furthermore, we then proposed an algorithm based on the No-U-Turn sampler to provide probability distribution functions of cleared prices in frequency-regulation and day-ahead markets. These distribution functions offer valuable statistical insights into temporal price risks for informed multi-product optimal-trading decisions.",Saeed Mohammadi; Abolfazl Khodadadi; Priyanka Shinde; Evelin Blom; Mohammad Reza Hesamzadeh; Lennart Söder,"School of Electrical Engineering and Computer Science, KTH Royal Institute of Technology, Stockholm, Sweden; School of Electrical Engineering and Computer Science, KTH Royal Institute of Technology, Stockholm, Sweden; School of Electrical Engineering and Computer Science, KTH Royal Institute of Technology, Stockholm, Sweden; School of Electrical Engineering and Computer Science, KTH Royal Institute of Technology, Stockholm, Sweden; School of Electrical Engineering and Computer Science, KTH Royal Institute of Technology, Stockholm, Sweden; School of Electrical Engineering and Computer Science, KTH Royal Institute of Technology, Stockholm, Sweden","IEEE Transactions on Energy Markets, Policy and Regulation",2024,2,4,449,464,2771-9626,,https://doi.org/10.1109/TEMPR.2024.3388959,https://ieeexplore.ieee.org/stamp/stamp.jsp?tp=&arnumber=10502309,Bilevel programming day-ahead electricity market; frequency containment reserve market; hydro power plant; intraday electricity market,Electricity supply industry; Power generation; Production; Electricity; Costs; Wind power generation; Solid modeling; Power markets; Market research; Hydroelectric power generation; Industrial plants,,3,,,OPEN_ACCESS,,Dec. 2024,,IEEE,Journals,,,0,
10.1109/TEMPR.2024.3365977,How to Assess Uncertainty-Aware Frameworks for Power System Planning?,"Computational advances along with the profound impact of uncertainty on power system investments have motivated the creation of power system planning frameworks that handle long-run uncertainty, large number of alternative plans, and multiple objectives. Planning agencies seek guidance to assess such frameworks. This article addresses this need in two ways. First, we augment previously proposed criteria for assessing planning frameworks by including new criteria such as stakeholder acceptance to make the assessments more comprehensive, while enhancing the practical applicability of assessment criteria by offering criterion-specific themes and questions. Second, using the proposed criteria, we compare two widely used but fundamentally distinct frameworks: an ‘agree-on-plans’ framework, Robust Decision Making (RDM), and an ‘agree-on-assumptions’ framework, centered around Stochastic Programming (SP). By comparing for the first time head-to-head the two distinct frameworks for an electricity supply planning problem under uncertainties in Bangladesh, we conclude that RDM relies on a large number of simulations to provide ample information to decision makers and stakeholders, and to facilitate updating of subjective inputs. In contrast, SP is a highly dimensional optimization problem that identifies plans with relatively good probability-weighted performance in a single step, but even with computational advances remains subject to the curse of dimensionality.",Elina Spyrou; Ben Hobbs; Deb Chattopadhyay; Neha Mukhi,"Imperial College London, London, U.K.; Johns Hopkins University, Baltimore, MD, USA; World Bank Group, Washington, DC, USA; World Bank Group, Washington, DC, USA","IEEE Transactions on Energy Markets, Policy and Regulation",2024,2,4,436,448,2771-9626,,https://doi.org/10.1109/TEMPR.2024.3365977,https://ieeexplore.ieee.org/stamp/stamp.jsp?tp=&arnumber=10436394,Deep uncertainty; power system planning; risk analysis; robust decision making; stochastic programming,Planning; Uncertainty; Stakeholders; Investment; Mathematical models; Power system planning; Decision making; Risk management; Stochastic processes; Computational modeling; Robustness,,3,,,LOCKED,,Dec. 2024,,IEEE,Journals,,,0,
10.1109/TEMPR.2023.3324630,Quantifying Benefit of Well-Located Distributed Energy Resources,"In recent years, there has been a global acceleration in the adoption of distributed energy resources (DERs), due to their potential to decrease net demand and minimize costs associated with transmission and distribution networks. In practice, however, many of them are not situated in load areas, but in remote areas for return of investment, i.e., mostly characterized by high solar radiation, abundant wind resources, and relatively low land-use fees. As a result, the locational mismatches can lead to excessive network construction, significant congestion, and loss costs. To achieve cost-effective grid operation and planning results, it is crucial to locate DERs considering their system level impacts. Since the locational benefits of DERs are not fully assessed for and reflected in their field deployment process today, DERs are not induced to the appropriate sites. To fill this gap, this study quantifies the benefits of diverse DER deployment scenarios using Monte Carlo simulations and provides policy recommendations for utilities and authorities. To estimate the benefits, we conducted a long-term analysis using the transmission expansion planning approach and a short-term analysis based on the optimal power flow methodology. The proposed analysis reveals that the upper 10% scenario of the experimental group with better DER locations can achieve 27% cost reduction than that of the control group. The noteworthy improvement of the well-located scenario for the same amount of DER deployment accounts for a benefit of $1519M in the Korean power system case study.",Eo Jin Choi; Ji Woo Lee; Dam Kim; Gab-Su Seo; Seung Wan Kim,"Department of Electrical Engineering, Chungnam National University, Daejeon, South Korea; Department of Electrical Engineering, Chungnam National University, Daejeon, South Korea; Department of Electrical, Electronics and Communication Engineering Education, Chungnam National University, Daejeon, South Korea; Power Systems Engineering Center, National Renewable Energy Lab, Golden, CO, USA; Department of Electrical Engineering, Chungnam National University, Daejeon, South Korea","IEEE Transactions on Energy Markets, Policy and Regulation",2024,2,1,92,106,2771-9626,,https://doi.org/10.1109/TEMPR.2023.3324630,https://ieeexplore.ieee.org/stamp/stamp.jsp?tp=&arnumber=10286304,Distributed energy resources; Monte Carlo simulation; optimal power flow; transmission expansion planning,Generators; Costs; Investment; Load flow; Distributed power generation; Monte Carlo methods; Power system planning; Power transmission; Power distribution planning,,3,,,CCBY - IEEE is not the copyright holder of this material. Please follow the instructions via https://creativecommons.org/licenses/by/4.0/ to obtain full-text articles and stipulations in the API documentation.,,Mar-24,,IEEE,Journals,,,0,
10.1109/TEMPR.2023.3349134,Economic Value of Energy Storage Systems: The Influence of Ownership Structures,"Owners of renewable energy resources (RES) often choose to invest in energy storage for joint operation with RES to maximize profitability. Standalone entities also invest in energy storage systems and use them for arbitrage. In this paper we examine how these two forms of ownership affect the value of energy storage. Our study reveals that in a perfectly competitive market, energy storage holds equal value for both types of owners if they are risk-neutral. However, when agents are able to exert market power or exhibit risk aversion, the value of energy storage can differ between the two ownership structures. Additionally, we discuss how differential pricing and market barriers influence the value of energy storage. In the numerical studies, we explore how factors such as seasonal price volatility, RES types, and the siting of energy storage influence investment decisions.",Nan Gu; Chenye Wu; Daniel S. Kirschen,"University of Washington, Seattle, WA, USA; School of Science and Engineering, The Chinese University of Hong Kong, Shenzhen, Guangdong, China; Department of Electrical and Computer Engineering, University of Washington, Seattle, WA, USA","IEEE Transactions on Energy Markets, Policy and Regulation",2024,2,3,313,327,2771-9626,,https://doi.org/10.1109/TEMPR.2023.3349134,https://ieeexplore.ieee.org/stamp/stamp.jsp?tp=&arnumber=10379467,Energy storage; ownership; renewable energy resources; risk preferences,Energy storage; Real-time systems; Economics; Renewable energy sources; Regulation; Uncertainty; Optimization; Power system economics; Energy storage; Risk management; Investment,,3,,,LOCKED,,Sept. 2024,,IEEE,Journals,,,0,
10.1109/TEMPR.2023.3348984,Market-Based Operation of Interconnectors in a Multi-Area Power Network With Meshed Topology,"The significant reduction in the system inertial response due to the increasing penetration of converter-interfaced renewable generators may reduce the ability to safely control post-fault frequency dynamics. Larger volumes of flexible ancillary services may be required to ensure system stability. Part of these additional regulation resources may be procured from other power systems by means of existing and new interconnectors. The paper investigates this framework by assessing the techno-economic benefits of interconnectors that operate in a multi-area power network and whose capacity can be utilized for simultaneous exchange of power and fast-frequency services. Two different operational approaches are considered: a traditional centralized allocation of the interconnectors’ capacity and an alternative market-based paradigm where price-making interconnectors act as profit-seeking agents that aim to maximize their collected congestion surplus. The paper provides new fundamental results on the benefits of a multi-purpose allocation of the interconnectors’ capacity, directly comparing the operational choices and the interactions between centrally-operated and self-interested interconnectors, and quantifying the impact of the latter on the overall social welfare of the system. This novel methodology is applied to a model of an interconnected Great Britain-France-Ireland multi-area system, quantifying the potential benefits of multi-service interconnectors and assessing the impact of their self-interested scheduling within a realistic framework that considers power systems of different sizes and characteristics.",Qingwen Pang; Vincenzo Trovato; Antonio De Paola; Goran Strbac,"Imperial College London, London, U.K.; Dicam, University of Trento, Trento, Italy; Electrical and Electronic Engineering, Imperial College London, London, U.K.; Electrical Engineering, Imperial College London, London, U.K.","IEEE Transactions on Energy Markets, Policy and Regulation",2024,2,1,79,91,2771-9626,,https://doi.org/10.1109/TEMPR.2023.3348984,https://ieeexplore.ieee.org/stamp/stamp.jsp?tp=&arnumber=10379146,Multi-service market; multi-area power system; interconnectors; flexibility; congestion revenues; frequency response,Power systems; Network topology; HVDC transmission; Load flow; Resource management; Frequency response; Pricing; Power system economics; Market research; Market opportunities; Service level agreements,,2,,,LOCKED,,Mar-24,,IEEE,Journals,,,0,
10.1109/TEMPR.2024.3360475,Market Equilibria in Cross-Border Balancing Platforms,"The next phase of electricity market integration in Europe will see the introduction of pan-European balancing platforms, MARI and PICASSO, for the trading of manual and automatic frequency restoration reserve. This article provides an analytical framework for the study of pricing asymmetries between European member states in this context. The pricing asymmetries are due to balancing incentive components and consist of the unilateral introduction by a member state of either (i) an adder on the imbalance price and balancing price, (ii) an adder on the imbalance price solely, or (iii) the introduction of a real-time price for the trading of real-time balancing capacity. Our analytical framework allows us to characterize the optimal bidding strategy of flexible assets under the different designs and to derive the resulting equilibria. Our analysis demonstrates that adders without the trading of balancing capacity create inefficiencies by distorting the merit order and tend to be detrimental to the member state that introduces it.",Jacques Cartuyvels; Gilles Bertrand; Anthony Papavasiliou,"Center for Operations Research and Econometrics, UCLouvain, Louvain la Neuve, Belgium; CREG, Brussels, Belgium; National Technical University of Athens, Athens, Greece","IEEE Transactions on Energy Markets, Policy and Regulation",2024,2,2,162,174,2771-9626,,https://doi.org/10.1109/TEMPR.2024.3360475,https://ieeexplore.ieee.org/stamp/stamp.jsp?tp=&arnumber=10417720,Balancing market; cross-border balancing; frequency restoration reserve; real-time market for reserve,Adders; Pricing; Europe; Real-time systems; Costs; Electricity supply industry; Reliability; Market research; Power markets; Power system restoration; Power distribution planning,,2,,,CCBY - IEEE is not the copyright holder of this material. Please follow the instructions via https://creativecommons.org/licenses/by/4.0/ to obtain full-text articles and stipulations in the API documentation.,,Jun-24,,IEEE,Journals,,,0,
10.1109/TEMPR.2023.3347627,Unit Equivalent Distribution Network Pricing for Electricity Retail Market,"Most existing network pricing methodologies are designed for retailers and large customers. With the development of responsive technologies, domestic customers may have very different impacts on networks cost, thus calling for a cost-reflective network pricing method for mass customers in the retail market. The naive volumetric and marginal pricing methods may cause issues of inequality and mis-signaling. Inspired by the Passenger Car Equivalent (PCE) in transportation economics, this paper proposes a Unit Home Equivalent (UHE) pricing to reflect the compatibility between electricity networks and a certain type of users. The method is validated against the Distribution Use of System (DUoS) charging methodology in the U.K. by using real network and household data. The results show the proposed pricing can encourage existing customers to adjust energy usage behaviours and guide new customers and EVs to the right locations.",Shuangyuan Wang; Ran Li; Qiuyang Ma; Chenghong Gu; Furong Li,"Department of Mechanical Engineering, University of Shanghai for Science and Technology, Shanghai, China; Key Laboratory of Control of Power Transmission and Conversion, Ministry of Education, and Shanghai Non-Carbon Energy Conversion and Utilization Institute, Shanghai Jiao Tong University, Shanghai, China; State Grid Energy Research Institute, Beijing, China; Department of Electronic and Electrical Engineering, University of Bath, Bath, U.K.; Department of Electronic and Electrical Engineering, University of Bath, Bath, U.K.","IEEE Transactions on Energy Markets, Policy and Regulation",2024,2,2,276,288,2771-9626,,https://doi.org/10.1109/TEMPR.2023.3347627,https://ieeexplore.ieee.org/stamp/stamp.jsp?tp=&arnumber=10376236,Network charges; electricity pricing; power market and economics; smart meters,Pricing; Costs; Investment; Automobiles; Substations; Tariffs; Electricity supply industry; Smart meters; Power markets; Power system economics; Network systems,,2,,,LOCKED,,Jun-24,,IEEE,Journals,,,0,
10.1109/TEMPR.2024.3350051,Screening Curve Method for Economic Analysis of Household Solar Energy Self-Consumption,"The profitability of solar energy self-consumption in households, the so-called photovoltaic (PV) self-consumption, is expected to boost the deployment of PV and battery storage systems. This paper develops a novel method for economic analysis of PV self-consumption using battery storage based on an extension of the Screening Curve Method (SCM). The SCM enables quick and intuitive estimation of the least-cost generation mix for a target load curve and has been used for generation planning for bulk power systems. In this paper, we generalize the framework of existing SCM to take into account the intermittent nature of renewable energy sources and apply it to the problem of optimal sizing of PV and battery storage systems for a household. Numerical studies are provided to verify the estimation accuracy of the proposed SCM and to illustrate its effectiveness in a sensitivity analysis, owing to its ability to show intuitive plots of cost curves for researchers or policy-makers to understand the reasons behind the optimization results.",Hikaru Hoshino; Yosuke Irie; Eiko Furutani,"Department of Electrical Materials and Engineering, University of Hyogo, Himeji, Japan; Department of Electrical Materials and Engineering, University of Hyogo, Himeji, Japan; Department of Electrical Materials and Engineering, University of Hyogo, Himeji, Japan","IEEE Transactions on Energy Markets, Policy and Regulation",2024,2,3,368,378,2771-9626,,https://doi.org/10.1109/TEMPR.2024.3350051,https://ieeexplore.ieee.org/stamp/stamp.jsp?tp=&arnumber=10387743,Battery storage; feed-in tariffs; screening curve method; solar PV,Batteries; Costs; Optimization; Estimation; Turbines; Tariffs; State of charge; Battery storage plants; Solar power generation; Photovoltaic systems; Energy consumption,,2,,,LOCKED,,Sept. 2024,,IEEE,Journals,,,0,
10.1109/TEMPR.2024.3390760,Multi-Objective Transmission Expansion: An Offshore Wind Power Integration Case Study,"Despite ambitious offshore wind targets in the U.S. and globally, offshore grid planning guidance remains notably scarce, contrasting with well-established frameworks for onshore grids. This gap, alongside the increasing penetration of offshore wind and other clean-energy resources in onshore grids, highlights the urgent need for a coordinated planning framework. Our paper describes a multi-objective, multistage generation, storage and transmission expansion planning model to facilitate efficient and resilient large-scale adoption of offshore wind power. Recognizing regulatory emphasis and, in some cases, requirements to consider externalities, this model explicitly accounts for negative externalities: greenhouse gas emissions and local emission-induced air pollution. Utilizing an 8-zone ISO-NE test system and a 9-zone PJM test system, we explore grid expansion sensitivities such as impacts of optimizing Points of Interconnection (POIs) versus fixed POIs, negative externalities, and consideration of extreme operational scenarios. Our results indicate that accounting for negative externalities necessitates greater upfront investment in clean generation and storage (balanced by lower expected operational costs). Optimizing POIs could significantly reshape offshore topology or POIs, and lower total cost. Finally, accounting for extreme operational scenarios typically results in greater operational costs and sometimes may alter onshore line investment.",Saroj Khanal; Christoph Graf; Zhirui Liang; Yury Dvorkin; Burçin Ünel,"Department of Electrical and Computer Engineering, Johns Hopkins University, Baltimore, MD, USA; Institute for Policy Integrity, New York University School of Law, New York, NY, USA; Department of Electrical and Computer Engineering, Johns Hopkins University, Baltimore, MD, USA; Departments of Electrical and Computer Engineering and Civil and Systems Engineering, Johns Hopkins University, Baltimore, MD, USA; Institute for Policy Integrity, New York University School of Law, New York, NY, USA","IEEE Transactions on Energy Markets, Policy and Regulation",2024,2,4,519,535,2771-9626,,https://doi.org/10.1109/TEMPR.2024.3390760,https://ieeexplore.ieee.org/stamp/stamp.jsp?tp=&arnumber=10504955,Externalities; offshore wind integration; resiliency; transmission expansion,Costs; Planning; Investment; Generators; Power transmission lines; Wind power generation; Energy storage; Offshore installations; Wind energy; Wind power generation; Resilience; Power system planning; Green energy; Greenhouse gases; Carbon emissions,,2,,,LOCKED,,Dec. 2024,,IEEE,Journals,,,0,
10.1109/TEMPR.2023.3301810,A Stochastic Inference-Dual-Based Decomposition Algorithm for TSO-DSO-Retailer Coordination,"The flexibility services available from embedded resources, being attractive to both the network operators and retailers, pose a problem of co-ordination and market design at the local level. This research considers how a Flexibility Market Operator (FMO) at the local level, analogous to market operators at the wholesale level, can improve the real-time operation of the power systems and efficiently manage the interests of the TSO, DSO, and Retailers. Using generalized disjunctive programming, a stochastic bilevel representation of the task is reformulated as a stochastic mixed-logical linear program (MLLP) with indicator constraints. An Inference-Dual-Based Decomposition (IDBD) Algorithm is developed with sub-problem relaxation to reduce the iterations. Using expected Shapley values, a new payoff mechanism is introduced to allocate the cost of service activations in a fair way. Finally, the performance and benefits of the proposed method are assessed via a case study application.",Hamed Bakhtiari; Mohammad Reza Hesamzadeh; Derek Bunn,"RWE Renewables Europe & Australia GmbH, Malmö, Sweden; KTH Royal Institute of Technology, Stockholm, Sweden; London Business School, London, U.K.","IEEE Transactions on Energy Markets, Policy and Regulation",2024,2,1,13,29,2771-9626,,https://doi.org/10.1109/TEMPR.2023.3301810,https://ieeexplore.ieee.org/stamp/stamp.jsp?tp=&arnumber=10207700,Disjunctive programming; stochastic inference-dual-based decomposition algorithm; TSO-DSO- retailer coordination,Stochastic processes; Optimization; Inference algorithms; Renewable energy sources; Resource management; Uncertainty; Algorithm design and analysis; Relaxation methods; Market research; Market opportunities; Marketing management,,2,,,LOCKED,,Mar-24,,IEEE,Journals,,,0,
10.1109/TEMPR.2024.3387270,Modeling and Analyzing the Effect of Human Preferences on a Local Electricity Market,"Local electricity markets (LEMs) have progressed significantly in recent years, but a research gap exists in understanding the influence of human preferences on the effectiveness of LEMs when home energy management systems (HEMSs) are involved. Motivated by this, this work aims to model and integrate human preferences into a HEMS, bridging the gap between end-participant and LEM. A sensitivity analysis of the parameter choices of the HEMS and their impact on the performance and outcomes of a LEM is done. Hereby, a behavior model is used to formulate the preferences and motives of households within a LEM in a bottom-up approach. Various distributed energy resources are modeled and controlled via a HEMS, allowing households to input their preferences and motives to output a tailor-made bidcurve for the LEM. A sensitivity analysis reveals that different preference settings result in different consumption profiles, which to a large extent align with the preferences. In addition, the importance of aligning market mechanisms and steering signals with the participants' goals is highlighted.",Jens Hönen; Sjoerd C. Doumen; Phuong Nguyen; Johann L. Hurink; Bert Zwart; Koen Kok,"University of Twente, NB, Enschede, The Netherlands; Eindhoven University of Technology, AE, Eindhoven, The Netherlands; Eindhoven University of Technology, AE, Eindhoven, The Netherlands; University of Twente, NB, Enschede, The Netherlands; Eindhoven University of Technology, AE, Eindhoven, The Netherlands; Eindhoven University of Technology, AE, Eindhoven, The Netherlands","IEEE Transactions on Energy Markets, Policy and Regulation",2024,2,2,265,275,2771-9626,,https://doi.org/10.1109/TEMPR.2024.3387270,https://ieeexplore.ieee.org/stamp/stamp.jsp?tp=&arnumber=10496199,Distribution grid; home energy management system; human preferences; local electricity market,Behavioral sciences; Mathematical models; Electricity supply industry; Biological system modeling; Electricity; Context modeling; Energy conservation; Power grids; Power distribution planning; Human factors; User experience; Power markets,,2,,,CCBY - IEEE is not the copyright holder of this material. Please follow the instructions via https://creativecommons.org/licenses/by/4.0/ to obtain full-text articles and stipulations in the API documentation.,,Jun-24,,IEEE,Journals,,,0,
10.1109/TEMPR.2024.3386722,Probabilistic Prequalification Scheme of a Distribution System Operator for Supporting Market Participation of Multiple Distributed Energy Resource Aggregators,"This paper addresses the need for distribution system operators to effectively manage uncertainties related to distributed energy resources. We propose a probabilistic approach using Polynomial Chaos Expansion, allowing the operator to balance economic efficiency with system reliability by setting a pre-determined acceptable violation probability. This approach provides efficient computation and high accuracy in the representation of uncertainties. Moreover, we introduce a framework for integrating the capability of distributed energy resources aggregators to manage uncertainties through the uncertainty band commodity. This allows these aggregators to bid for both energy and a specified uncertainty range, thereby contributing to their active role in the management of system uncertainties. Our methodology fairly distributes responsibility for constraint violations among various stakeholders by employing two allocation strategies: one based on Shapley Value and another based on sensitivity factors. The proposed system significantly improves the overall decision-making process by considering both economic and reliability factors within the prequalification process of distribution system operator.",Chang Min Jeong; Hee Seung Moon; Seung Wan Kim,"Electric Power Network Economics Laboratory, Department of Electrical and Computer Engineering, Seoul National University, Seoul, South Korea; Energy Technology Area, Lawrence Berkeley National Laboratory, Berkeley, CA, USA; Smart Energy Network Design Laboratory, Department of Electrical Engineering, Chungnam National University, Daejeon, South Korea","IEEE Transactions on Energy Markets, Policy and Regulation",2024,2,4,465,475,2771-9626,,https://doi.org/10.1109/TEMPR.2024.3386722,https://ieeexplore.ieee.org/stamp/stamp.jsp?tp=&arnumber=10495767,Distributed energy resource aggregator; distribution system operator; prequalification process; probabilistic power flow,Uncertainty; Polynomials; Reliability; Probabilistic logic; Economics; Voltage control; Distributed power generation; Load flow; Market research; Chaos; Stakeholders,,1,,,LOCKED,,Dec. 2024,,IEEE,Journals,,,0,
10.1109/TEMPR.2024.3400902,Assessment of Economic Surplus Generated at the European Balancing Platforms,"Load frequency control is a well-established concept in AC-operated power systems. Balancing services are used to continuously keep the equilibrium between feed-in and withdrawal of electrical energy. In recent years, significant harmonization efforts took place in Europe to create a common domestic market for balancing energy. Beside alignment of market rules and product definitions, the establishment of European balancing platforms has been one cornerstone in this development. In 2022, the last two platforms went live enabling all connected countries to commonly activate balancing energy. This paper introduces the general concept of balancing platforms as well as the relevant elements of economic surplus resulting from the exchange of balancing energy. Based on the actual submitted bids, the economic surplus generated at the European balancing platforms for Frequency Restoration Reserves during the first year of operation is assessed. Without additional surplus due to unsatisfied demand, the economic surplus resulting from the exchange of balancing energy sums up to 174.6 m. € in the considered period. The experience from setting up and operating European balancing results in an outlook on further opportunities to foster competition by extending the European balancing platforms into balancing capacity cooperations.",Ulf Kasper; Andreas Kindsmüller; David Steber; Simon Remppis; Dominik Schlipf; Alexander Warsewa,"System Operation, Amprion GmbH, Pulheim, Germany; System Operation, Amprion GmbH, Pulheim, Germany; System Operation, Amprion GmbH, Pulheim, Germany; System Operation, TransnetBW GmbH, Wendlingen, Germany; System Operation, TransnetBW GmbH, Wendlingen, Germany; System Operation, TransnetBW GmbH, Wendlingen, Germany","IEEE Transactions on Energy Markets, Policy and Regulation",2024,2,4,570,578,2771-9626,,https://doi.org/10.1109/TEMPR.2024.3400902,https://ieeexplore.ieee.org/stamp/stamp.jsp?tp=&arnumber=10530523,Load-frequency-control; balancing markets; pricing; social welfare; economic surplus; guideline electricity balancing; European balancing platforms; MARI; PICASSO,Europe; Economics; Regulation; Biological system modeling; Dispatching; Standards; Schedules; Social factors; Pricing; Electricity supply industry; Market research; Power markets; Power system economics; Load management,,0,,,LOCKED,,Dec. 2024,,IEEE,Journals,,,1,Amprion; TransnetBW
10.1109/TEMPR.2023.3343631,The Impacts of Retail Tariff Design on Electric Vehicle Charging for Commercial Customers,"Power engineers have examined the potential impacts on the electric grid of high electric vehicle (EV) adoption, while energy economists have shown issues with modern electricity retail tariff design. However, little work has shown how customer decisions regarding their tariff and optimizing EV charging costs could affect the utility and the customer. If commercial customers can optimize their charging profile, how do different tariff structures affect local distribution system voltage, utility cost recovery, and customer bills? To answer this question, we model commercial customers optimizing their EV charging to minimize costs using real-world tariffs. Then, we model the voltage impacts of customers charging EVs on a realistic distribution feeder. Finally, we calculate the costs of EV charging for customers and the distribution utility. We find that current tariff designs do not support large-scale deployments of EVs without system upgrades or additional control measures. We also find that customers can reduce costs nearly 15% by switching retail tariffs, leading to a potential revenue gap for the utility. Finally, we show that new power subscription-based tariffs are less efficient than traditional demand charge-based tariffs, and instead, designing tariffs for load optimization can reduce costs for both the customer and the utility.",Phillippe K. Phanivong; Duncan S. Callaway,"Energy and Resources Group, University of California, Berkeley, CA, USA; Energy and Resources Group, University of California, Berkeley, CA, USA","IEEE Transactions on Energy Markets, Policy and Regulation",2024,2,1,1,12,2771-9626,,https://doi.org/10.1109/TEMPR.2023.3343631,https://ieeexplore.ieee.org/stamp/stamp.jsp?tp=&arnumber=10361598,Retail tariffs; price signal control; demand charges; power subscription; electric vehicle,Tariffs; Costs; Pricing; Electric vehicle charging; Schedules; Load modeling; Electric vehicles; Economics; Power system economics; Power grids; Commercialization,,0,,,LOCKED,,Mar-24,,IEEE,Journals,,,0,
10.1109/TEMPR.2025.3644745,Optimizing Portfolio Bidding in Multiple Electricity Markets based on Excess Return-Loss Ratio,"This letter proposes a portfolio bidding method across multiple electricity markets based on a novel excess return-loss ratio. The method addresses the limitations of commonly used risk measures, such as CVaR, which quantify only one-sided risk and fail to capture a balance between potential returns and losses. To this end, the single-tail portfolio risk measure is extended to a two-sided tail risk evaluation, and its closed-form expression is derived. The resulting fractional programming problem is equivalently reformulated through the Charnes-Cooper trans-formation and solved using a second-order cone programming (SOCP) model. Case studies on real-world electricity market data demonstrate the effectiveness of the proposed method in achieving risk diversification through multiple trading instruments.",Zhenghui Li; Kangping Li; Chunyi Huang,"College of Smart Energy, Shanghai Jiao Tong University, Shanghai, China; College of Smart Energy, Shanghai Jiao Tong University, Shanghai, China; College of Smart Energy, Shanghai Jiao Tong University, Shanghai, China","IEEE Transactions on Energy Markets, Policy and Regulation",2025,PP,99,1,4,2771-9626,,https://doi.org/10.1109/TEMPR.2025.3644745,https://ieeexplore.ieee.org/stamp/stamp.jsp?tp=&arnumber=11300970,Risk diversification; portfolio bidding; second-order cone programming,Portfolios; Optimization; Contracts; Electricity supply industry; Programming; Benchmark testing; Loss measurement; Closed-form solutions; Standards; Regulation,,0,,,LOCKED,,,,IEEE,Early Access Articles,,,0,
10.1109/TEMPR.2024.3518624,Large Language Model-Based Bidding Behavior Agent and Market Sentiment Agent-Assisted Electricity Price Prediction,"Day-ahead electricity price prediction is crucial for market participants to make optimal trading decisions. The implementation of the five-minute settlement (5MS) process in the Australian National Electricity Market (NEM) on October 1, 2021, reduced the settlement interval from 30 minutes to 5 minutes. This change has led to more frequent adjustments in pricing, allowing for a more accurate reflection of real-time supply and demand conditions. However, this increased frequency has significantly heightened the complexity of price fluctuations in the wholesale market. Consequently, conventional machine learning and deep learning methods struggle to provide accurate predictions at this higher resolution. Since electricity prices are fundamentally determined by the supply-demand balance and the bidding behaviors of market participants, this work introduces individual participant's bidding behaviors into the prediction model. We fine-tune a pre-trained Large Language Model (LLM) to create bidding behavior agents, which forecasts day-ahead bidding behaviors. Moreover, market sentiment plays a significant role in electricity price volatility, yet it remains challenging to quantify and assess its impact. To address this, we employ a pre-trained LLM to analyze online resources, incorporating market sentiment into the price prediction model. Additionally, to enhance the accuracy of spike predictions, we improve the conditional time series generative adversarial network (CTSGAN) model by utilizing a spike confusion matrix and further strengthen the model by integrating bidding behavior and market sentiment as inputs. Case studies demonstrate that the proposed model significantly improves both electricity price and spike prediction accuracy, offering a robust tool for market participants to navigate the complexities of the modern electricity market.",Xin Lu; Jing Qiu; Yi Yang; Chenxi Zhang; Jiafeng Lin; Sihai An,"School of Electrical and Computer Engineering, The University of Sydney, Darlington, NSW, Australia; School of Electrical and Computer Engineering, The University of Sydney, Darlington, NSW, Australia; School of Electrical and Computer Engineering, The University of Sydney, Darlington, NSW, Australia; School of Electrical and Computer Engineering, The University of Sydney, Darlington, NSW, Australia; School of Electrical and Computer Engineering, The University of Sydney, Darlington, NSW, Australia; School of Electrical and Computer Engineering, The University of Sydney, Darlington, NSW, Australia","IEEE Transactions on Energy Markets, Policy and Regulation",2025,3,2,223,235,2771-9626,,https://doi.org/10.1109/TEMPR.2024.3518624,https://ieeexplore.ieee.org/stamp/stamp.jsp?tp=&arnumber=10804210,Large language model (LLM); electricity price prediction; bidding behaviors; market sentiment; spike-enhanced,Predictive models; Accuracy; Data models; Electricity supply industry; Fluctuations; Supply and demand; Generators; Adaptation models; Large language models; Generative adversarial networks; Pricing,,40,,,LOCKED,,Jun-25,,IEEE,Journals,,,0,
10.1109/TEMPR.2024.3444750,Boundary Technology Costs for Economic Viability of Long-Duration Energy Storage Systems in California,"The urgent need for decarbonization in the energy sector has led to an increased emphasis on the integration of renewable energy sources, such as wind and solar, into power grids. While these resources offer significant environmental benefits, they also introduce challenges related to intermittency and variability. Long-duration energy storage (LDES) technologies have emerged as a very promising solution to address these challenges by storing excess energy during periods of high generation and delivering it when demand is high or renewable resources are scarce for a sustained amount of time. This paper introduces a novel methodology for estimating the boundary technology cost of LDES systems for economic viability in decarbonized energy systems. Our methodology is applied to estimate the boundary costs in 2050 for the state of California to achieve full retirement of gas power plants. California's ambitious decarbonization goals and transition to a renewable energy-based power system present an ideal context for examining the role of LDES. The results also offer insights into the needed capacity expansion planning and the operational contribution of LDES in the California's energy landscape, taking into account the unique energy demand profiles and renewable resource availability of the region. Our findings are intended to provide complementary information to guide decision-makers, energy planners, and any other stakeholders in making informed choices about LDES investment in the context of a decarbonized energy future.",Patricia Silva; Alexandre Moreira; Miguel Heleno; André Luís Marques Marcato,"Departament of Electrical Engineering, Federal University of Juiz de Fora, Juiz de Fora, MG, Brazil; Energy Storage and Distributed Resources Division, Lawrence Berkeley National Laboratory, Berkeley, CA, USA; Energy Storage and Distributed Resources Division, Lawrence Berkeley National Laboratory, Berkeley, CA, USA; Departament of Electrical Engineering, Federal University of Juiz de Fora, Juiz de Fora, MG, Brazil","IEEE Transactions on Energy Markets, Policy and Regulation",2025,3,1,32,45,2771-9626,,https://doi.org/10.1109/TEMPR.2024.3444750,https://ieeexplore.ieee.org/stamp/stamp.jsp?tp=&arnumber=10638215,Power systems planning and economics; long-duration storage systems; valuation of emergent technology,Costs; Generators; Energy storage; Renewable energy sources; Investment; Low carbon economy; Power system planning; Power system economics,,10,,,LOCKED,,Mar-25,,IEEE,Journals,,,0,
10.1109/TEMPR.2025.3554734,A New Definition and Research Agenda for Demand Response in the Distributed Energy Resource Era,"Demand response is a concept that has been around since the very first electric power systems. However, we have seen an explosion of research on demand response and demand-side technologies in the past 30 years, coinciding with the shift towards liberalized/deregulated electricity markets and efforts to decarbonize the power sector. Now we are also seeing a shift towards more distributed/decentralized electric systems; we have entered the era of “distributed energy resources”, which require new grid management, operational, and control strategies. Given this paradigm shift, we argue that the concept of demand response needs to be revisited, and more carefully/consistently defined to enable us to better utilize this massive resource for economic, technical, environmental, and societal aims. In this paper, we survey existing demand response definitions, highlight their shortcomings, propose a new definition, describe how this new definition enables us to more effectively harness the value of demand response, and provide a demand response research agenda informed by a discussion of existing demand response barriers and enablers",Johanna L. Mathieu; Gregor Verbič; Thomas Morstyn; Mads R. Almassalkhi; Kyri Baker; Julio Braslavsky; Kenneth Bruninx; Yury Dvorkin; Gregory S. Ledva; Nariman Mahdavi; Hrvoje Pandžić; Alessandra Parisio; Vedran S. Perić,"University of Michigan, Ann Arbor, MI, USA; The University of Sydney, Camperdown, NSW, Australia; University of Oxford, Oxford, U.K.; University of Vermont, Burlington, USA; University of Colorado, Boulder, USA; Commonwealth Scientific and Industrial Research Organization, Canberra, Australia; TU Delft, Delft, The Netherlands; Johns Hopkins University, Baltimore, USA; Virtual Peaker, Louisville, USA; Commonwealth Scientific and Industrial Research Organization, Canberra, Australia; University of Zagreb Faculty of Electrical Engineering and Computing, Zagreb, Croatia; University of Manchester, Manchester, U.K.; University of Bayreuth, Bayreuth, Germany","IEEE Transactions on Energy Markets, Policy and Regulation",2025,3,3,324,339,2771-9626,,https://doi.org/10.1109/TEMPR.2025.3554734,https://ieeexplore.ieee.org/stamp/stamp.jsp?tp=&arnumber=10938867,Demand response; demand-side flexibility; distributed energy resources; load aggregation; load control,Demand response; Reliability; Distributed power generation; Power system reliability; Costs; Demand side management; Power system economics,,7,,,CCBY - IEEE is not the copyright holder of this material. Please follow the instructions via https://creativecommons.org/licenses/by/4.0/ to obtain full-text articles and stipulations in the API documentation.,,Sept. 2025,,IEEE,Journals,,,0,
10.1109/TEMPR.2024.3417954,A Comparison of Three Methods for ISO Pricing,"In the presence of non-convex constraints, RTOs/ISOs need to introduce side payments to ensure non-confiscatory pricing. The side payment is not uniform and is non-transparent. To address this concern, Convex Hull Price (CHP) is developed to minimize uplift. However, the side payment defined in the tariff of RTOs/ISOs usually only covers make-whole-payments (MWP), not consistent with the uplift defined in CHP. This paper introduces a unified solution approach that can achieve uniform prices under different market rules. Previous research has shown that by developing a convex hull and convex envelope formulation for individual resources, a CHP model that minimizes uplift can be solved by linear programming (LP) using relaxation of the binary terms of the security constrained unit commitment (SCUC) problem. This paper proves that by adjusting resource upper bounds based on the SCUC solution, the one-pass LP relaxation of the SCUC problem can also be used to derive average incremental price (AIC), eliminating MWP. Case studies using both small systems and the MISO full day ahead models are presented to compare MWP, uplift and generator profit under LMP, CHP and AIC.",Yonghong Chen; Richard O'Neill; Peter Whitman,"NREL, Golden, CO, USA; self-employed, Washington, DC, USA; OnLocation, Inc., Vienna, VA, USA","IEEE Transactions on Energy Markets, Policy and Regulation",2025,3,1,59,71,2771-9626,,https://doi.org/10.1109/TEMPR.2024.3417954,https://ieeexplore.ieee.org/stamp/stamp.jsp?tp=&arnumber=10572310,Convex hull pricing; average incremental cost pricing; mixed-integer programming; security-constrained unit commitment; uplift payment; make whole payment,Cogeneration; Costs; Pricing; Generators; Real-time systems; Relaxation methods; Linear programming; Convex hulls; Power markets,,6,,,LOCKED,,Mar-25,,IEEE,Journals,,,0,
10.1109/TEMPR.2024.3453907,Flexible Ramping Product Procurement in Day-Ahead Markets,"Flexible ramping products (FRPs) emerge as a promising instrument for addressing steep and uncertain ramping needs through market mechanisms. Initial implementations of FRPs in North American electricity markets, however, revealed several shortcomings in existing FRP designs. In many instances, FRP prices failed to signal the true value of ramping capacity, most notably evident in zero FRP prices observed in a myriad of periods during which the system was in acute need for rampable capacity. These periods were marked by scheduled but undeliverable FRPs, often calling for operator out-of-market actions. On top of that, the methods used for procuring FRPs have been primarily rule-based, lacking explicit economic underpinnings. In this paper, we put forth an alternative framework for FRP procurement, which seeks to set FRP requirements and schedule FRP awards such that the expected system operation cost is minimized. Using real-world data from U.S. ISOs, we showcase the relative merits of the framework in (i) reducing the total system operation cost, (ii) improving price formation, (iii) enhancing the the deliverability of FRP awards, and (iv) reducing the need for out-of-market actions.",Ogün Yurdakul; Erik Ela; Farhad Billimoria,"Energy Systems and Infrastructure Analysis Division, Argonne National Laboratory, Lemont, IL, USA; Energy Delivery and Customer Solutions Department, Electric Power Research Institute, Palo Alto, CA, USA; Energy & Power Group, Department of Engineering Science, University of Oxford, Oxford, U.K.","IEEE Transactions on Energy Markets, Policy and Regulation",2025,3,1,13,31,2771-9626,,https://doi.org/10.1109/TEMPR.2024.3453907,https://ieeexplore.ieee.org/stamp/stamp.jsp?tp=&arnumber=10663851,Day-ahead market; flexible ramping product; stochastic programming; unit commitment,Costs; Procurement; Uncertainty; Schedules; Stochastic processes; Power markets; Generators; Real-time systems,,5,,,LOCKED,,Mar-25,,IEEE,Journals,,,0,
10.1109/TEMPR.2025.3579671,Locational Energy Storage Bid Bounds for Facilitating Social Welfare Convergence,"This paper proposes a novel method to generate bid bounds that can serve as offer caps for energy storage in electricity markets to help reduce system costs and regulate potential market power exercises. We derive the bid bounds based on a tractable multi-period economic dispatch chance-constrained formulation that systematically incorporates the uncertainty and risk preference of the system operator. The key analytical results verify that the bounds effectively cap storage bids across all uncertainty scenarios with a guaranteed confidence level. We show that bid bounds decrease as the state of charge increases but rise with greater netload uncertainty and risk preference. We test the effectiveness of the proposed pricing mechanism based on the 8-bus ISO-NE test system, including agent-based storage bidding models. Simulation results demonstrate that the proposed bid bounds effectively align storage bids with the social welfare objective and outperform existing deterministic bid bounds. Under 30% renewable capacity and 20% storage capacity, the bid bounds contribute to an average reduction of 0.17% in system cost, while increasing storage profit by an average of 10.16% across various system uncertainty scenarios and bidding strategies. These benefits scale up with increased storage economic withholding and storage capacity.",Ning Qi; Bolun Xu,"Department of Earth and Environmental Engineering, Columbia University, New York, NY, USA; Department of Earth and Environmental Engineering, Columbia University, New York, NY, USA","IEEE Transactions on Energy Markets, Policy and Regulation",2025,3,4,486,497,2771-9626,,https://doi.org/10.1109/TEMPR.2025.3579671,https://ieeexplore.ieee.org/stamp/stamp.jsp?tp=&arnumber=11034735,Energy storage; locational bid bounds; chance-constrained optimization; market power; market design,Uncertainty; Energy storage; Generators; Costs; Pricing; Regulation; Real-time systems; Optimization; Power markets,,5,,,LOCKED,,Dec. 2025,,IEEE,Journals,,,0,
10.1109/TEMPR.2025.3530266,Regression Equilibrium in Electricity Markets,"In two-stage electricity markets, renewable power producers enter the day-ahead market with a forecast of future power generation and then reconcile any forecast deviation in the real-time market at a penalty. The choice of the forecast model is thus an important strategy decision for renewable power producers as it affects financial performance. In electricity markets with large shares of renewable generation, the choice of the forecast model impacts not only individual performance but also outcomes for other producers. In this paper, we argue for the existence of a competitive regression equilibrium in two-stage electricity markets in terms of the parameters of private forecast models informing the participation strategies of renewable power producers. In our model, renewables optimize the forecast against the day-ahead and real-time prices, thereby maximizing the average profits across the day-ahead and real-time markets. By doing so, they also implicitly enhance the temporal cost coordination of day-ahead and real-time markets. We base the equilibrium analysis on the theory of variational inequalities, providing results on the existence and uniqueness of regression equilibrium in energy-only markets. We also devise two methods to compute regression equilibrium: centralized optimization and a decentralized ADMM-based algorithm.",Vladimir Dvorkin,"Department of Electrical Engineering and Computer Science, University of Michigan, Ann Arbor, MI, USA","IEEE Transactions on Energy Markets, Policy and Regulation",2025,3,1,121,132,2771-9626,,https://doi.org/10.1109/TEMPR.2025.3530266,https://ieeexplore.ieee.org/stamp/stamp.jsp?tp=&arnumber=10844509,ADMM; electricity markets; equilibrium; forecasting; renewable energy generation; variational inequalities,Real-time systems; Costs; Predictive models; Regulation; Renewable energy sources; Vectors; Electricity supply industry; Wind power generation; Stochastic processes; Wind forecasting; Machine learning,,5,,,LOCKED,,Mar-25,,IEEE,Journals,,,0,
10.1109/TEMPR.2024.3467118,Intra-Provincial Medium- and Long-Term Bidding Model Incorporating Inter-Provincial Markets and Available Transmission Capacity,"As China's provincial power market system continues to develop, the unconstrained clearance method for the provincial medium and long-term (MLT) market is no longer able to meet the needs of its continuous operation and the quotations of market participants. In this paper, the rules and business requirements of China's MLT centralized bidding transactions are analyzed, and a clearing model is established that considers the Available Transmission Capacity and the economic characteristics of market participants, based on the connection mechanism between inter-provincial and provincial markets. Then, the inter-provincial market pre-clearance results are used as the boundary conditions of intra-provincial transactions, and an optimal intra-provincial transaction clearing model is constructed taking into account the impact of inter-provincial markets. Finally, the effectiveness of the proposed MLT centralized bidding model is demonstrated through an example of actual power trading, serving as a guide for the resolution of MLT transactions within China's unified market.",Xueqian Fu; Zhan Wang; Yanmin Guo; Wanyu Li; Zhuopeng Tang,"College of Information and Electrical Engineering, China Agricultural University, Beijing, China; College of Information and Electrical Engineering, China Agricultural University, Beijing, China; China Electric Power Research Institute, Nanjing, China; College of Information and Electrical Engineering, China Agricultural University, Beijing, China; College of Information and Electrical Engineering, China Agricultural University, Beijing, China","IEEE Transactions on Energy Markets, Policy and Regulation",2025,3,1,109,120,2771-9626,,https://doi.org/10.1109/TEMPR.2024.3467118,https://ieeexplore.ieee.org/stamp/stamp.jsp?tp=&arnumber=10689650,Electricity trading; medium- and long-term; centralized bidding; available transmission capacity; clearing mechanism,Electricity; Power markets; Electricity supply industry; Capacity planning; Security; Safety; Resource management,,4,,,LOCKED,,Mar-25,,IEEE,Journals,,,0,
10.1109/TEMPR.2024.3501012,A Catastrophe Bond Design for the Financial Resilience of Electric Utilities Against Wildfires,"The scale of wildfires, in terms of acreage burned and mortality rates, is risingdue to climate change. There are various causes for wildfire ignition; however, power lines are one of the most significant factors, leading to some of the most devastating wildfire events over the past decade and even bankrupting electric utilities. Traditional insurance strategies are often not applicable for providing financial resilience to electric utilities against such catastrophic events. This paper quantifies the associated risk and proposes a catastrophe bond (CAT bond) as a form of parametric insurance to cover a portion of the risk. Vegetative fuel, weather, power grid, and historical wildfire ignition data are integrated into a proposed simulation-based methodology to accurately price the risk of the third-party wildfire liability, transmission line reconstruction, and the cost of load-shedding. The proposed methodology offers a useful tool for transmission system owners to transfer a portion of the risk of wildfire ignition to CAT bond investors. In addition, the premium calculation is analyzed through a sensitivity analysis to calibrate the indemnity-based CAT bond parameters.",Saeed Nematshahi; Behrouz Sohrabi; Ali Arabnya; Amin Khodaei; Erin Belval,"Department of Electrical and Computer Engineering, University of Denver, Denver, CO, USA; Department of Electrical and Computer Engineering, University of Denver, Denver, CO, USA; Quanta Technology, Raleigh, NC, USA; Department of Electrical and Computer Engineering, University of Denver, Denver, CO, USA; Rocky Mountain Research Station, U.S. Forest Service, Fort Collins, CO, USA","IEEE Transactions on Energy Markets, Policy and Regulation",2025,3,1,133,143,2771-9626,,https://doi.org/10.1109/TEMPR.2024.3501012,https://ieeexplore.ieee.org/stamp/stamp.jsp?tp=&arnumber=10755165,Catastrophe bonds; climate risk financing; parametric insurance; resilience; wildfire,Climate change; Fires; Risk management; Financial management; Parametric statistics; Resilience; Costs; Power grids; Power transmission lines; Meteorology; Regulation; Electricity supply industry; Insurance,,4,,,LOCKED,,Mar-25,,IEEE,Journals,,,0,
10.1109/TEMPR.2025.3589133,Hybrid Energy Storage Dispatch: A Bi-Level Look-Ahead Learning-Assisted Model,"Compressed Air Energy Storage (CAES) and Cryogenic Energy Storage (CES) are emerging as promising technologies for sustainable grid-scale applications. To surmount the capacity and geological limitations of traditional CAES systems, this study capitalizes on the hybridization of above-ground CAES with CES, utilizing energy conversion between compressed and liquid air. Here, we develop a comprehensive mathematical model for the operation of the hybrid CAES-CES plant, incorporating discrete constraints to manage internal energy transfers and coordination. The model is leveraged to develop the: i) look-ahead dispatch schedule over the following days to enhance adaptability in managing stored energy to maximize benefits, and ii) strategic behavior in electricity markets through unified offers/bids submission. The dispatch problem is structured as a bi-level optimization, with the lower-level addressing market-clearing processes and the upper-level handling storage profit maximization. We reformulate the bi-level setup into a mixed-integer programming model using a mathematical program with equilibrium constraints. To mitigate the computational burden associated with the large number of integer variables in the optimization, we implement a learning-assisted framework for warm-starting these variables. Numerical results show that the hybrid plant can yield up to a 9.08% profit improvement over the standalone alternative under the look-ahead strategy. Further, results demonstrate that under the bi-level setup, the warm-start strategy effectively reduces computation time by 29.30% and 13.35% in the 24- and 118-bus networks, respectively.",Hooman Khaloie; Andrej Stankovski; Blazhe Gjorgiev; Giovanni Sansavini; François Vallée,"Power Systems and Markets Research Group, Electrical Power Engineering Unit, University of Mons, Mons, Belgium; Reliability and Risk Engineering Laboratory, Institute of Energy and Process Engineering, ETH Zurich, Zurich, Switzerland; Reliability and Risk Engineering Laboratory, Institute of Energy and Process Engineering, ETH Zurich, Zurich, Switzerland; Reliability and Risk Engineering Laboratory, Institute of Energy and Process Engineering, ETH Zurich, Zurich, Switzerland; Power Systems and Markets Research Group, Electrical Power Engineering Unit, University of Mons, Mons, Belgium","IEEE Transactions on Energy Markets, Policy and Regulation",2025,3,3,376,392,2771-9626,,https://doi.org/10.1109/TEMPR.2025.3589133,https://ieeexplore.ieee.org/stamp/stamp.jsp?tp=&arnumber=11079958,Bi-level programming; compressed air energy storage (CAES); cryogenic energy storage (CES); hybrid storage; learning-assisted optimization; look-ahead dispatch,Energy storage; Liquids; Optimization; Indexes; Cryogenics; Electricity supply industry; Mathematical models; Generators; Costs; Power generation dispatch,,3,,,LOCKED,,Sept. 2025,,IEEE,Journals,,,0,
10.1109/TEMPR.2025.3537665,Long-Term Hydrothermal Bid-Based Market Simulator,"Simulating long-term hydrothermal bid-based markets considering strategic agents is a challenging task. The representation of strategic agents considering intertemporal constraints within a stochastic framework brings additional complexity to the already difficult single-period bilevel, thus, non-convex, optimal bidding problem. Thus, we propose a simulation methodology that effectively addresses these challenges for large-scale hydrothermal power systems. We demonstrate the effectiveness of the framework through a case study with real data from the large-scale Brazilian power system. In the case studies, we show the effects of market concentration in power systems and how contracts can be used to mitigate them. In particular, we show how market power might affect the current setting in Brazil. The developed method can strongly benefit policymakers, market monitors, and market designers as simulations can be used to understand existing power systems and experiment with alternative designs.",Joaquim Dias Garcia; Alexandre Street; Mario Veiga Pereira,"PSR, Rio de Janeiro, Rio de Janeiro, Brazil; Electrical Engineering Department and LAMPS PUC-Rio, at the Pontifical Catholic University of Rio de Janeiro, Rio de Janeiro, Brazil; PSR, Rio de Janeiro, Brazil","IEEE Transactions on Energy Markets, Policy and Regulation",2025,3,2,144,156,2771-9626,,https://doi.org/10.1109/TEMPR.2025.3537665,https://ieeexplore.ieee.org/stamp/stamp.jsp?tp=&arnumber=10869374,Power system simulation; strategic bidding; SDDP; hydrothermal dispatch; Brazil; contracts; market power,Costs; Uncertainty; Optimization; Regulation; Convex hulls; Stochastic processes; Complexity theory; Power system simulation; Contracts; Hydroelectric power generation,,3,,,LOCKED,,Jun-25,,IEEE,Journals,,,0,
10.1109/TEMPR.2024.3517474,Electricity Market-Clearing With Extreme Events,"Extreme events jeopardize power network operations, causing beyond-design failures and massive supply interruptions. Existing market designs fail to internalize and systematically assess the risk of extreme and rare events. Efficiently maintaining the reliability of renewable-dominant power systems during extreme weather events requires co-optimizing system resources, while differentiating between large/rare and small/frequent deviations from forecast conditions. To address this gap in both research and practice, we propose managing the uncertainties associated with extreme weather events through an additional reserve service, termed extreme reserve. The procurement of extreme reserve is co-optimized with energy and regular reserve using a large deviation theory chance-constrained (LDT-CC) model, where LDT offers a mathematical framework to quantify the increased uncertainty during extreme events. To mitigate the high additional costs associated with reserve scheduling under the LDT-CC model, we also propose an LDT model based on weighted chance constraints (LDT-WCC). This model prepares the power system for extreme events at a lower cost, making it a less conservative alternative to the LDT-CC model. The proposed market design leads to a competitive equilibrium while ensuring cost recovery. Numerical experiments on an illustrative system and a modified 8-zone ISO New England system highlight the advantages of the proposed market design.",Tomás Tapia; Zhirui Liang; Charalambos Konstantinou; Yury Dvorkin,"Department of Electrical and Computer Engineering, Johns Hopkins University, Baltimore, MD, USA; Department of Electrical and Computer Engineering, Johns Hopkins University, Baltimore, MD, USA; Department of Computer, Electrical and Mathematical Sciences and Engineering, King Abdullah University of Science and Technology, Thuwal, Makkah, Saudi Arabia; Department of Electrical and Computer Engineering and Department of Civil and System Engineering, Johns Hopkins University, Baltimore, MD, USA","IEEE Transactions on Energy Markets, Policy and Regulation",2025,3,2,194,208,2771-9626,,https://doi.org/10.1109/TEMPR.2024.3517474,https://ieeexplore.ieee.org/stamp/stamp.jsp?tp=&arnumber=10798578,Optimization models; power system economics; power system reliability,Uncertainty; Optimization; Meteorology; Generators; Costs; Wind forecasting; Pricing; Mathematical models; Power system economics; Power markets; Power system reliability,,3,,,LOCKED,,Jun-25,,IEEE,Journals,,,0,
10.1109/TEMPR.2025.3613973,Improving Sequential Market Coordination via Value-Oriented Renewable Energy Forecasting,"Large penetration of renewable energy sources (RESs) brings huge uncertainty into the electricity markets. The current deterministic clearing approach in the day-ahead (DA) market, where RESs participate based on expected production, has been criticized for causing a lack of coordination between the DA and real-time (RT) markets, leading to high overall operating costs. Previous works indicate that improving day-ahead RES entering quantities can significantly mitigate the drawbacks of deterministic clearing. In this work, we propose using a trained forecasting model, referred to as value-oriented forecasting, to determine RES Improved Entering Quantities (RIEQ) more efficiently during the operational phase. Unlike traditional models that minimize statistical forecasting errors, our approach trains model parameters to minimize the expected overall operating costs across both DA and RT markets. We derive the exact form of the loss function used for training, which becomes piecewise linear when market clearing is modeled by linear programs. Additionally, we provide the analytical gradient of the loss function with respect to the forecast, enabling an efficient training strategy. Numerical studies demonstrate that our forecasts significantly reduce overall operating costs for deterministic market clearing compared to conventional forecasts based on expected RES production. Keywords: Energy forecasting, Surrogate Loss, Forecast value, Market clearing, Decision-focused learning",Yufan Zhang; Honglin Wen; Yuexin Bian; Yuanyuan Shi,"Department of Electrical and Computer Engineering, University of California San Diego, San Diego, CA, USA; School of Electrical Engineering, Shanghai Jiao Tong University, Shanghai, China; Department of Electrical and Computer Engineering, University of California San Diego, San Diego, CA, USA; Department of Electrical and Computer Engineering, University of California San Diego, San Diego, CA, USA","IEEE Transactions on Energy Markets, Policy and Regulation",2025,3,4,408,423,2771-9626,,https://doi.org/10.1109/TEMPR.2025.3613973,https://ieeexplore.ieee.org/stamp/stamp.jsp?tp=&arnumber=11177233,Decision-focused learning; energy forecasting; forecast value; market clearing; surrogate loss,Forecasting; Predictive models; Costs; Training; Real-time systems; Generators; Schedules; Renewable energy sources; Stochastic processes; Computational modeling; Power markets,,3,,,LOCKED,,Dec. 2025,,IEEE,Journals,,,0,
10.1109/TEMPR.2024.3495237,"Fair Least Core: Efficient, Stable and Unique Game-Theoretic Reward Allocation in Energy Communities by Row-Generation","Energy Communities are increasingly proposed as a tool to boost renewable penetration and maximize citizen participation in energy matters. These policies enable the formation of legal entities that bring together power system members, enabling collective investment and operation of energy assets. However, designing appropriate reward schemes is crucial to fairly foster individuals to join, as well to ensure collaborative and stable aggregation, maximizing community benefits. Cooperative Game Theory, emphasizing coordination among members, has been extensively proposed for ECs and microgrids; however, it is still perceived as obscure and difficult to compute due to its exponential computational requirements. This study proposes a novel framework for stable fair benefit allocation, named Fair Least Core, that provides uniqueness, reproducibility, stability and fairness. A novel row-generation algorithm is also proposed that allows to efficiently compute the imputations for coalitions of practical size. A case study of ECs with up to 100 members shows the stability, reproducibility, fairness and efficiency properties of proposed model. The results also highlight how the market power of individual users changes as the community grows larger, which can steer the development of practical reliable, robust and fair reward allocations for energy system applications.",Davide Fioriti; Giancarlo Bigi; Antonio Frangioni; Mauro Passacantando; Davide Poli,"Department of Energy, Systems, Territory and Construction Engineering, University of Pisa, Pisa, Italy; Dipartimento di Informatica, University of Pisa, Pisa PI, Italy; Dipartimento di Informatica, University of Pisa, Pisa PI, Italy; Department of Business and Law, University of Milano-Bicocca, Milan MI, Italy; Department of Energy, Systems, Territory and Construction Engineering, University of Pisa, Pisa, Italy","IEEE Transactions on Energy Markets, Policy and Regulation",2025,3,2,170,181,2771-9626,,https://doi.org/10.1109/TEMPR.2024.3495237,https://ieeexplore.ieee.org/stamp/stamp.jsp?tp=&arnumber=10748402,Coalition fairness and stability; energy community; energycommunity.jl; fair least core; game theory; mixed - integer linear programming (MILP),Resource management; Power system stability; Planning; Investment; Stability criteria; Renewable energy sources; Game theory; Tariffs; Reproducibility of results; Mixed integer linear programming; Algorithm design and analysis,,3,,,CCBY - IEEE is not the copyright holder of this material. Please follow the instructions via https://creativecommons.org/licenses/by/4.0/ to obtain full-text articles and stipulations in the API documentation.,,Jun-25,,IEEE,Journals,,,0,
10.1109/TEMPR.2024.3454413,"A Distance Metric Based Approach for Analyzing, Assessing, and Strengthening EV Policy","In realizing seamless mass adoption of electric vehicles (EVs), the government plays a vital role by framing and implementing various EV related policies. These policies, if framed adequately, play a key role in achieving electrification of transportation in States. The literature review suggests that there is a pressing need to develop a unified method to analyze the EV policy of a State and determine its effectiveness as well as key interventions to strengthen EV policy. Therefore, to determine the quality and the effectiveness of EV policies, a quantitative analysis of EV policies by using the Hamming distance and the L1 norm (Manhattan distance) has been proposed in this paper. The policies are analyzed based on essential interventions to promote and strengthen electric mobility. This paper proposes an L1 norm-based EV policy analysis that assigns a remoteness score to indicate the status of the existing EV policy and its implementation when compared to the ideal EV policy. The paper proposes an approach that is based on three methods to improve the remoteness score: cost of intervention implementation, benefit of the intervention to the EV ecosystem, and the number of move/steps that are required to reduce the remoteness score. The proposed approach as applied to various Indian State EV policies has identified the States whose EV policies have lower remoteness score, thereby highlighting the States having relatively better EV policies. The analysis of these methods for optimal intervention selection when implemented for various State EV policies shows that the intervention implementation cost-based method is the most economical one. This paper formulates a linear optimization problem with the objective of intervention-implementation cost minimization to develop an economical roadmap to reduce the remoteness score. Recommendations for EV policy makers and stakeholders using an optimization based quantitative analysis of EV policies in India are also presented in this paper.",Payal Vyankat Dahiwale; Zakir H. Rather; Indradip Mitra,"Department of Energy Science and Engineering, Indian Institute of Technology Bombay, Mumbai, India; Department of Energy Science and Engineering, Indian Institute of Technology Bombay, Mumbai, India; IT Power India Pvt. Ltd., Delhi, India","IEEE Transactions on Energy Markets, Policy and Regulation",2025,3,1,46,58,2771-9626,,https://doi.org/10.1109/TEMPR.2024.3454413,https://ieeexplore.ieee.org/stamp/stamp.jsp?tp=&arnumber=10664029,Electrical vehicle; EV policy; hamming distance; L1 norm; quantitative analysis,Ecosystems; Transportation; Stakeholders; Statistical analysis; Optimization; Electric vehicles; Hamming distances; Government policies,,3,,,LOCKED,,Mar-25,,IEEE,Journals,,,0,
10.1109/TEMPR.2024.3485948,Market Implications of Alternative Operating Reserve Modeling in Wholesale Electricity Markets,"Pricing and settlement mechanisms are crucial for efficient resource allocation, investment incentives, market competition, and regulatory oversight. In the United States, Regional Transmission Operators (RTOs) adopts a uniform pricing scheme that hinges on the marginal costs of supplying additional electricity. This study investigates the pricing and settlement impacts of alternative reserve constraint modeling, highlighting how even slight variations in the modeling of constraints can drastically alter market clearing prices, reserve quantities, and revenue outcomes. Focusing on the diverse market designs and assumptions in ancillary services by U.S. RTOs, particularly in relation to capacity sharing and reserve substitutions, the research examines four distinct models that combine these elements based on a large-scale synthetic power system test data. Our study provides a critical insight into the economic implications and the underlying factors of these alternative reserve constraints through market simulations and data analysis.",Hamid Davoudi; Fengyu Wang; Yonghong Chen; Di Shi; Alinson Xavier; Feng Qiu,"New Mexico State University, Las Cruces, NM, USA; New Mexico State University, Las Cruces, NM, USA; National Renewable Energy Laboratory, Golden, CO, USA; New Mexico State University, Las Cruces, NM, USA; Argonne National Lab, Lemont, IL, USA; Argonne National Lab, Lemont, IL, USA","IEEE Transactions on Energy Markets, Policy and Regulation",2025,3,1,1,12,2771-9626,,https://doi.org/10.1109/TEMPR.2024.3485948,https://ieeexplore.ieee.org/stamp/stamp.jsp?tp=&arnumber=10735782,Ancillary services; capacity sharing; market clearing; market settlements; pricing schemes; reserve market; reserve requirements,Costs; Pricing; Regulation; Electricity supply industry; Generators; Security; Resource management; Constraint handling; Modeling; Natural gas; Renewable energy sources,,3,,,LOCKED,,Mar-25,,IEEE,Journals,,,0,
10.1109/TEMPR.2025.3563193,Optimizing Forward Market Trading Strategy for Renewable Power Producers Considering Revenue Sufficiency and Risk,"The increasing penetration of renewable energy leads to the frequent occurrences of zero-marginal-cost phenomenon in the spot market and causes missing money problems for renewable power producers (RPPs). Engagement in the forward market is a viable solution for RPPs to address this issue. This paper establishes a distributionally robust mean-variance model to optimize the RPPs' forward trading strategies. The model is further transformed into a tractable second-order-cone-programming one. Based on this model, RPPs are able to ensure their revenue sufficiency and mitigate revenue risks through the engagement in the forward market. We conduct case studies on RPPs' forward trading strategies under three typical market scenarios. In addition, we study the impacts of delivery mechanisms and the price of forward market on RPPs' trading strategies.",Mingchen Ma; Jiawei Zhang; Haiyang Jiang; Yifu Chen; Yating Wang; Ning Zhang,"State Key Laboratory of Power Systems, Department of Electrical Engineering, Tsinghua University, Beijing, China; State Key Laboratory of Power Systems, Department of Electrical Engineering, Tsinghua University, Beijing, China; State Key Laboratory of Power Systems, Department of Electrical Engineering, Tsinghua University, Beijing, China; School of electrical engineering, Chongqing University, Chongqing, China; Power development research institute, China Electric Power Planning & Engineering Institute, Beijing, China; State Key Laboratory of Power Systems, Department of Electrical Engineering, Tsinghua University, Beijing, China","IEEE Transactions on Energy Markets, Policy and Regulation",2025,3,2,209,222,2771-9626,,https://doi.org/10.1109/TEMPR.2025.3563193,https://ieeexplore.ieee.org/stamp/stamp.jsp?tp=&arnumber=10973785,Forward market; power market; revenue sufficiency; risk management,Renewable energy sources; Forward contracts; Power markets; Generators; Regulation; Power systems; Pricing; Costs; Risk management,,2,,,LOCKED,,Jun-25,,IEEE,Journals,,,0,
10.1109/TEMPR.2025.3529689,Flexibility Options: A Proposed Product for Managing Imbalance Risk,"The presence of variable renewable energy resources with uncertain outputs in day-ahead electricity markets results in additional balancing needs in real-time. Addressing those needs cost-effectively and reliably within a competitive market with unbundled products is challenging as both the demand for and the availability of flexibility depends on day-ahead energy schedules. Existing approaches for reserve procurement usually rely either on oversimplified demand curves that do not consider how system conditions that particular day affect the value of flexibility, or on bilateral trading of hedging instruments that are not co-optimized with day-ahead schedules. This article presents and analyzes a new product, ‘Flexibility Options’, which system operators could consider to address these two limitations. The demand for this product is endogenously determined in the day-ahead market and it is met cost-effectively by considering real-time supply curves for product providers, which are co-optimized with the energy supply. As we illustrate with numerical examples and mathematical analysis, the product addresses the hedging needs of participants with imbalances cost-effectively, provides a less intermittent revenue stream for participants with flexible outputs, promotes value-driven pricing of flexibility, and ensures that the system operator is revenue-neutral. This article provides a comprehensive design that can be further tested and applied in large-scale systems.",Elina Spyrou; Qiwei Zhang; Robin B. Hytowitz; Benjamin F. Hobbs; Siddharth Tyagi; Mengmeng Cai; Michael Blonsky,"Power Systems Engineering Center of the National Renewable Energy Laboratory, Golden, CO, USA; Johns Hopkins University, Baltimore, MD, USA; Electric Power Research Institute, Palo Alto, CA, USA; Johns Hopkins University, Baltimore, MD, USA; Johns Hopkins University, Baltimore, MD, USA; Power Systems Engineering Center of the National Renewable Energy Laboratory, Golden, CO, USA; Grid Planning and Analysis Center, National Renewable Energy Laboratory Golden, Colorado, USA","IEEE Transactions on Energy Markets, Policy and Regulation",2025,3,3,260,273,2771-9626,,https://doi.org/10.1109/TEMPR.2025.3529689,https://ieeexplore.ieee.org/stamp/stamp.jsp?tp=&arnumber=10847927,Electricity markets; flexibility; hedging; imbalance risk; operational uncertainty,Costs; Schedules; Renewable energy sources; Procurement; Reliability; Real-time systems; Stochastic processes; Power markets; Uncertainty,,2,,,LOCKED,,Sept. 2025,,IEEE,Journals,,,0,
10.1109/TEMPR.2025.3558414,Federated Multi-Agent Deep Reinforcement Learning-Based Competitive Pricing Strategy for Charging Station Operators,"With the rapid advancements in transportation electrification, the proliferation of electric vehicles (EVs) has interconnected power and transportation networks, forming the vehicle-traffic-power nexus. By setting charging prices, charging station operators (CSOs) can effectively guide the charging behavior of EVs, alleviate grid stress, and enhance profitability. This paper proposes a Nash-Stackelberg-Nash (N-S-N) game model to investigate the competitive charging pricing strategy for CSOs. We establish the stochastic user equilibrium with the elastic demand traffic assignment problem (SUE-ED-TAP) model to account for users' incomplete rationality and perception errors regarding trip costs. Furthermore, to protect the privacy of both CSOs and EV users, a federated multi-agent deep reinforcement learning-based solution method is proposed to solve this problem. In this method, a non-profit aggregator is introduced to exchange neural network parameters among agents, enabling privacy-preserving and collaborative learning without sharing CSOs' data. Case studies on two test systems show that the proposed method achieves higher profits compared to existing algorithms.",Yezhen Wang; Qiuwei Wu; Zepeng Li; Shengyu Tao; Shiwei Xie; Xuan Zhang; Wai Kin Victor Chan,"Tsinghua-Berkeley Shenzhen Institute, Tsinghua University, Shenzhen, China; Tsinghua-Berkeley Shenzhen Institute, Tsinghua University, Shenzhen, China; Tsinghua-Berkeley Shenzhen Institute, Tsinghua University, Shenzhen, China; Tsinghua-Berkeley Shenzhen Institute, Tsinghua University, Shenzhen, China; School of Electrical Engineering and Automation, Fuzhou University, Fuzhou, China; Tsinghua-Berkeley Shenzhen Institute, Tsinghua University, Shenzhen, China; Tsinghua-Berkeley Shenzhen Institute, Tsinghua University, Shenzhen, China","IEEE Transactions on Energy Markets, Policy and Regulation",2025,3,3,363,375,2771-9626,,https://doi.org/10.1109/TEMPR.2025.3558414,https://ieeexplore.ieee.org/stamp/stamp.jsp?tp=&arnumber=10950133,Coupled power and transportation network; competitive charging pricing strategy; federated multi-agent deep reinforcement learning; stochastic user equilibrium,Pricing; Costs; Games; Transportation; Privacy; Stochastic processes; Mathematical models; Multi-agent systems; Deep reinforcement learning; Federated learning; Electric vehicle charging; Charging stations,,2,,,LOCKED,,Sept. 2025,,IEEE,Journals,,,0,
10.1109/TEMPR.2025.3555378,Ensuring Grid-Safe Forwarding of Distributed Flexibility in Sequential DSO-TSO Markets,"This paper investigates sequential flexibility markets consisting of a first market layer for distribution system operators (DSOs) to procure local flexibility to resolve their own needs (e.g., congestion management) followed by a second layer, in which the transmission system operator (TSO) procures remaining flexibility forwarded from the distribution system layer as well as flexibility from its own system for providing system services. As the TSO does not necessarily have full knowledge of the distribution grid constraints, this bid forwarding can cause an infeasibility problem for distribution systems, i.e., cleared distribution-level bids in the TSO layer might not satisfy local network constraints. To address this challenge, we formally introduce and examine three methods aiming to enable the grid-safe use of distribution-located resources in markets for system services, namely: a corrective three-layer market scheme, a bid prequalification/filtering method, and a novel bid aggregation method. Technically, we provide conditions under which these methods can produce a grid-safe use of distributed flexibility. We also characterize the efficiency of the market outcome under these methods and reflect on their practicalities. Finally, we carry out a representative case study to evaluate the performances of the three methods, focusing on economic efficiency, grid-safety, and computational load.",Wicak Ananduta; Anibal Sanjab; Luciana Marques,"Flemish Institute for Technological Research (VITO), EnergyVille, Genk, Belgium; Flemish Institute for Technological Research (VITO), EnergyVille, Genk, Belgium; Flemish Institute for Technological Research (VITO), EnergyVille, Genk, Belgium","IEEE Transactions on Energy Markets, Policy and Regulation",2025,3,2,157,169,2771-9626,,https://doi.org/10.1109/TEMPR.2025.3555378,https://ieeexplore.ieee.org/stamp/stamp.jsp?tp=&arnumber=10943263,Flexibility markets; multi-level optimization; power system economics; TSO-DSO coordination; bid forwarding,Distribution networks; Costs; Regulation; Procurement; Load flow; Upper bound; Numerical models; Power system economics; Algorithm design and analysis,,2,,,LOCKED,,Jun-25,,IEEE,Journals,,,0,
10.1109/TEMPR.2025.3547375,An Approach for Scheduling and Unlocking Heterogeneous Distributed Energy Resources as Operating Reserve Assets,"This study introduces a new paradigm for day-ahead flexibility scheduling (DFS) aimed at unlocking the potential of distributed energy resources to enhance operational security in regions with high penetration of intermittent renewables and fluctuating load demands and supports system operators by providing operating reserves through a regional flexibility resources scheduling framework. It incorporates a next-day uncertainty model (NUM) to account for various operational uncertainties and assess flexibility costs. The DFS framework includes optimal day-ahead flexibility scheduling for maintaining regional grid security (DFS-RGS) and providing reserve ancillary services (DFS-RAS). To improve scalability for practical deployment, the NUM utilizes scenario condensation and constraint linearization techniques. Simulation results demonstrate that dispatches from DFS-RGS and DFS-RAS are robust and economically efficient, ensuring secure system operations while aggregating additional power reserves in active distribution networks.",Zhao-Cheng Chen; Chan-Nan Lu,"Taiwan Power Company, Taipei, Taiwan; National Sun Yat-sen University, Kaohsiung, Taiwan","IEEE Transactions on Energy Markets, Policy and Regulation",2025,3,3,274,286,2771-9626,,https://doi.org/10.1109/TEMPR.2025.3547375,https://ieeexplore.ieee.org/stamp/stamp.jsp?tp=&arnumber=10909622,Distributed energy resources; distribution system operator; regional flexibility resources; robust optimization; stochastic optimization; operating reserve; uncertainty,Uncertainty; Renewable energy sources; Regulation; Costs; Procurement; Systems operation; Reactive power; Optimal scheduling; Security; Distributed power generation; Optimization,,2,,,LOCKED,,Sept. 2025,,IEEE,Journals,,,1,Taiwan Power Company (Taipower)
10.1109/TEMPR.2024.3500068,Exploring and Quantifying the Impact of Ex-Ante Market Power Mitigation in the Integrated European Day-Ahead Electricity Market,"Default Energy Bids (DEBs) lie among the most prominent ex-ante market power mitigation approaches implemented in modern electricity markets. This paper presents a conduct-and-impact methodology for the exploration and quantification of the impact that the enforcement of DEBs would have on the operation of the integrated European day-ahead electricity market as a whole. A quantitative large-scale simulation of the day-ahead market of eighteen European countries has been performed in order to evaluate the effect that the implementation of various DEB levels in the sell orders of thermal generating units would have on the market clearing prices and the associated revenues of market participants. Extensive scenario-based chronological simulations using a specialized and commercially available day-ahead market simulation software for a historical two-month period in 2021-2022 indicated that if thermal generating units were allowed to bid above their average variable cost only by up to 10–30%, day-ahead market clearing prices in most European countries would decrease, also leading to lower market revenues from −5.2% up to −9.9% for all market participants. The proposed methodology is directly applicable to unit-based day-ahead electricity markets in Europe. An extension to European portfolio-based day-ahead markets is also proposed.",Christos K. Simoglou; Pandelis N. Biskas; Georgios I. Tsoumalis; Alex D. Papalexopoulos,"Department of Mechanical Engineering, International Hellenic University, Serres, Greece; School of Electrical and Computer Engineering, Aristotle University of Thessaloniki, Thessaloniki, Greece; School of Electrical and Computer Engineering, Aristotle University of Thessaloniki, Thessaloniki, Greece; ECCO International Inc., San Francisco, CA, USA","IEEE Transactions on Energy Markets, Policy and Regulation",2025,3,1,83,97,2771-9626,,https://doi.org/10.1109/TEMPR.2024.3500068,https://ieeexplore.ieee.org/stamp/stamp.jsp?tp=&arnumber=10754903,Day-ahead market; default energy bids; European electricity market; market power; market simulation,Prevention and mitigation; Electricity supply industry; Costs; Europe; Generators; Fuels; Electricity; Regulation; Power markets; Simulation,,2,,,LOCKED,,Mar-25,,IEEE,Journals,,,0,
10.1109/TEMPR.2025.3580217,Minimizing Bid Adjustments and Maximizing Flexibility: A Comprehensive Framework for Grid Prequalification of DERs,"Distributed Energy Resources (DERs) offer great potential to provide flexibility-based services but come with operational challenges when integrated in the centralized ancillary service (AS) market operated by transmission system operator (TSO). The current market arrangement lacks sufficient resolution of distribution constraints during market clearing. To address this issue, a detailed grid prequalification process is required before DER participation in the centralized market. In this context, this paper introduces a detailed framework for distribution system operators (DSOs) to qualify DERs and adjust their operational limits, maximizing flexibility with minimal bid deviation. The framework employs network capability regions to consider distribution constraints, uses the Euclidean distance to reduce complex power deviations, and considers grid integration costs as a preference criterion for bid modifications. Results confirm that using a single network capability region allows for dynamic prequalification, which enhances transparency and reduces the need for bid adjustments. Additionally, considering grid integration costs can lead to savings on future reinforcement expenses for DSOs. The approach has been tested using IEEE standard bus systems, demonstrating enhanced flexibility in DERs, which is transferred to the TSO. This approach is suitable for larger systems having multiple DERs connected under a single DSO.",Rohit Vijay; Parul Mathuria,"Centre for Energy and Environment, Malviya National Institute of Technology, Jaipur, India; Centre for Energy and Environment, Malviya National Institute of Technology, Jaipur, India","IEEE Transactions on Energy Markets, Policy and Regulation",2025,3,3,352,362,2771-9626,,https://doi.org/10.1109/TEMPR.2025.3580217,https://ieeexplore.ieee.org/stamp/stamp.jsp?tp=&arnumber=11037491,Centralized AS market; DER’s flexibility; network capability region; prequalification; TSO-DSO coordination,Reactive power; Costs; Upper bound; Distribution networks; Indexes; Load flow; Euclidean distance; Distributed power generation,,1,,,LOCKED,,Sept. 2025,,IEEE,Journals,,,0,
10.1109/TEMPR.2025.3625065,Optimal Sizing of Hybrid Power Plants Considering Multiple Electricity Market Participation,"The short-term uncertainties associated with renewable energy resources lead to imbalances in the power systems, posing major challenges for operators. Energy storage systems, such as batteries, are increasingly considered a promising solution to mitigate these concerns. Thus, co-located wind and battery hybrid power plants (HPPs) operating with a single grid connection are poised to play a vital role in achieving balance in future energy systems. In addition, batteries can potentially improve revenue generation for HPP owners in the electricity markets. However, assessing the profitability of HPPs across different electricity markets such as spot market and balancing market to offset initial investment costs requires a thorough investigation, making optimal HPP sizing crucial. Optimal decisions are also critical for battery operation in various electricity markets, necessitating the modeling of HPP energy management system (EMS) for market participation. Hence, this work proposes a novel EMS that captures spot and balancing markets and performs efficiently within an outer non-linear sizing optimization, aiming to determine the plant's optimal bidding strategy in different electricity markets and optimal plant design for higher returns on investment. Simulations for a wind-dominated region in Northern Europe show significant potential to enhance HPP profitability up to 4 times through strategic multi-market participation and optimal plant sizing.",Megha Gupta; Juan Pablo Murcia Leon; Kaushik Das,"Department of Wind and Energy Systems, Technical University of Denmark, Roskilde, Denmark; Department of Wind and Energy Systems, Technical University of Denmark, Roskilde, Denmark; Department of Wind and Energy Systems, Technical University of Denmark, Roskilde, Denmark","IEEE Transactions on Energy Markets, Policy and Regulation",2025,3,4,498,510,2771-9626,,https://doi.org/10.1109/TEMPR.2025.3625065,https://ieeexplore.ieee.org/stamp/stamp.jsp?tp=&arnumber=11215996,Battery storage; electricity markets; hybrid power plant; revenue maximization; sizing optimization,Electricity supply industry; Batteries; Investment; Power generation; Optimization; Hybrid power systems; Profitability; Regulation; Wind power generation; Power markets; Energy management systems,,1,,,LOCKED,,Dec. 2025,,IEEE,Journals,,,0,
10.1109/TEMPR.2025.3591824,Institutional Barriers to Renewable Power Exchange and Emissions Reductions: An India Case Study,"Institutional barriers such as local generation preferences, purchase agreements, and regulatory restrictions on contracting costs can hamper the interregional coordination needed to maximize the benefits of variable renewables. Such nonphysical barriers prevent optimization of dispatch across multiple control areas. Previous studies either assume efficient trade subject to physical transmission and generation constraints, or simple $/MWh hurdle rates for trade profitability, without explicitly relating model parameters to specific institutional features that could be addressed by market reforms. Here, we propose a market model with explicit representation of institutional barriers. Drawing inspiration from the international trade literature, where trade across jurisdictions is distinguished based on the origin of commodities, we add institutional constraints to a standard unit commitment model. Applying this model to India, we demonstrate how barriers to interstate power flow impact operating costs, emissions, and renewable energy integration. We find that these constraints could increase India’s annual bulk power operating costs by up to 29%, raise emissions by about 3%, and lead to renewable energy curtailment of more than 10% in some states. As India aims to increase non-fossil fuel-based capacity to 500 GW by 2030, addressing these inefficiencies is crucial.",Puneet Chitkara; Xiaoxue Hou; Johannes Urpelainen; Benjamin F. Hobbs,"India Energy Exchange, New Delhi, India; Energy Innovation Policy and Technology LLC, Washington, DC, USA; Ralph O’Connor Sustainable Energy Institute, Johns Hopkins University, Baltimore, MD, USA; Ralph O’Connor Sustainable Energy Institute, Johns Hopkins University, Baltimore, MD, USA","IEEE Transactions on Energy Markets, Policy and Regulation",2025,3,4,424,439,2771-9626,,https://doi.org/10.1109/TEMPR.2025.3591824,https://ieeexplore.ieee.org/stamp/stamp.jsp?tp=&arnumber=11090030,Renewable energy integration; unit commitment; electricity markets; successive linear programming,Costs; Renewable energy sources; Power systems; Load modeling; International trade; Generators; Power markets; Linear programming; Government policies; Power system management,,1,,,LOCKED,,Dec. 2025,,IEEE,Journals,,,0,
10.1109/TEMPR.2024.3421888,An Affordable Sophisticated Frequency Control Ancillary Services for Australian National Electricity Market System Considering Industry and Infrastructure Challenges,"This industry-oriented paper proposes a novel sophisticated frequency control and its ancillary services framework for the Australian National Electricity Market (NEM) power system considering the special design of its current automatic generation control system, which does not involve interconnectors between different power regions, resulting in technical challenges for both stability and security of the system. The proposed new method converts the NEM centralized frequency control system to a fully decentralized one with virtual consideration of interconnectors' power, thus the stability and security would be improved, and high fluctuations in interchanged power would be smoothed without extra costs of infrastructure and procurement of frequency control ancillary reserves (FCASs). The novel idea is to model the interconnectors' power deviation as unknown input to the operator in each power region, like load disturbances and renewable power variations, using dynamic observation techniques, for enabling the proposed method capabilities. The method is theoretically verified that it can enhance stability and security and stabilize both local frequencies and power exchanges. The experiment results confirm the capability of the proposed method for the NEM system and its superiority over the existing adopted approaches in industries.",Hassan Haes Alhelou; Behrooz Bahrani; Jin Ma,"School of Engineering, Massachusetts Institute of Technology (MIT), Cambridge, MA, USA; Department of Electrical and Computer System Engineering, Monash University, Clayton, VIC, Australia; School of Electrical and Information Engineering, University of Sydney, Sydney, NSW, Australia","IEEE Transactions on Energy Markets, Policy and Regulation",2025,3,1,72,82,2771-9626,,https://doi.org/10.1109/TEMPR.2024.3421888,https://ieeexplore.ieee.org/stamp/stamp.jsp?tp=&arnumber=10582544,Power system transformation; frequency control; AGC; advanced control; national electricity market,Frequency control; Power system stability; Security; Australia; Automatic generation control; Stability criteria; Power markets,,1,,,LOCKED,,Mar-25,,IEEE,Journals,,,0,
10.1109/TEMPR.2025.3584189,Joint Investment-Operation Planning for Assessing the Economic Impact of Hydrogen Integration in Power Systems,"The transition to renewable energy is pivotal for achieving decarbonization goals in the electricity sector. The focus on low-carbon emissions extends beyond the power sector, emphasizing the need for efficient planning for other energy carriers like green hydrogen. However, the intermittency of renewable sources necessitates solutions for operational planning and supply security, making energy storage systems vital for grid services. Battery energy storage systems (BESS) play a key role in future power networks dominated by renewables, as a short-term buffer. This study explores the conditions under which integrating large-scale BESS with hydrogen facilities in the power network enhances overall system profitability. We analyze this by formulating a joint investment-operation decision-making process, modeled as a mixed-integer chance-constrained optimization problem. To address computational challenges, we implement a scalable decomposition-based solution method that enables tractable optimization. Through the optimal solutions, we analyze different incentive strategies and technology cost scenarios to accelerate the kick-off of hydrogen production. By addressing the challenges of intermittency, pricing mechanisms, and optimizing the synergy between BESS and hydrogen systems, this research provides insights for resilient and profitable renewable energy networks, highlighting that hydrogen selling price significantly influences investment decisions and that incentives can accelerate market entry and transition.",Amin Maghami; Evrim Ursavas; Ashish Cherukuri,"Engineering and Technology Institute Groningen, University of Groningen, Groningen, The Netherlands; Faculty of Economics and Business, University of Groningen, Groningen, The Netherlands; Engineering and Technology Institute Groningen, University of Groningen, Groningen, The Netherlands","IEEE Transactions on Energy Markets, Policy and Regulation",2025,3,3,236,250,2771-9626,,https://doi.org/10.1109/TEMPR.2025.3584189,https://ieeexplore.ieee.org/stamp/stamp.jsp?tp=&arnumber=11062862,Chance-constrained optimization; hydrogen economy; optimization methods; renewable energy sources; storage expansion planning; uncertainty,Hydrogen; Costs; Renewable energy sources; Investment; Generators; Batteries; Uncertainty; Energy storage; Production; Optimization; Power system planning,,1,,,LOCKED,,Sept. 2025,,IEEE,Journals,,,0,
10.1109/TEMPR.2025.3564533,Beyond Price-Taker: Multiscale Optimization of Wind and Battery Integrated Energy Systems,"Integrating renewable energy into the electric grid is challenging due to the intermittency and variability of wind and other non-dispatchable resources. Integrated energy systems (IESs) combine multiple energy technologies (e.g., fossil, nuclear, renewables, storage) to reduce costs and improve flexibility and reliability. However, standard techno-economic analysis (TEA) methods often overestimate the benefits of IESs because they fail to account for energy market adjustments. This paper systematically studies the limitations of the prevailing price-taker assumption for TEA and optimization of hybrid energy systems. As an illustrative case study, we retrofit an existing wind farm in the RTS-GMLC test system (which loosely mimics the Southwest U.S.) with battery energy storage to form an IES. We show that the standard price-taker model overestimates the electricity revenue and the net present value (NPV) of the IES up to 178% and 30.4%, respectively, compared to our more rigorous multiscale optimization. These differences arise because introducing storage creates a more flexible resource that impacts the larger wholesale electricity market. Moreover, this work highlights the impact of the IES has on the market via various strategic bidding, and underscores the importance of moving beyond price-taker for optimal storage sizing and TEA of IESs. We conclude by discussing opportunities to generalize the proposed framework to other IESs, and highlight emerging research questions regarding the complex interactions between IESs and markets.",Xinhe Chen; Xian Gao; Darice Guittet; Radhakrishna Tumbalam Gooty; Bernard Knueven; John D. Siirola; David C. Miller; Alexander W. Dowling,"Department of Chemical and Biomolecular Engineering, University of Notre Dame, Notre Dame, IN, USA; Department of Chemical and Biomolecular Engineering, University of Notre Dame, Notre Dame, IN, USA; National Renewable Energy Laboratory, Golden, CO, USA; NETL Support Contractor, Pittsburgh, PA, USA; National Renewable Energy Laboratory, Golden, CO, USA; Sandia National Laboratories, Albuquerque, NM, USA; National Energy Technology Laboratory (NETL), Pittsburgh, PA, USA; Department of Chemical and Biomolecular Engineering, University of Notre Dame, Notre Dame, IN, USA","IEEE Transactions on Energy Markets, Policy and Regulation",2025,3,3,297,308,2771-9626,,https://doi.org/10.1109/TEMPR.2025.3564533,https://ieeexplore.ieee.org/stamp/stamp.jsp?tp=&arnumber=10982416,Battery energy storage; energy markets; net present value; production cost models; renewable energy,Renewable energy sources; Costs; Optimization; Generators; Wind farms; Uncertainty; Schedules; Battery energy storage system; Power markets; Pricing,,1,,,LOCKED,,Sept. 2025,,IEEE,Journals,,,0,
10.1109/TEMPR.2025.3573221,Equity-Oriented Two-Stage Market Clearing With Differentiated LMPs to Mitigate Energy Overburdens on Disadvantaged Communities,"The transition toward a sustainable electric energy system entails equitable access for consumers from all social groups. However, the current electricity market operation practice renders the same set of locational marginal prices (LMPs) to all consumers, neglecting disparate energy burdens of distinct social groups and inducing potential energy equity issues. To this end, this paper proposes an equity-oriented two-stage day-ahead network-constrained economic dispatch (T-NCED) model for wholesale energy market clearing. It offers stage-wise differentiated LMPs to loads of disparate energy burdens with enhanced energy equity. Specifically, the proposed T-NCED model minimizes the summed operation costs and LMP-based energy overburdens on disadvantaged communities; the first stage determines the optimal generation schedule to supply low-income loads (LILs) of disadvantaged communities and part of high-income loads (HILs) as variables to be optimized in this stage, to render equity-oriented LMPs for LILs with balanced operation costs and energy overburdens; the second stage is an incremental NCED problem which optimally increases power outputs of generators beyond their first-stage dispatch levels to satisfy the remaining HILs. The optimality of the proposed T-NCED model over the classical single-stage NCED (S-NCED) widely adopted by Independent System Operators and Regional Transmission Organizations is theoretically proved. Case studies on modified PJM 5-bus and IEEE 118-bus systems verify that the proposed T-NCED model with differentiated LMPs for loads of disparate energy burdens can effectively enhance energy equity, with insignificant generation deviations from the S-NCED results and reduced energy burdens on disadvantaged communities.",Zexin Liu; Philip Odonkor; Lei Wu,"Department of Electrical and Computer Engineering, Stevens Institute of Technology, Hoboken, NJ, USA; Department of Systems Engineering, Stevens Institute of Technology, Hoboken, NJ, USA; Department of Electrical and Computer Engineering, Stevens Institute of Technology, Hoboken, NJ, USA","IEEE Transactions on Energy Markets, Policy and Regulation",2025,3,4,451,462,2771-9626,,https://doi.org/10.1109/TEMPR.2025.3573221,https://ieeexplore.ieee.org/stamp/stamp.jsp?tp=&arnumber=11012738,Electricity market; energy equity; locational marginal price; network-constrained economic dispatch,Pricing; Generators; Load modeling; Costs; Tariffs; Analytical models; Transmission line measurements; Resource management; Power markets; Power generation dispatch,,1,,,LOCKED,,Dec. 2025,,IEEE,Journals,,,0,
10.1109/TEMPR.2025.3566646,The Impact of Multi-Location Electricity Consumers' Flexibility on Distributed Energy Resources' Pricing Power,"Multi-location electricity consumers (MLECs) procure electricity for loads at several locations, either from distributed energy resources (DERs) connected behind-the-meter or from the grid. If an MLEC cannot shift its demand between the locations, DERs will often be local monopolists behind the meter and have no incentive to offer the MLEC prices below the grid price. In contrast, if an MLEC can flexibly shift its demand, it may achieve lower procurement costs since the DERs in different locations now compete against each other, at least partially. By modeling a tri-level non-cooperative game between risk-averse DERs with the MLEC as a price-taker, we determine the critical level of MLECs' flexibility required to break DERs' market power. Our theoretical findings, corroborated by empirical simulations, reveal that MLECs with sufficient flexibility can significantly reduce their electricity procurement costs in decentralized energy markets by influencing DERs' pricing strategies.",Sara Mollaeivaneghi; Roozbeh Abolpour; Florian Steinke,"Energy Information Networks, Systems, Technical University of Darmstadt, Darmstadt, Germany; Energy Information Networks, Systems, Technical University of Darmstadt, Darmstadt, Germany; Energy Information Networks, Systems, Technical University of Darmstadt, Darmstadt, Germany","IEEE Transactions on Energy Markets, Policy and Regulation",2025,3,3,251,259,2771-9626,,https://doi.org/10.1109/TEMPR.2025.3566646,https://ieeexplore.ieee.org/stamp/stamp.jsp?tp=&arnumber=10986764,Distributed energy resources (DERs); game theory; load migration; pricing strategies,Pricing; Costs; Procurement; Load modeling; Optimization; Renewable energy sources; Distributed power generation; Game theory,,1,,,LOCKED,,Sept. 2025,,IEEE,Journals,,,0,
10.1109/TEMPR.2025.3649660,A Distributed Double Auction for Shared Energy Storage: Differentiated Pricing and Welfare Maximization,"Shared Energy Storage (SES) offers an effective means to enhance storage asset utilization and cost recovery, attracting increased participation from diverse generalized storage resources, such as electric vehicles and flexible loads. However, current SES trading mechanisms have several shortcomings. They often overlook differences in sellers' operational costs and technical capabilities. They also fail to allocate storage capacity to meet diverse buyer requirements and lack differentiated pricing strategies necessary for maximizing welfare. To address these limitations, this paper proposes a welfare-maximizing distributed double auction mechanism for multi-period SES capacity rights trading, explicitly accounting for sellers' heterogeneous utilities to different buyers and their dynamic time-varying costs. A dual settlement mechanism incorporating differentiated pricing is developed to incentivize self-interested market participants toward welfare-optimal behaviors by explicitly modeling their expected responses to allocation outcomes and pricing rules, ensuring convergence to socially optimal solutions. By decomposing the complex SES allocation problem into a market-level optimization and individual-level decision-making subproblems, the proposed approach significantly reduces computational complexity. Case studies demonstrate that the method effectively enhances social welfare by strategically matching high-utility buyers with low-cost sellers.",Jiaxiong Xiang; Ming Zhou; Chang Li; Zhaoyuan Wu,"State Key Laboratory of Alternate Electrical Power System with Renewable Energy Sources, North China Electric Power University, Beijing, China; State Key Laboratory of Alternate Electrical Power System with Renewable Energy Sources, North China Electric Power University, Beijing, China; State Key Laboratory of Alternate Electrical Power System with Renewable Energy Sources, North China Electric Power University, Beijing, China; State Key Laboratory of Alternate Electrical Power System with Renewable Energy Sources, North China Electric Power University, Beijing, China","IEEE Transactions on Energy Markets, Policy and Regulation",2025,PP,99,1,13,2771-9626,,https://doi.org/10.1109/TEMPR.2025.3649660,https://ieeexplore.ieee.org/stamp/stamp.jsp?tp=&arnumber=11320812,Shared energy storage; double auction; distributed iteration algorithm; social welfare; pricing mechanism,Costs; Pricing; Energy storage; Resource management; Vectors; Regulation; Electricity; Adaptation models; Privacy; Power system stability,,0,,,LOCKED,,,,IEEE,Early Access Articles,,,0,
10.1109/TEMPR.2025.3536935,Deregulating Grid-Enhancing Technologies Through Financial Transmission Rights,"To accommodate the increasing share of renewable energy, the transmission network needs to be upgraded. Grid-enhancing technologies (GETs) are attractive alternatives that can replace or complement grid expansion. GETs enhance grid flexibility and increase the transfer capability over the current network. A main challenge facing proliferation of GETs is the lack of proper financial incentives for their adoption and efficient operation. This paper develops a novel Financial Transmission Right (FTR) allocation mechanism to incentivize GETs installation. The model allocates maximum feasible incremental FTRs in the directions requested by investors, while keeping existing FTRs feasible. Using the concept of proxy FTRs, the investors can only obtain incremental FTRs that their investment enables through enhancing the transfer capability. The paper shows that the proposed method is revenue adequate. Two major types of GETs are presented as representative investments that are compatible with the proposed model. These include series flexible ac transmission system (FACTS) devices, such as variable-impedance FACTS and devices based on voltage-sourced converters (VSC), as well as voltage phase controllers. The proposed model is first illustrated on a 3-bus system and then implemented on the IEEE 30-bus system to show its efficiency and scalability.",Omid Mirzapour; Xinyang Rui; Mostafa Ardakani,"Department of Electrical and Computer Engineering, University of Utah, Salt Lake City, UT, USA; Department of Electrical and Computer Engineering, University of Utah, Salt Lake City, UT, USA; Department of Electrical and Computer Engineering, University of Utah, Salt Lake City, UT, USA","IEEE Transactions on Energy Markets, Policy and Regulation",2025,3,2,182,193,2771-9626,,https://doi.org/10.1109/TEMPR.2025.3536935,https://ieeexplore.ieee.org/stamp/stamp.jsp?tp=&arnumber=10864394,Bi-level optimization; financial transmission rights (FTR); grid -enhancing technologies (GETs); merchant investment; mixed -integer linear programming (MILP); variable impedance FACTS; voltage phase controllers,Investment; Voltage control; Resource management; Renewable energy sources; Load flow; Impedance; Optimization; Mixed integer linear programming; Phase control; Flexible AC transmission systems,,0,,,LOCKED,,Jun-25,,IEEE,Journals,,,0,
10.1109/TEMPR.2025.3588313,Assessing the Optimistic Bias in the Natural Inflow Forecasts: A Call for Model Monitoring in Brazil,"Hydroelectricity accounted for roughly 49.1 average-GW (61.4% of Brazil’s total generation) in 2024 and addressed most of the intermittency of wind and solar generation. Thus, inflow forecasting plays a critical role in the operation, planning, and market in this country, as well as in any other hydro-dependent power system. These forecasts influence generation schedules, reservoir management, and market pricing, shaping the dynamics of the entire electricity sector. The objective of this paper is to measure and present empirical evidence of a systematic optimistic bias in the official inflow forecast methodology, which is based on the PARp-A model. Additionally, we discuss possible sources of this bias and recommend ways to mitigate it. By analyzing 14 years of monthly historical data from the Brazilian system through rolling-window multistep (out-of-sample) forecasts, results indicate that the official forecast model exhibits statistically significant biases of 1.28, 3.83, 5.39, and 6.73 average-GW for 1-, 6-, 12-, and 24-month-ahead forecasts in the Southeast subsystem, and 0.54, 1.66, 2.32, and 3.17 average-GW in the Northeast subsystem. These findings uncover the limitations of current inflow forecasting methodologies used in Brazil and call for new governance and monitoring policies.",Arthur Brigatto; Alexandre Street; Cristiano Fernandes; Davi Valladão; Guilherme Bodin; Joaquim Dias Garcia,"Electrical Engineering Department, Pontifical Catholic University of Rio de Janeiro, Rio de Janeiro, RJ, Brazil; Electrical Engineering Department, Pontifical Catholic University of Rio de Janeiro, Rio de Janeiro, RJ, Brazil; Electrical Engineering Department, Pontifical Catholic University of Rio de Janeiro, Rio de Janeiro, RJ, Brazil; Industrial Engineering Department, Pontifical Catholic University of Rio de Janeiro, Rio de Janeiro, RJ, Brazil; PSR Consulting, Rio de Janeiro, RJ, Brazil; PSR Consulting, Rio de Janeiro, RJ, Brazil","IEEE Transactions on Energy Markets, Policy and Regulation",2025,3,4,463,473,2771-9626,,https://doi.org/10.1109/TEMPR.2025.3588313,https://ieeexplore.ieee.org/stamp/stamp.jsp?tp=&arnumber=11079762,Brazilian power system; forecast bias; hydrothermal power system; inflow forecast; operation planning; periodic autoregressive; renewable energy,Predictive models; Data models; Monitoring; Forecasting; Costs; Time series analysis; Power systems; Deep learning; Power system planning; Renewable energy,,0,,,LOCKED,,Dec. 2025,,IEEE,Journals,,,0,
10.1109/TEMPR.2025.3648914,Missing Money and Market-Based Adequacy in Deeply Decarbonized Power Systems with Long-Duration Energy Storage,"The ability of deeply decarbonized power systems to ensure adequacy may increasingly depend on long-duration energy storage (LDES). A central challenge is whether capacity markets (CMs), originally designed around thermal generation, can provide efficient investment signals when storage becomes a central participant. While recent studies have advanced methods for accrediting variable renewables and short-duration storage, the effectiveness of these methods in CMs with substantial LDES penetration remains largely unexplored. To address this gap, we extend a two-stage stochastic equilibrium investment model by endogenizing continuous, duration-based capacity accreditation for storage and apply it to a Great Britain-based case using 40 years of weather-driven demand and renewable profiles under varying emission limits. Results show that well-calibrated CMs can sustain near-efficient investment and mitigate revenue volatility, but their effectiveness diminishes in deeply decarbonized systems, underscoring both their potential and the regulatory challenges of supporting large-scale LDES.",Adam Suski; Elina Spyrou; Richard Green,"Department of Electrical and Electronic Engineering, Imperial College London; Department of Electrical and Electronic Engineering, Imperial College London; Department of Economics & Public Policy, Imperial College Business School","IEEE Transactions on Energy Markets, Policy and Regulation",2025,PP,99,1,13,2771-9626,,https://doi.org/10.1109/TEMPR.2025.3648914,https://ieeexplore.ieee.org/stamp/stamp.jsp?tp=&arnumber=11316365,Long-Duration Energy Storage; Missing Money Problem; Capacity Market; Capacity Accreditation,Investment; Generators; Accreditation; Costs; Power systems; Business; Mathematical models; Load modeling; Electricity supply industry; Stochastic processes,,0,,,LOCKED,,,,IEEE,Early Access Articles,,,0,
10.1109/TEMPR.2025.3600063,Tariff Schemes and Socioeconomic Factors in Equilibrium Analysis of DER Investments,"Prosumers’ deployment of distributed energy resources (DER) is shaped by market incentives and budget constraints. Effective DER integration can reduce the long-term need for distribution network infrastructure, thereby diminishing overall electricity costs. Nevertheless, it may negatively impact cost allocation among users from different socioeconomic backgrounds. To analyze the efficiency and distributional aspects of DER deployment across different socioeconomic groups, this study employs a novel equilibrium model based on Stackelberg games. The model simulates interactions between a proactive low-voltage distribution network planner and prosumers who may invest in photovoltaic systems and batteries. Prosumers aim to minimize expenses based on tariffs, without knowledge of their peers’ decisions. Due to the non-linearities introduced by the tariff structure, a Gauss-Seidel algorithm is employed to reduce model complexity. The study examines six tariff combinations, revealing that cost allocation varies significantly depending on the tariff design. In this regard, the results show the risks associated with certain tariff designs, including potential losses in efficiency or unfair cost allocation. Likewise, the results highlight the value of cost-reflective tariffs in reducing unintended cross-subsidies. These findings underscore the importance of thoughtful tariff design and network planning in promoting both a distributional fairness DER deployment and system-wide efficiency.",Miguel Sanchez-Lopez; Andrey Churkin; Robin Preece; Rodrigo Moreno; Eduardo A. Martinez Ceseña,"Department of Electrical and Electronic Engineering, The University of Manchester, Manchester, U.K.; Dyson School of Design Engineering, Imperial College London, London, U.K.; Department of Electrical, Electronic Engineering, The University of Manchester, Manchester, U.K.; Departamento de Ingeniería Eléctrica, Universidad de Chile, Santiago, Chile; Department of Electrical, Electronic Engineering, The University of Manchester, Manchester, U.K.","IEEE Transactions on Energy Markets, Policy and Regulation",2025,3,4,393,407,2771-9626,,https://doi.org/10.1109/TEMPR.2025.3600063,https://ieeexplore.ieee.org/stamp/stamp.jsp?tp=&arnumber=11129909,Bilevel programming; distributed generation; electricity tariffs; prosumer; Stackelberg games,Tariffs; Distributed power generation; Investment; Costs; Distribution networks; Socioeconomics; Mathematical models; Economics; Resource management; Reactive power; Games,,0,,,LOCKED,,Dec. 2025,,IEEE,Journals,,,0,
10.1109/TEMPR.2025.3581754,An Analysis of Market-to-Market Coordination,"Interregional transmission congestion presents significant challenges for Regional Transmission Operators (RTOs), particularly when loop flow diverts electricity from scheduled paths, occupying neighboring grids and increasing congestion costs. To mitigate this cross-regional congestion, RTOs employ a market-to-market (M2M) process through an iterative method, in which they exchange real-time security-constrained economic dispatch solutions and communicate requests for congestion relief. While this method provides economic benefits, it struggles with issues like power swings and time delays. To explore the full potential of M2M enhancements, in this paper, we first analyze the current M2M iterative method practice to better understand its efficacy and identify places for improvements. Then, we explore enhancements and develop an ADMM method for M2M coordination that optimizes congestion management. Specifically, our ADMM method can achieve a minimal cost that is the same as the cost obtained through a centralized model that optimizes multiple markets altogether. Our final case studies, across a comprehensive set of multi-area benchmark instances, demonstrate the superior performance of the proposed ADMM algorithm for the M2M process. Meanwhile, we identify scenarios where the existing M2M process fails to provide solutions as a by-product. Finally, the algorithm is implemented in an open-source package UnitCommitment.jl for easy access by a broader audience.",Weihang Ren; Álinson S. Xavier; Fengyu Wang; Yongpei Guan; Feng Qiu,"Energy Systems and Infrastructure Assessment Division, Argonne National Laboratory, Lemont, IL, USA; Energy Systems and Infrastructure Assessment Division, Argonne National Laboratory, Lemont, IL, USA; New Mexico State University, Las Cruces, NM, USA; University of Florida, Gainesville, FL, USA; Energy Systems and Infrastructure Assessment Division, Argonne National Laboratory, Lemont, IL, USA","IEEE Transactions on Energy Markets, Policy and Regulation",2025,3,3,287,296,2771-9626,,https://doi.org/10.1109/TEMPR.2025.3581754,https://ieeexplore.ieee.org/stamp/stamp.jsp?tp=&arnumber=11102128,Market-to-market (M2M); security-constrained economic dispatch; shadow price,Costs; Generators; Load flow; Iterative methods; Real-time systems; Contingency management; Power transmission lines; Electricity; Power generation dispatch; Algorithm design and analysis,,0,,,LOCKED,,Sept. 2025,,IEEE,Journals,,,0,
10.1109/TEMPR.2025.3601494,Marginal Pricing Scheme for Ancillary Service Provision From Flexible Nuclear Power Plant,"The integration of large-scale non-synchronous Renewable Energy Sources (RES) and the expansion of nuclear power capacity in Great Britain’s electricity grid raises several challenges. While the variability and uncertainty of RES increase the risk of frequency instability, traditional nuclear plants offer limited operational flexibility with restricted load-following capabilities and a reduced ability to provide Frequency Response (FR) services. This study addresses these technical challenges by proposing a marginal pricing framework for Ancillary Services (AS) such as inertia and FR, explicitly considering the participation of Flexible Nuclear Power Plants (FNPPs). FNPPs are enabled through the integration of Thermal Energy Storage and a Secondary Steam Rankine Cycle, significantly enhancing their load-following capabilities and ability to provide FR. A Mixed-Integer Second-Order Cone Programming model is developed to co-optimise energy and AS provision, including Primary Frequency Response, and inertia from FNPPs, thermal power plants, and Enhanced Frequency Response from Battery Energy Storage Systems. Case studies based on GB’s 2030 power system validate the model and quantify the system benefits and market signals under varying scenarios of wind penetration and FNPP participation. Results show that FNPPs can play a vital role in maintaining grid stability and reducing system operation costs under the proposed market structure.",Aimon Mirza Baig; Yi Wang; Marko Aunedi; Goran Strbac,"Department of Electrical and Electronic Engineering, Imperial College London, London, U.K.; Department of Electrical and Electronic Engineering, Imperial College London, London, U.K.; Department of Electronic and Electrical Engineering, Brunel University London, London, U.K.; Department of Electrical and Electronic Engineering, Imperial College London, London, U.K.","IEEE Transactions on Energy Markets, Policy and Regulation",2025,3,4,547,558,2771-9626,,https://doi.org/10.1109/TEMPR.2025.3601494,https://ieeexplore.ieee.org/stamp/stamp.jsp?tp=&arnumber=11132362,Ancillary services; flexible nuclear power plant; renewable energy sources; unit commitment,Power generation; Power system stability; Pricing; Costs; Frequency response; Wind turbines; Renewable energy sources; Nuclear power generation,,0,,,LOCKED,,Dec. 2025,,IEEE,Journals,,,0,
10.1109/TEMPR.2025.3585959,Market Organization in Low-Income Countries’ Microgrids: Insights From Electricity Demand Elasticity and Game-Theory Optimization. Case Study: Lebanon,"In Lebanon, the publicly organized electricity grid has struggled for decades to provide a reliable electricity supply and has nearly collapsed. In response, a network of distributed diesel generators has flourished as an alternative to the unreliable central grid. However, electricity prices within these microgrids remain largely unregulated. This study has two main objectives: first, to estimate the electricity demand elasticity of residential consumers using a unique dataset from a Lebanese microgrid in Deir Kanoun al Naher; second, to analyze how the microgrid owner’s knowledge of this elasticity affects electricity pricing to maximize profits. We apply an ordinary least squares estimator to determine electricity demand elasticity and a game-theory-based optimization model to derive the microgrid owner’s profit-maximizing pricing strategy. The estimated selling price elasticity is $-0.48$, indicating relatively inelastic demand, in line with values reported for developing countries. Considering the estimated elasticity in the pricing strategy resulting in an increase of $54 \%$, revenues increase by up to $15 \%$, while the share of suppressed demand reaches approximately $25 \%$. Sensitivity analysis suggests that higher price elasticity mitigates excessive pricing strategies. The role of the public grid and solar PV penetration presents a promising direction for future research.",Sebastian Zwickl-Bernhard; Anne F. Neumann; Majd Olleik; Haytham M. Dbouk,"Technische Universität Wien, Vienna, Austria; Norwegian University of Science and Technology, Trondheim, Norway; American University of Beirut, Lebanon, Lebanon; Innovating Green Technology, Lebanon, Lebanon","IEEE Transactions on Energy Markets, Policy and Regulation",2025,3,4,511,520,2771-9626,,https://doi.org/10.1109/TEMPR.2025.3585959,https://ieeexplore.ieee.org/stamp/stamp.jsp?tp=&arnumber=11074425,Microgrid; Lebanon; electricity demand elasticity; ordinary least squares; profit maximization; game-theory; Stackelberg game,Electricity; Microgrids; Elasticity; Generators; Pricing; Tariffs; Developing countries; Optimization models; Game theory; Least squares approximations,,0,,,CCBY - IEEE is not the copyright holder of this material. Please follow the instructions via https://creativecommons.org/licenses/by/4.0/ to obtain full-text articles and stipulations in the API documentation.,,Dec. 2025,,IEEE,Journals,,,0,
10.1109/TEMPR.2025.3615132,Designing Sustainable Power Grid Investment Plans for Economic Growth and Energy Security: A Case Study on Kenya,"This paper presents a Generation Expansion Planning (GEP) model integrating sustainable economic growth and energy security for developing countries. By incorporating a linear relationship between electricity generation and GDP, the model optimizes electricity capacity expansion investments. Applied to Kenya, the model evaluates scenarios with varying renewable energy integration and economic objectives. Strategic renewable energy investments can reduce reliance on fossil fuels, decrease CO$_{2}$ emissions, and foster socioeconomic benefits. The model underscores the trade-offs between costs, emissions, and GDP growth. By incorporating GDP growth as a constraint, this approach offers a framework for policymakers to align energy investments with sustainable development goals. The study’s insights can be adapted to other developing nations. Prioritizing renewable energy while considering GDP growth can lead to a more resilient and sustainable energy system. This research contributes to the energy literature by integrating economic growth considerations into generation expansion planning. Quantitative results show that CO$_{2}$ emissions can be reduced by up to 42% by shifting to renewable-focused investments, although this may increase total market costs by over 130% and reduce potential GDP growth by 17%, highlighting critical trade-offs for policymakers. The study’s insights support the formulation of policies that foster economic stability, environmental sustainability, and energy security.",Gul Culhan Kumcu; Mark D. Rodgers; Wenbo Cai; Kwon Gi Mun,"Department of Industrial Engineering, TOBB University, Sogutozu, Ankara, Türkiye; Department of Supply Chain Management, Rutgers Business School, Newark, NJ, USA; Department of Mechanical and Industrial Engineering, New Jersey Institute of Technology, Newark, NJ, USA; College of Business and Economics, Dankook University, Yongin, South Korea","IEEE Transactions on Energy Markets, Policy and Regulation",2025,3,4,440,450,2771-9626,,https://doi.org/10.1109/TEMPR.2025.3615132,https://ieeexplore.ieee.org/stamp/stamp.jsp?tp=&arnumber=11182320,Economic growth; energy security; generation expansion planning (GEP); renewable energy integration,Economic indicators; Economics; Renewable energy sources; Optimization models; Carbon emissions; Developing countries; Security; Investment; Power generation planning; Socioeconomics,,0,,,LOCKED,,Dec. 2025,,IEEE,Journals,,,0,
10.1109/TEMPR.2025.3628757,Learn to Bid as a Price-Maker Wind Power Producer,"We consider the problem of a wind power producer (WPP) participating in short-term power markets, that faces significant imbalance costs due to its non-dispatchable and uncertain production. Additionally, some WPPs have a large enough market share to influence market prices with their bidding decisions, thereby rendering price forecasts unreliable—commonly referred to as the price-maker setting. We model this problem as a contextual multi-armed bandit problem that leverages contextual information, such as market and generation forecasts, and accounts for the price-maker effect. We show that our algorithm achieves vanishing regret, compared to an omniscient oracle, ensuring convergence to optimal policy in the long run. The algorithm’s performance is evaluated against various benchmark strategies using a numerical simulation of the German day-ahead and real-time markets.",Shobhit Singhal; Marta Fochesato; Liviu Aolaritei; Florian Dörfler,"Automatic Control Laboratory, ETH Zürich, Zurich, Switzerland; Automatic Control Laboratory, ETH Zürich, Zurich, Switzerland; Automatic Control Laboratory, ETH Zürich, Zurich, Switzerland; Automatic Control Laboratory, ETH Zürich, Zurich, Switzerland","IEEE Transactions on Energy Markets, Policy and Regulation",2025,3,4,536,546,2771-9626,,https://doi.org/10.1109/TEMPR.2025.3628757,https://ieeexplore.ieee.org/stamp/stamp.jsp?tp=&arnumber=11224927,Power markets; price-maker; strategic bidding; contextual multi-armed bandits,Real-time systems; Power markets; Optimization; Costs; Wind power generation; Wind forecasting; Stochastic processes; Renewable energy sources; Multi-armed bandit problem; Algorithm design and analysis; Pricing,,0,,,LOCKED,,Dec. 2025,,IEEE,Journals,,,0,
10.1109/TEMPR.2025.3627800,Industrial Electrification and Market Power in a Hydro-Thermal Power System,"Ambitious climate packages promote the integration of variable renewable energy (VRE) and the electrification of the economy. With its ample hydro reservoirs and transmission capacity, the Nordic region is well positioned for this transformation. However, the additional need for flexibility and electrification of industrial processes could give power producers more leverage to exert market power. By using a Nash-Cournot model with a detailed spatio-temporal representation of the Nordic power system, we explore how strategic operations may be affected by (i) increased industrial demand and (ii) matching expansion of onshore-wind power. We find that increased electrification, modelled by industrial demand, diminishes firms' market power but simultaneously leads to a higher average price. Meanwhile, matching industry's electricity demand with onshore-wind capacity restores prices to their baseline level but reintroduces market power. In particular, hydro plants are flexible enough to exploit such a power system's additional industrial demand and VRE's intermittent output to actually increase their payoff from market power.",Kirstine Roberts; Dina Khastieva; Afzal S. Siddiqui; Eeva Vilkkumaa; Ilona Ylikoski,"Department of Computer and Systems Sciences, Stockholm University, Stockholm, Sweden; Department of Computer and Systems Sciences, Stockholm University, Stockholm, Sweden; Department of Computer and Systems Sciences, Stockholm University, Stockholm, Sweden; Department of Information and Service Management, Aalto University, Espoo, Finland; Department of Mathematics and Systems Analysis, Aalto University, Espoo, Finland","IEEE Transactions on Energy Markets, Policy and Regulation",2025,3,4,521,535,2771-9626,,https://doi.org/10.1109/TEMPR.2025.3627800,https://ieeexplore.ieee.org/stamp/stamp.jsp?tp=&arnumber=11223780,Game theory; hydropower; industrial electrification; market power; variable renewable energy,Regulation; Electricity; Power transmission lines; Electrification; Reservoirs; Power systems; Regulators; Production; Monitoring; Investment; Game theory; Hydroelectric power generation; Renewable energy,,0,,,LOCKED,,Dec. 2025,,IEEE,Journals,,,0,
10.1109/TEMPR.2025.3549817,Energy Sharing Market With Dual Time Scale Coordination Considering New Energy Uncertainties and Competition Among Stakeholders,"With the integration of massive distributed energy resources (DER) into the distribution network, establishing a sound electricity market trading system that attracts prosumer participation to attain local supply-demand balance is an urgent issue. This paper proposes a hierarchical architecture in which virtual power plants (VPPs) act as the primary participants to tackle this challenge. At the upper tier, to achieve the dayahead market (DAM) between VPPs with complex relationships, a cloud-edge collaboration based market clearing scheme and a strategy formulation method for prosumers incorporating multiple game scenarios and time advancement is constructed, which can be solved by different game theories. At the lower tier, to mitigate the issues arising from discrepancies between actual and forecasted new energy generation for the delivery of power traded in the DAM, a distributed intraday market (IM) is organized for specific VPPs without relying on the grid corporation (GC). In general, compared with the benchmark methods, the proposed DAM system can effectively improve the revenues of sellers, while the profits of buyers and the GC are reduced to a certain extent but within an acceptable range. And the electricity interactions between VPPs and the GC in the DAM are significantly reduced. Compared with the proposed DAM combined with the GC–controlled IM structure, the proposed DAM integrated with the distributed IM structure shows decent improvements in autonomous power trading completion, participants revenue affected by new energy uncertainty and the local consumption of new energy.",Lanqing Wang; Chunxia Dou; Dong Yue; Houjun Li; Kai Ye,"Institute of Advanced Technology for Carbon Neutrality, Nanjing University of Posts and Telecommunications, Nanjing, China; Institute of Advanced Technology for Carbon Neutrality, Nanjing University of Posts and Telecommunications, Nanjing, China; College of Automation and Artificial Intelligence, Nanjing University of Posts and Telecommunications, Nanjing, China; Institute of Advanced Technology for Carbon Neutrality, Nanjing University of Posts and Telecommunications, Nanjing, China; Institute of Advanced Technology for Carbon Neutrality, Nanjing University of Posts and Telecommunications, Nanjing, China","IEEE Transactions on Energy Markets, Policy and Regulation",2025,3,3,309,323,2771-9626,,https://doi.org/10.1109/TEMPR.2025.3549817,https://ieeexplore.ieee.org/stamp/stamp.jsp?tp=&arnumber=10919127,Cloud-edge collaboration; day-ahead market (DAM); game theory; hierarchical architecture; intraday market (IM); market clearing; virtual power plants (VPPs),Power markets; Pricing; Stakeholders; Load modeling; Collaboration; Cloud computing; Uncertainty; Game theory; Hierarchical systems; Virtual power plants,,0,,,LOCKED,,Sept. 2025,,IEEE,Journals,,,0,
10.1109/TEMPR.2025.3598769,Sample-Aware Up-To Congestion Bidding With Market Risk and Credit Exposure Guarantees,"Up-to Congestion (UTC) bidding, first adopted by the Pennsylvania–New Jersey–Maryland Interconnection (PJM), is a form of virtual transaction that enables profit from the spread between day-ahead (DA) and real-time (RT) energy market Locational Marginal Prices (LMPs) across two nodes. However, the dynamic nature of DA and RT energy markets introduces significant uncertainties, primarily in the form of market risks and credit exposures. To better manage these uncertainties, we formulate the UTC bidding strategy as a stochastic chance-constrained program (CCP) that explicitly captures and accommodates the risk preferences associated with both market and credit exposures. Traditional methods for solving CCPs typically require the knowledge of the underlying uncertainty distributions or extensive datasets. In real-world settings, however, exact distributions are rarely available, and only limited, up-to-date data may be preferred or practically accessible. To address this gap, we construct a sample-aware CCP by incorporating a notion of statistical feasibility to quantify both dataset-derived and operational value uncertainties. To solve such a sample-aware CCP, we construct a sample-based robust optimization (RO) framework, where high-probability regions of random parameters are approximated through quantile estimation to construct uncertainty sets. Unlike classical methods relying on known distributions or large sample sizes, our approach handles limited data samples without excessive conservativeness.",Jiajun Han; Chenbei Lu; Chenye Wu,"School of Science and Engineering, The Chinese University of Hong Kong, Shenzhen, China; Institute for Interdisciplinary Information Sciences, Tsinghua University, Beijing, China; School of Science and Engineering, The Chinese University of Hong Kong, Shenzhen, China","IEEE Transactions on Energy Markets, Policy and Regulation",2025,3,4,474,485,2771-9626,,https://doi.org/10.1109/TEMPR.2025.3598769,https://ieeexplore.ieee.org/stamp/stamp.jsp?tp=&arnumber=11124417,Up-to congestion bidding; risk management; chance-constrained programming; robust optimization,Stochastic processes; Uncertainty; Convergence; Optimization; Hidden Markov models; Real-time systems; Regulation; Scenario generation; Risk management,,0,,,LOCKED,,Dec. 2025,,IEEE,Journals,,,0,
10.1109/TEMPR.2024.3489475,Managing Renewable Energy Risk in the Brazilian Forward Market: The Impact of Hourly Hedging,"A shift towards a carbon-neutral generation matrix is underway worldwide. In Brazil, where long-term forward markets drive investments, this trend is not different. For instance, long-term contracted renewable generation investors face the so-called price-and-quantity risk, which materializes whenever a generator falls short of producing the contracted amount and has to purchase this deficit at high spot prices. Notwithstanding, some renewable sources exhibit relevant hourly complementary generation profiles, e.g., wind and solar in the Northeastern Region of Brazil, suggesting a synergy that can be explored through exchange mechanisms to mitigate the price-and-quantity risk. Therefore, in this work, we investigate adecentralized approach based on hourly swaps, i.e., the exchange of forward contracts with different delivery hours. With these new hedging instruments, renewable agents can adjust their current flat forward positions and modulate them according to their generation profile and risk aversion level, thus minimizing the exposure to price-and-quantity risk through a pure financial market mechanism. We evaluate the benefits of the proposed mechanism through market equilibria using real data from the Brazilian power system. Results provide relevant evidence that the proposed hedging instrument should be beneficial to market agents and even foster higher long-term forward involvements with lower risk levels.",Alexandre Street; Bruno Fanzeres; Gustavo Carvalho,"Electrical Engineering Department and Industrial Engineering Department, Pontifical Catholic University of Rio de Janeiro (PUC-Rio), Rio de Janeiro, Brazil; Industrial Engineering Department, Pontifical Catholic University of Rio de Janeiro (PUC-Rio), Rio de Janeiro, Brazil; Eletrobras, Rio de Janeiro, Brazil","IEEE Transactions on Energy Markets, Policy and Regulation",2025,3,1,98,108,2771-9626,,https://doi.org/10.1109/TEMPR.2024.3489475,https://ieeexplore.ieee.org/stamp/stamp.jsp?tp=&arnumber=10740500,Electricity market; equilibrium; forward contract; market design; power system economics; renewable energy; risk management,Renewable energy sources; Generators; Portfolios; Forward contracts; Uncertainty; Wind power generation; Stochastic processes; Investment; Power markets; Power system economics; Risk management,,0,,,LOCKED,,Mar-25,,IEEE,Journals,,,0,
10.1109/TEMPR.2025.3581089,Strategic and Fair Aggregator Interactions in Energy Markets: Multi-Agent Dynamics and Quasiconcave Games,"The introduction of aggregator structures has proven effective in bringing fairness to energy resource allocation by negotiating for more resources and economic surplus on behalf of users. This paper extends the fair energy resource allocation problem to a multi-agent setting, focusing on interactions among multiple aggregators in an electricity market. We consider a setting where aggregators submit quantity-only bids as in a noncooperative Cournot game. Unlike classical Cournot models, where firms optimize only for profit, our framework incorporates a bi-level decision process, in which each aggregator determines its total purchase while simultaneously optimizing the internal allocation among its users based on fairness-efficiency trade-off objectives and constraints. We prove that the strategic optimization problems faced by the aggregators form a quasi-concave game, ensuring the existence of a Nash equilibrium. This resolves complexities related to market price dependencies on total purchases and balancing fairness and efficiency in energy allocation. In addition, we design simulations to characterize the equilibrium points of the induced game, demonstrating how aggregators stabilize market outcomes, ensure fair resource distribution, and optimize user surplus. Our findings offer a robust framework for understanding strategic interactions among aggregators, contributing to more efficient and equitable energy markets.",Jiayi Li; Matt Motoki; Baosen Zhang,"Department of Electrical and Computer Engineering, University of Washington, Seattle, WA, USA; Department of Electrical and Computer Engineering, University of Washington, Seattle, WA, USA; Department of Electrical and Computer Engineering, University of Washington, Seattle, WA, USA","IEEE Transactions on Energy Markets, Policy and Regulation",2025,3,3,340,351,2771-9626,,https://doi.org/10.1109/TEMPR.2025.3581089,https://ieeexplore.ieee.org/stamp/stamp.jsp?tp=&arnumber=11045998,Fairness; power system analysis; power system economics,Resource management; Games; Optimization; Nash equilibrium; Electricity supply industry; Energy resources; Complexity theory; Power system economics,,0,,,LOCKED,,Sept. 2025,,IEEE,Journals,,,0,
10.1109/TEMPR.2025.3631671,Umbrella Uncertainty Set Identification to Enhance Reserve Deliverability,"Reserve deliverability refers to the ability of power system reserves to be deployed without violating transmission constraints. Reserve procurement enhancement (RPE) constraints, which capture post reserve deployment power flow under contingency events, can be incorporated in the dispatching models to improve reserve deliverability. However, modeling all generator contingencies within RPE constraints in real-world electricity markets significantly increases the optimization problem’s complexity and limits scalability. The combination of generator failures, reserve deployment in response, and net load deviation generates numerous scenarios. To address this, the umbrella uncertainty set (UUS) is used to represent a subset of credible contingencies that is sufficient to achieve security and economic performance levels equivalent to, or very close to, those attained when considering all credible contingencies. This study proposes a novel approach utilizing robust optimization to identify the UUS, focusing on the worst-case scenario derived from a combination of events, reserve deployment, and net load uncertainty. Case studies conducted on a IEEE RTS 24-bus system and a synthetic electric reliability council of Texas (ERCOT) system demonstrate the effectiveness of the approach in enhancing reserve deliverability and mitigating violations under various levels of net load uncertainty while ensuring computational tractability.",Hamid Davoudi; Fengyu Wang,"New Mexico State University, Las Cruces, NM, USA; New Mexico State University, Las Cruces, NM, USA","IEEE Transactions on Energy Markets, Policy and Regulation",2026,4,2,220,232,2771-9626,,https://doi.org/10.1109/TEMPR.2025.3631671,https://ieeexplore.ieee.org/stamp/stamp.jsp?tp=&arnumber=11239441,Net load uncertainty; nodal reserve requirements; optimal reserve deployment; reserve deliverability; robust optimization; umbrella contingencies; umbrella uncertainty,Contingency management; Uncertainty; Generators; Spinning; Reliability; Power transmission lines; Optimization; Filtering; Computational modeling; Load modeling,,3,,,LOCKED,,Jun-26,,IEEE,Journals,,,0,
10.1109/TEMPR.2025.3625860,Electricity Market Bidding for Renewable Electrolyzer Plants: An Opportunity Cost Approach,"Hydrogen produced through electrolysis with renewable power is considered key to decarbonize several hard-to-electrify sectors. This work proposes a novel approach to model the active electricity market participation of co-located renewable energy and electrolyzer plants, based on opportunity-cost bidding. While a renewable energy plant typically has zero marginal cost, selling power to the grid carries a potential opportunity-cost of not producing hydrogen when it is co-located with a hydrogen electrolyzer. We first consider only the electrolyzer, and derive its revenue of consuming electricity based on the non-convex hydrogen production curve. We then consider the available renewable energy production and form a piecewise linear cost curve representing the opportunity cost of selling (or revenue from consuming) various levels of electricity. This cost curve can be used to model a stand-alone electrolyzer or a co-located hydrogen and renewable energy plant participating in an electricity market. Our case study analyzes the effects of market-bidding electrolyzers on a short-term electricity market and grid operations. We compare two strategies for a co-located electrolyzer-wind plant; one based on the proposed bid curve and one with a more conventional fixed electrolyzer consumption. The results show that electrolyzers that actively participate in the electricity market lower the average cost of electricity and the amount of curtailed renewable energy in the system compared with a fixed consumption case. However, the difference in total system emissions between the two strategies is insignificant. The specific impacts vary based on electrolyzer capacity and hydrogen price, which determines the location of the co-located plant in the electricity market merit order.",Andrea Gloppen Johnsen; Lesia Mitridati; Jalal Kazempour; Line Roald,"Technical University of Denmark, Kongens Lyngby, Denmark; Technical University of Denmark, Kongens Lyngby, Denmark; Technical University of Denmark, Kongens Lyngby, Denmark; University of Wisconsin-Madison, Madison, WI, USA","IEEE Transactions on Energy Markets, Policy and Regulation",2026,4,1,10,24,2771-9626,,https://doi.org/10.1109/TEMPR.2025.3625860,https://ieeexplore.ieee.org/stamp/stamp.jsp?tp=&arnumber=11218031,Optimization models; hydrogen; renewable energy sources; cost function; energy conversion; power system analysis computing,Hydrogen; Renewable energy sources; Electricity supply industry; Load modeling; Cost function; Energy conversion; Optimization models; Power system analysis computing,,2,,,LOCKED,,Mar-26,,IEEE,Journals,,,0,
10.1109/TEMPR.2025.3605346,A Multi-Stakeholder Actuarial Risk Management Framework for Transmission Systems Against Extreme Weather Events,"Increasingly frequent extreme weather events pose significant risks of large-scale blackouts and substantial economic losses to power systems and electricity customers. In recent years, resilience insurance has emerged as an effective risk management tool to address this challenge. However, despite sufficient premium contributions from electricity customers, current insurance schemes may still expose insurance companies to high financial risks due to extreme tail events, thus demotivating them from entering the market. To this end, this paper develops a novel actuarial risk management framework consisting of risk assessment and insurance design to hedge against weather-induced catastrophe risks in transmission systems (TSs). Specifically, in the risk assessment phase, cascading failures and the aging effects of transmission lines, factors that exacerbate the heavy-tailed characteristics of weather-induced catastrophe risks, are comprehensively considered. A multi-stakeholder resilience insurance scheme is further designed, introducing reinsurance policies for the first time to alleviate insurers’ financial burden, with the optimal retention derived from a risk-return Nash bargaining game. Numerical experiments on the modified IEEE 30-bus test system verify that the proposed method enables more accurate assessments for weather-induced catastrophe risks in TSs. Additionally, it helps mitigate insurers’ insolvency risks while maintaining affordable premiums. Furthermore, the Nash bargaining game proves effective in helping insurers balance risk and return in decision-making. Finally, the proposed risk management framework exhibits excellent scalability when applied to large-scale real-world systems.",Yuhong Zhao; Yibo Ding; Xianzhuo Sun; Wenzhuo Shi; Zhengyang Hu; Zhao Xu; Chen Chen; Zhaohong Bie,"School of Electrical Engineering, Xi’an Jiaotong University, Xi’an, China; Department of Electrical and Electronic Engineering, The Hong Kong Polytechnic University, Hong Kong SAR, China; School of Electrical Engineering, Shandong University, Jinan, China; Department of Electrical and Electronic Engineering, The Hong Kong Polytechnic University, Hong Kong SAR, China; Department of Electrical and Electronic Engineering, The Hong Kong Polytechnic University, Hong Kong SAR, China; Department of Electrical and Electronic Engineering, The Hong Kong Polytechnic University, Hong Kong SAR, China; School of Electrical Engineering, Xi’an Jiaotong University, Xi’an, China; School of Electrical Engineering, Xi’an Jiaotong University, Xi’an, China","IEEE Transactions on Energy Markets, Policy and Regulation",2026,4,1,78,92,2771-9626,,https://doi.org/10.1109/TEMPR.2025.3605346,https://ieeexplore.ieee.org/stamp/stamp.jsp?tp=&arnumber=11146887,Risk management; actuarial framework; resilience assessment; reinsurance design; extreme weather event,Insurance; Risk management; Resilience; Disasters; Economics; Power systems; Electricity; Stakeholders; Weather; Monte Carlo methods,,2,,,LOCKED,,Mar-26,,IEEE,Journals,,,0,
10.1109/TEMPR.2025.3605808,Imbalance Settlement and Multi-Product Balancing Energy Markets,This paper provides a framework for analyzing the interaction of imbalance settlement and the strategy of system operators for activating reserves on the clearing of multi-product real-time energy markets. We characterize the optimal strategies of price-taking flexibility providers that can participate in sequential auctions conducted by the system operator to activate automatic and manual frequency restoration reserves. Combinations of imbalance settlement schemes and activation strategies are assessed based on their influence on bidding incentives and cost efficiency.,Jacques Cartuyvels; Gilles Bertrand; Alexandros Visas; Anthony Papavasiliou,"Center for Operations Research and Econometrics (CORE), UCLouvain, Louvain-la-Neuve, Belgium; Belgian Federal Commission for Electricity and Gas Regulation (CREG), Brussels, Belgium; School of Electrical and Computer Engineering, National Technical University of Athens (NTUA), Athens, Greece; School of Electrical and Computer Engineering, National Technical University of Athens (NTUA), Athens, Greece","IEEE Transactions on Energy Markets, Policy and Regulation",2026,4,1,156,167,2771-9626,,https://doi.org/10.1109/TEMPR.2025.3605808,https://ieeexplore.ieee.org/stamp/stamp.jsp?tp=&arnumber=11150599,Electricity market design; balancing markets; multi-product markets; reserve,Pricing; Europe; Costs; Electricity; Real-time systems; Analytical models; Random variables; Electricity supply industry; Power generation dispatch,,1,,,CCBY - IEEE is not the copyright holder of this material. Please follow the instructions via https://creativecommons.org/licenses/by/4.0/ to obtain full-text articles and stipulations in the API documentation.,,Mar-26,,IEEE,Journals,,,0,
10.1109/TEMPR.2025.3633992,Equity-Aware Peer-to-Peer Energy Trading Market to Mitigate Energy Poverty: An LLM – RL Agentic Workflow,"Disadvantaged communities lack access to local clean energy sources, which may push them further into energy poverty (EP) during the low-carbon energy transition process. However, traditional methods struggle to accurately evaluate EP and conduct targeted policy intervention. To fully leverage existing resources and reduce the consumption of public funding, this paper proposes an equity-aware peer-to-peer (P2P) market clearing mechanism to mitigate EP. It utilizes the cross-subsidization effect and assists disadvantaged communities in the peer matching process. To facilitate targeted assistance, a novel Large Language Model - Reinforcement Learning (LLM-RL) agentic workflow is developed. An LLM policy intervention agent converts user intent into numerical bidding range, identifies communities in EP and allocates initial carbon allowance. To further lower participation barriers for disadvantaged communities, the P2P trading problem is reformulated as a Markov Game. To adapt to the frequently updated EP signal generated by LLM agent, the RL agents serve as traders for intelligent bidding. Then a cooperative augmented Proximal Policy Optimization (CAPPO) algorithm is introduced to reduce conflicts of bidding strategies and solve the problem. Simulation studies on 99 census tracts with in Florida, United States demonstrate that the proposed method achieves a 19.57% improvement in energy equity.",Qianyi Ma; Zifa Liu; Xiao Liu; Ziqing Zhu; Siqi Bu,"School of Electrical and Electronics Engineering, North China Electric Power University, Beijing, China; School of Electrical and Electronics Engineering, North China Electric Power University, Beijing, China; School of Electrical and Computer Engineering, The University of Sydney, Sydney, NSW, Australia; Department of Electrical and Electronic Engineering, The Hong Kong Polytechnic University, Hong Kong, SAR, China; Department of Electrical and Electronic Engineering, The Hong Kong Polytechnic University, Hong Kong, SAR, China","IEEE Transactions on Energy Markets, Policy and Regulation",2026,4,2,259,273,2771-9626,,https://doi.org/10.1109/TEMPR.2025.3633992,https://ieeexplore.ieee.org/stamp/stamp.jsp?tp=&arnumber=11250957,Large language model (LLM); agentic workflow; energy equity; peer-to-peer transaction; multi-agent reinforcement learning; carbon emission allowance,Peer-to-peer computing; Decision making; Socioeconomics; Reinforcement learning; Prevention and mitigation; Large language models; Agentic AI; Multi-agent systems; Carbon emissions,,1,,,LOCKED,,Jun-26,,IEEE,Journals,,,0,
10.1109/TEMPR.2025.3642801,Unit Commitment With Risk-Adjusted Tranching of Renewable Energy Resources,"This paper presents a risk segmentation approach for scheduling generation in power systems with high penetration of renewable energy resources (RERs). This approach aims to facilitate risk-adjusted participation of RERs in the day-ahead market (DAM). It borrows from debt securitization techniques to define risk tranches and develops separate bid curves of RERs by the tranches of different grades of risk. Assigning a higher price to a tranche with greater risk can prevent a renewable asset owner from incurring losses when the asset cannot produce the day-ahead committed amount of energy and must buy energy from the real-time market (RTM). In the proposed approach, the system operator utilizes the risk-segmented bids from RERs and generation reliability constraints to solve a risk-adjusted unit commitment (UC) problem. To a system operator, this can be treated as a deterministic DAM dispatch. The stochasticity of this UC problem is embedded in the renewable bid curves. The resulting increase in DAM revenues due to additional DAM commitment benefits the renewable asset owners. The loads can also benefit from additional RER commitment in DAM as it lowers DAM energy prices. The paper will focus on using this risk-adjusted strategy for wind energy resources. The approach is illustrated on a synthetic 6,700-bus model of the 2030 Electric Reliability Council of Texas (ERCOT) system that has a significant penetration of wind resources.",Denis Osipov; Syed Ahsan R. Naqvi; Sai R. K. M. S. Palepu; James Onyejizu; Daniel Kirk-Davidoff; Pengwei Du; Koushik Kar; Joe H. Chow; Aparna Gupta,"New York Power Authority, Albany, NY, USA; Pacific Northwest National Laboratory, Richland, WA, USA; Zarb School of Business, Hofstra University, Hempstead, NY, USA; Department of Electrical, Computer, and Systems Engineering, Rensselaer Polytechnic Institute, Troy, NY, USA; Electric Power Research Institute, Palo Alto, CA, USA; ERCOT, Taylor, TX, USA; Department of Electrical, Computer, and Systems Engineering, Rensselaer Polytechnic Institute, Troy, NY, USA; Department of Electrical, Computer, and Systems Engineering, Rensselaer Polytechnic Institute, Troy, NY, USA; Lally School of Management, Troy, NY, USA","IEEE Transactions on Energy Markets, Policy and Regulation",2026,4,1,93,105,2771-9626,,https://doi.org/10.1109/TEMPR.2025.3642801,https://ieeexplore.ieee.org/stamp/stamp.jsp?tp=&arnumber=11297442,Day-ahead market; renewable energy resources; risk segmentation; tranches; unit commitment,Wind forecasting; Renewable energy sources; Real-time systems; Reliability; Power system reliability; Costs; Power systems; Wind speed; Load modeling; Power markets,,0,,,LOCKED,,Mar-26,,IEEE,Journals,,,1,Electric Reliability Council of Texas (ERCOT)
10.1109/TEMPR.2025.3642697,Contracts for Gas Prioritization to Power Plants During Winter Emergencies,"Fuel supply interruptions at gas-fired power plants are a leading cause of power outages during winter storms, often affecting even plants holding firm contracts. These challenges are especially acute in the Northeastern U.S., where pipeline congestion during peak heating demand restricts gas deliveries to the power sector. This paper examines the potential of Advanced Exchange Agreements, under which industrial customers transfer firm supply and transportation capacity to power plants during emergencies in exchange for compensation. We develop an optimization framework for the joint operation of gas and electricity systems during winter emergencies. The framework captures competing gas uses, contract types, and curtailment priorities, and is applied to a system representing the Northeastern U.S. during the 2014 Polar Vortex, leveraging a novel dataset on gas deliveries by sector and contract type. Our results show that the net benefits of the proposed initiative vary widely (ranging from 1.0% to 40% of baseline costs on days with unserved electric energy), based on assumptions on the share of firm contracts held by industrial customers and the subset of power plants eligible for participation in the bilateral agreements. Limiting power plant participation in the Advanced Exchange Agreements emerges as a greater barrier to realizing the potential benefits of the proposed initiative than modest firm contract holdings of industrial customers.",Ashish Radhakrishnan; Chiara Lo Prete; Jiaxing Wu,"John and Willie Leone Family Department of Energy and Mineral Engineering, The Pennsylvania State University, University Park, PA, USA; John and Willie Leone Family Department of Energy and Mineral Engineering, The Pennsylvania State University, University Park, PA, USA; Intercollege Graduate Degree Program of Energy, Environmental, and Food Economics, The Pennsylvania State University, University Park, PA, USA","IEEE Transactions on Energy Markets, Policy and Regulation",2026,4,1,130,142,2771-9626,,https://doi.org/10.1109/TEMPR.2025.3642697,https://ieeexplore.ieee.org/stamp/stamp.jsp?tp=&arnumber=11295942,Grid reliability; winter storms; fuel supply interruptions; gas contracts; exchange agreements,Contracts; Natural gas; Power generation; Pipelines; Storms; Transportation; Reliability; Fuels; Power system reliability,,0,,,LOCKED,,Mar-26,,IEEE,Journals,,,0,
10.1109/TEMPR.2026.3652086,Chance-Constrained Real-Time Pricing of Reserves Incorporating System Frequency Dynamics,"This paper presents a method to internalize the impact of system frequency dynamics into real-time pricing of reserves. The proposed frequency dynamics-aware price of reserves helps to incentivize and compensate generators for setting aside reserves that contribute to de-risking real-time dynamic performance subject to uncertainty in the net-load forecast. Central to the proposed method is to augment a static chance-constrained economic dispatch (CCED) with constraints modelling system frequency dynamics driven by generator inertia response along with primary and secondary frequency controls. Chance constraints in the resulting dynamics-aware CCED enforce tolerable probability of dynamic system frequency and generator power trajectories violating their respective limits. We show that the dynamics-aware price of reserves internalizes uncertainty in dynamic state variables along with the risk of violating limits in frequency excursions and generator outputs during frequency transients as well as in steady state. We also assess the sensitivity of the dynamics-aware price of reserves with respect to generator parameters that directly affect system dynamic performance. Numerical case studies involving the Western System Coordinating Council and New England test systems confirm dynamics in the proposed price of reserves, reveal additional revenue for generators, and demonstrate computational scalability.",Bo Chen; Yu Christine Chen,"Department of Electrical and Computer Engineering, The University of British Columbia, Vancouver, BC, Canada; Department of Electrical and Computer Engineering, The University of British Columbia, Vancouver, BC, Canada","IEEE Transactions on Energy Markets, Policy and Regulation",2026,4,1,40,52,2771-9626,,https://doi.org/10.1109/TEMPR.2026.3652086,https://ieeexplore.ieee.org/stamp/stamp.jsp?tp=&arnumber=11340712,Chance constraints; economic dispatch; frequency dynamics; pricing of reserves; uncertainty,Generators; Uncertainty; Costs; Power system dynamics; Real-time systems; Load modeling; Automatic generation control; Steady-state; Pricing; Power generation dispatch,,0,,,LOCKED,,Mar-26,,IEEE,Journals,,,0,
10.1109/TEMPR.2026.3679239,An Innovative Framework for Heterogeneous Renewable Energy Communities Providing Flexibility Services in Distribution Networks,"Increasing electrification and distributed energy integration exacerbate congestion and voltage deviations in distribution networks. Renewable energy communities (RECs) have emerged as a promising bottom-up solution, enabling local coordination and grid support through participation in local energy and flexibility markets. However, market inefficiencies, such as strategic manipulation of the baseline, and the heterogeneity of user preferences introduce substantial complexity to their design and operation. Motivated by these challenges, this paper proposes a novel three-stage framework that jointly considers user behavior and system-level needs. In the first stage, RECs engage in local energy markets (LEMs), where electricity prices are competitive and consider collective users' diverse preferences to ensure efficient energy trading. In the second stage, RECs offer baseline-constrained flexibility services to the distribution system operator (DSO) through the local flexibility market (LFM), which allocates rewards based on actual grid support delivered. In the third stage, internal revenue sharing among REC members is determined through a fairness-guaranteeing method that accounts for marginal flexibility contributions. Simulation results show that, beyond users' preferences, all RECs benefit from participation in the framework; however, these benefits vary according to the preferences and seasonal conditions. These factors also influence REC performance as well as DSO operation and associated costs. The LFM results for a representative winter day indicate the financially-driven member achieves the highest total flexibility revenue (€140.88), while the comfort-driven member earns lower revenue (€35.27). Furthermore, DSO congestion management costs decrease from 2738.83 €/day in winter to 795.17 €/day in summer, which shows seasonal dependence and user behavior in grid operation.",Jamal Faraji; Anibal Sanjab; François Vallée; Zacharie De Grève,"Power Systems & Market Research (PSMR) Group, Electrical Engineering Unit, University of Mons, Mons, Belgium; Flemish Institute for Technological Research (VITO) and EnergyVille, Genk, Belgium; Power Systems & Market Research (PSMR) Group, Electrical Engineering Unit, University of Mons, Mons, Belgium; Power Systems & Market Research (PSMR) Group, Electrical Engineering Unit, University of Mons, Mons, Belgium","IEEE Transactions on Energy Markets, Policy and Regulation",2026,PP,99,1,15,2771-9626,,https://doi.org/10.1109/TEMPR.2026.3679239,https://ieeexplore.ieee.org/stamp/stamp.jsp?tp=&arnumber=11458604,Renewable energy community; Heterogeneous preferences; Flexibility service; Distribution network,Electronic countermeasures; Electronic warfare; Feeds; Flexible printed circuits; System-on-chip; Application specific integrated circuits; Register transfer level; Printed circuits; Computer networks; Peer-to-peer computing,,0,,,LOCKED,,,,IEEE,Early Access Articles,,,0,
10.1109/TEMPR.2026.3671642,Consumer-Based Carbon Costs: Integrating Consumer Carbon Preferences in Electricity Markets,"An increasing share of consumers care about the carbon footprint of their electricity. This paper analyzes a method to integrate consumer carbon preferences in the electricity market-clearing by introducing consumer-based carbon costs and a carbon allocation mechanism. Specifically, consumers submit not only bids for power but also assign a cost to the carbon emissions incurred by their electricity usage. The carbon allocation mechanism then assigns emissions from generation to consumers to minimize overall carbon costs. Our analysis starts from a previously proposed centralized market clearing formulation that maximizes social welfare under consideration of generation costs, consumer utility, and consumer carbon costs. We then derive an equivalent equilibrium formulation that incorporates a carbon allocation problem and gives rise to a set of carbon-adjusted electricity prices for both consumers and generators. We prove that the carbon-adjusted prices are higher for low-emitting generators and consumers with high carbon costs. Further, we prove that this new paradigm satisfies the same desirable market properties as standard electricity markets based on locational marginal prices, namely revenue adequacy and individual rationality, and demonstrate that a carbon tax on generators is equivalent to imposing a uniform carbon cost on consumers. Using a simplified three-bus system and the RTS-GMLC system, we illustrate that consumer-based carbon costs contribute to greener electricity market clearing both through generation redispatch and demand reductions.",Wenqian Jiang; Aditya Rangarajan; Line A. Roald,"Department of Electrical and Computer Engineering, University of Wisconsin, Madison, WI, USA; Department of Electrical and Computer Engineering, University of Wisconsin, Madison, WI, USA; Department of Electrical and Computer Engineering, University of Wisconsin, Madison, WI, USA","IEEE Transactions on Energy Markets, Policy and Regulation",2026,4,2,306,319,2771-9626,,https://doi.org/10.1109/TEMPR.2026.3671642,https://ieeexplore.ieee.org/stamp/stamp.jsp?tp=&arnumber=11425819,Carbon-sensitive consumers; electricity market clearing; carbon costs,Carbon dioxide; Costs; Generators; Electricity supply industry; Resource management; Carbon tax; Protocols; Emissions trading; Carbon footprint,,0,,,LOCKED,,Jun-26,,IEEE,Journals,,,0,
10.1109/TEMPR.2026.3657681,"Generation Expansion Planning With Upstream Supply Chain Constraints on Materials, Manufacturing, and Deployment","Rising electricity demand underscores the need for secure and reliable generation expansion planning that accounts for upstream supply chain constraints. Traditional models often overlook limitations in materials, manufacturing capacity, lead times for deployment, and field availability, which can delay availability of planned resources and thus to threaten system reliability. This paper introduces a multi-stage supply chain-constrained generation expansion planning (SC-GEP) model that optimizes long-term investments while capturing material availability, production limits, spatial and temporal constraints, and material reuse from retired assets. A decomposition algorithm efficiently solves the resulting MILP. A Maryland case study shows that supply chain constraints shift technology choices, amplify deployment delays caused by lead times, and prompt earlier investment in shorter lead-time, low-material-intensity options. In the low-demand scenario, supply chain constraints raise investment costs by ${\$}$1.2 billion. Under high demand, persistent generation and reserve shortfalls emerge, underscoring the need to integrate upstream constraints into long-term planning.",Boyu Yao; Andrey Bernstein; Yury Dvorkin,"Department of Civil and Systems Engineering, Johns Hopkins University, Baltimore, MD, USA; Power System Engineering Center, National Laboratory of the Rockies, Golden, CO, USA; Department of Civil and Systems Engineering, Johns Hopkins University, Baltimore, MD, USA","IEEE Transactions on Energy Markets, Policy and Regulation",2026,4,2,320,335,2771-9626,,https://doi.org/10.1109/TEMPR.2026.3657681,https://ieeexplore.ieee.org/stamp/stamp.jsp?tp=&arnumber=11363418,Capacity expansion; multi-stage optimization; supply chain,Supply chains; Electricity; Investment; Costs; Renewable Portfolio Standard; Delays; Constraint handling; Manufacturing processes; Materials handling,,0,,,LOCKED,,Jun-26,,IEEE,Journals,,,0,
10.1109/TEMPR.2025.3644544,Introducing Locational Criteria to Renewable Auctions,"As grid congestion becomes an increasingly relevant issue in the European electricity system, locational price signals within renewable auctions can help to steer capacity to locations where they reduce bottlenecks in the grid, improving their integration. This work presents an approach how these locational price signals can be derived through optimization theory, leveraging the shadow price of the capacity constraint. This allows to reflect a given renewable project’s benefit to the system within an auction. On the one hand, these price signals lead to substantial system cost savings if applied in the context of renewable deployment, maximizing the utility from renewable deployment and replacing costly electricity generation in a more targeted way than conventional auctions do. On the other hand, this article demonstrates how to convert them into points, which is a precondition for evaluating a project’s location within a multi-criteria auction in line with the Net Zero Industry Act. Lastly, this article discusses measures that would increase the efficiency of the proposed approach, while lowering the cost of implementation.",Georg Thomaßen,"Joint Research Centre (JRC), European Commission, Ispra, Italy","IEEE Transactions on Energy Markets, Policy and Regulation",2026,4,2,211,219,2771-9626,,https://doi.org/10.1109/TEMPR.2025.3644544,https://ieeexplore.ieee.org/stamp/stamp.jsp?tp=&arnumber=11303358,Capacity planning; distributed power generation; electricity markets; renewable energy,Renewable energy sources; Costs; Europe; Wind power; Investment; Generators; Electricity supply industry; Resource management; Capacity planning,,0,,,CCBY - IEEE is not the copyright holder of this material. Please follow the instructions via https://creativecommons.org/licenses/by/4.0/ to obtain full-text articles and stipulations in the API documentation.,,Jun-26,,IEEE,Journals,,,0,
10.1109/TEMPR.2026.3704683,Contract Design for Facilitating Risk Management in Local Electricity Markets,"Local electricity markets (LEMs) based on distribution-level locational marginal pricing (DLMPs) are attracting increasing attention from market participants and regulators. However, the resulting spatio-temporal uncertainty in DLMPs exposes distribution-level actors to volatile surpluses, creating a need for efficient hedging strategies. In this paper, we develop a three-stage LEM design and its associated hedge contracts for DLMP-based market participants. We design, analyze, and numerically test two families of cash-settled contracts: flexibility service provider (FSP) contracts (FCs), which hedge the temporal volatility of DLMPs faced by FSP portfolios, and network contracts (NCs), which hedge the spatial DLMP risk borne by the distribution network operator (DNO). The contracts are constructed so that FC payouts replicate FSP surpluses (FSs) and NC payouts replicate the merchandising surplus (MS) of the distribution network, including the effects of congestion and ohmic losses. We prove that the joint portfolio of FCs and NCs is revenue adequate, in the sense that total contract payouts equal total social welfare from the DLMP-based dispatch in every modeled scenario, and we illustrate the construction using a modified IEEE 33-bus system. This contract framework aligns financial payouts with fundamental market surpluses and can support broader participation of distributed energy resources in DLMP-based LEMs.",Mohammad Reza Karimi Gharigh; Mohammad Reza Hesamzadeh; Darryl R. Biggar; Derek Bunn; György Dán,,"IEEE Transactions on Energy Markets, Policy and Regulation",2026,PP,99,1,14,2771-9626,,https://doi.org/10.1109/TEMPR.2026.3704683,https://ieeexplore.ieee.org/stamp/stamp.jsp?tp=&arnumber=11569340,Local electricity market; risk-management contract; ohmic loss; congestion,Pricing; Contracts; Modeling; Loading; Design methodology; Dispatching; Measurement units; Power markets; Energy; Timing,,0,,,OPEN_ACCESS,,,,IEEE,Early Access Articles,,,0,
10.1109/TEMPR.2025.3593860,Pricing Framework for Activation Latency of Fast Frequency Response Provided by VPP,"Virtual power plants (VPPs) operating in power systems have the potential to deliver fast frequency response (FFR) services with low latency. However, the existing FFR market design stipulated with a static activation time lacks market incentives that value low latency responses as provided by VPPs. To address this gap, this paper proposes a pricing framework for the activation latency to incentivize VPPs to improve the quality of FFR services. Specifically, a convex frequency nadir approximation is first formulated to capture the influence of activation delays on the frequency nadir at the incident of generation-load mismatch. On this basis, a latency pricing mechanism is developed to monetize the cost of activation latency to the provision of FFR services. Finally, the latency price signal enables VPPs to flexibly optimize the allocation of communication bandwidth resources depending on the real-time operating conditions. Numerical simulations validate the capability of the proposed framework to accurately model the frequency nadir under time-delayed FFR services, assess the impact of various system configurations on activation latency pricing, and demonstrate the economic gain for VPPs under this dynamic pricing mechanism. Notably, with a bandwidth price of 1 $/Mb, the FFR latency reward mechanism increases VPP revenue by at least 21.72%. This improvement is achieved when it is combined with our proposed bandwidth allocation strategy, compared to the static delay scenario where the VPP control scheme lacks bandwidth allocation capabilities. This work provides key insights into the co-optimization of physical and cyber resources to encourage high-quality fast frequency response.",Jialun Zhang; Zhongda Chu; Jimmy Chih-Hsien Peng; Fei Teng; Gabriela Hug,"Future Resilient Systems, Singapore-ETH Centre, ETH Zurich, Singapore; Department of Electrical and Electronic Engineering, Imperial College London, London, U.K.; Electrical and Computer Engineering, National University of Singapore, Singapore; Department of Electrical and Electronic Engineering, Imperial College London, London, U.K.; Department of Information Technology and Electrical Engineering, ETH Zurich, Zurich, Switzerland","IEEE Transactions on Energy Markets, Policy and Regulation",2026,4,1,117,129,2771-9626,,https://doi.org/10.1109/TEMPR.2025.3593860,https://ieeexplore.ieee.org/stamp/stamp.jsp?tp=&arnumber=11104940,Fast frequency response (FFR); ancillary services; virtual power plants (VPPs); wireless communication,Time-frequency analysis; Pricing; Frequency response; Delays; Frequency control; Frequency measurement; Mathematical models; Security; Virtual power plants; Wireless communication,,0,,,LOCKED,,Mar-26,,IEEE,Journals,,,0,
10.1109/TEMPR.2026.3680612,Impact of Cross-Border Flow Forecast Alignment on Flow-Based Market Coupling Efficiency,"This paper investigates the impact of forecast alignment on Cross-border (CB) flows within the Flow-based Market Coupling (FBMC) process, an essential aspect of capacity calculation in European power markets. We enhance existing FBMC simulation frameworks by incorporating realistic forecasts of corridor CB flows and Bidding Zone (BZ) Net Positions (NPs), mirroring operational practices used by Transmission System Operators (TSOs) and Regional Coordination Centers (RCCs). Our results indicate a nuanced trade-off: shifting from NP-based to CB-based forecasting and its proper integration into grid modeling, significantly increases the potential for more precise and efficient market outcomes, but concurrently elevates the risk and severity of forecast-induced errors. Counterintuitively, increased forecast errors lead to higher zonal price convergence, creating a false impression of improved system coordination. Sensitivity and explainability analyses further reveal that the accuracy of forecasts heavily influences FBMC outcomes, underscoring the complexity of optimizing capacity calculations. These findings highlight crucial considerations for TSOs, advocating for careful selection of forecast granularity and evaluation metrics in pursuit of market efficiency and system security",Julius Steensberg; Søren Nielsen Sardemann; Petros Ellinas; Juan-Andrés Pérez-Rúa; Lesia Mitridati,"Department of Wind and Energy Systems, Technical University of Denmark, Kgs. Lyngby, Denmark; Nordic Regional Coordination Center (Nordic RCC), Copenhagen, Denmark; Department of Wind and Energy Systems, Technical University of Denmark, Kgs. Lyngby, Denmark; Nordic Regional Coordination Center (Nordic RCC), Copenhagen, Denmark; Department of Wind and Energy Systems, Technical University of Denmark, Kgs. Lyngby, Denmark","IEEE Transactions on Energy Markets, Policy and Regulation",2026,PP,99,1,12,2771-9626,,https://doi.org/10.1109/TEMPR.2026.3680612,https://ieeexplore.ieee.org/stamp/stamp.jsp?tp=&arnumber=11474555,Flow-based market coupling; net position forecast; cross-border flows; flow-based model error; zonal electricity markets,Feeds; MIMICs; Millimeter wave integrated circuits; Monolithic integrated circuits; Radio access networks; Regional area networks; Network architecture; Network topology; Electronic mail; Telecommunication network management,,0,,,LOCKED,,,,IEEE,Early Access Articles,,,0,
10.1109/TEMPR.2026.3656323,Price Consistency and Uplift in Wholesale Electricity Markets,"The non-convex technical constraints governing power production have led wholesale market operators to implement alternative pricing schemes intending to ensure that market participant incentives are aligned with socially optimal commitment and dispatch decisions. To date, however, these pricing schemes have neglected the role of operational uncertainty in determining optimal commitment and dispatch. In static models without uncertainty, CHP is seen as a gold standard, minimizing the need for out-of-market uplift payments to align incentives. In this study, we situate the price formation problem in a more realistic operational setting, in which decisions happen sequentially under uncertainty, and define a version of Convex Hull pricing (CHP) implementable in this setting. Employing a simplified model of the New York Independent System Operator (NYISO) system, we assess the interaction of uncertainty and uplift across three approaches for uncertainty management and two different pricing schemes. Our results indicate that the choice of pricing scheme has a negligible effect on prices and ex post uplift, with the choice of operational policy driving nearly all of the differences in pricing outcomes. We conclude with suggestions for approaching non-convexity and uplift in ways that promote greater transparency and, by extension, a more efficient market design.",Hugo Santarém de Araújo; Han Shu; Jacob Mays,,"IEEE Transactions on Energy Markets, Policy and Regulation",2026,PP,99,1,11,2771-9626,,https://doi.org/10.1109/TEMPR.2026.3656323,https://ieeexplore.ieee.org/stamp/stamp.jsp?tp=&arnumber=11359506,Electricity market design; non-convexity; uplift; price formation; uncertainty,Computational modeling; Pricing; Uncertainty; Dams; Costs; Biological system modeling; Generators; Real-time systems; Numerical models; Cogeneration,,0,,,LOCKED,,,,IEEE,Early Access Articles,,,0,
10.1109/TEMPR.2026.3675124,Price-Based Demand Response Participation in Implicit Balancing Services: A Value-Oriented Inverse Optimization Framework,"Indirect Demand Response (IDR) programs that incentivize consumer participation through unidirectional price-based mechanisms offer a promising way to mobilize small-scale flexibility. The main challenge in such IDR programs lies in modeling the uncertain price-response relationship of demand response resources (DRRs), which complicates DR pricing. Inverse Optimization (IO) provides an effective method for capturing historical price-response patterns with interpretability and seamless integration into retailers’ decision-making frameworks. While traditional IO prioritizes forecast accuracy, recent research advocates for value-oriented forecasting, which prioritizes decision quality to mitigate the practical impacts of forecast errors. Despite their advantages, fully integrated value-oriented approaches can become computationally intensive for IO. To address this, we propose a novel value-oriented IO (VOIO) framework that facilitates a data-driven, value-oriented identification of DRRs’ aggregate price-response parameters by shifting IO hyperparameter evaluation metrics to decision-making regret minimization. The proposed method was applied in a case study examining a Balance Responsible Partyś (BRP) participation in the Belgian single-price imbalance market. The results demonstrated that the VOIO approach was able to reduce overall financial losses from forecast errors compared to a forecast-oriented IO benchmark, achieving overall profit gains in the validation and test sets through more conservative pricing.",Behzad Vatandoust; Kenneth Bruninx; Jean-François Toubeau; François Vallée,"Power Systems and Markets Research Group, Electrical Power Engineering Unit, University of Mons, Mons, Belgium; Faculty of Technology, Policy, and Management, Delft University of Technology, Jaffalaan 5, Delft, The Netherlands; Power Systems and Markets Research Group, Electrical Power Engineering Unit, University of Mons, Mons, Belgium; Power Systems and Markets Research Group, Electrical Power Engineering Unit, University of Mons, Mons, Belgium","IEEE Transactions on Energy Markets, Policy and Regulation",2026,4,2,184,197,2771-9626,,https://doi.org/10.1109/TEMPR.2026.3675124,https://ieeexplore.ieee.org/stamp/stamp.jsp?tp=&arnumber=11442294,Decision-Focused learning; implicit demand response; inverse optimization; price-based demand response; single-price imbalance market,Optimization; Demand response; Computational modeling; Decision making; Pricing; Electricity; Load modeling; Recurrent neural networks; Market research,,0,,,LOCKED,,Jun-26,,IEEE,Journals,,,0,
10.1109/TEMPR.2025.3632481,Design of Dynamic Prices for Retailers Based on User Equilibrium,"Dynamic prices are effective demand-side management (DSM) methods. However, the complex interactive behavior among many loads poses challenges for dynamic price design. To address this, a user equilibrium (UE)-based bilevel dynamic price design model is proposed. In the upper-level model, the retailer designs dynamic prices to maximize profits considering the interaction response of loads. In the lower-level model, the interactive load behavior is represented by the convex UE model, which offers significant advantages over the conventional Nash Equilibrium (NE) in handling large-scale load flexibility. The bi-level model is reformulated as a mixed integer quadratic programming (MIQP) problem by using Karush–Kuhn–Tucker (KKT) conditions, Big-M methods, duality theory, and binary expansion methods. A branch-and-price algorithm is then used to efficiently solve the problem. Simulation results demonstrate that the proposed method supports large-scale dynamic pricing, maximizing retailer’s profits while minimizing electricity bills for loads.",Fengyuan Jin; Chengcheng Shao; Yonghao Lu; Xin Jin; Alberto Borghetti; Xifan Wang,"School of Electrical Engineering, Xi’an Jiaotong University, Xi’an, China; School of Electrical Engineering, Xi’an Jiaotong University, Xi’an, China; School of Electrical Engineering, Xi’an Jiaotong University, Xi’an, China; Institute of Measurement Technology, China Southern Power Grid Electric Power Research Institute Company Ltd., Guangzhou, China; Department of Electrical, Electronic, and Information Engineering, University of Bologna, Bologna, Italy; School of Electrical Engineering, Xi’an Jiaotong University, Xi’an, China","IEEE Transactions on Energy Markets, Policy and Regulation",2026,4,1,143,155,2771-9626,,https://doi.org/10.1109/TEMPR.2025.3632481,https://ieeexplore.ieee.org/stamp/stamp.jsp?tp=&arnumber=11247835,Demand-side management (DSM); user equilibrium (UE); dynamic prices; bilevel programming problem; branch and price,Load modeling; Electricity; Aggregates; Games; Analytical models; Power system dynamics; Pricing; Simulation; Demand side management; Algorithm design and analysis,,0,,,LOCKED,,Mar-26,,IEEE,Journals,,,1,China Southern Power Grid (CSG)
10.1109/TEMPR.2025.3636820,Unlocking Transmission Flexibility Under Uncertainty: Getting Dynamic Line Ratings Into Electricity Markets,"Static transmission line ratings may lead to underutilization of line capacity due to overly conservative assumptions. Grid-enhancing technologies (GETs) such as dynamic line ratings (DLRs), which adjust line capacity based on real-time conditions, are a techno-economically viable alternative to increase the utilization of existing power lines. Nonetheless, their adoption has been slow, partly due to the absence of operational tools that effectively account for simultaneous impacts on dispatch and pricing. In this paper, we represent transmission capacity with DLRs as a stock-like resource with time-variant interdependency, which is modeled via an approximation of line temperature evolution process, decoupling the impacts of ambient weather conditions and power flow on transmission line temperature and thus capacity. We integrate DLRs into a multi-period DC optimal power flow problem, with chance constrains addressing correlated uncertainty in DLRs and renewable generation. This yields non-convex problems that we transform into a tractable convex form by linearization. We derive locational marginal energy and ancillary services prices consistent with a competitive equilibrium. Numerical experiments on the 11-zone and 1814-node NYISO systems demonstrate its performance, including impacts on dispatch, pricing, and marginal carbon emissions.",Zhiyi Zhou; Christoph Graf; Yury Dvorkin,"Department of Civil and Systems Engineering, Johns Hopkins University, Baltimore, MD, USA; Institute for Policy Integrity, New York University School of Law, New York, NY, USA; Department of Electrical and Computer Engineering, Johns Hopkins University, Baltimore, MD, USA","IEEE Transactions on Energy Markets, Policy and Regulation",2026,4,2,274,291,2771-9626,,https://doi.org/10.1109/TEMPR.2025.3636820,https://ieeexplore.ieee.org/stamp/stamp.jsp?tp=&arnumber=11267096,Dynamic line ratings; stochastic electricity market; grid enhancing technologies,Load flow; Transient analysis; Thermal conductivity; Wind forecasting; Renewable energy sources; Pricing; Generators; Ocean temperature; Stochastic processes; Power grids; Electricity supply industry,,0,,,LOCKED,,Jun-26,,IEEE,Journals,,,0,
10.1109/TEMPR.2025.3626480,US Representative Feeder Sets for Distribution Grid Economics and Policy Applications,"This paper proposes a methodology to generate sets of distribution feeders representative of any U.S. county for economic and policy studies. The methodology modifies prototypical feeders and organizes them into sets that (i) reproduce historical economic and infrastructure investment patterns and (ii) accommodate county-specific demand characteristics, including energy, peak, and building types. The approach relies on publicly available data, enabling systematic application across all U.S. counties and adaptation to other regions. The use of the resulting feeders is demonstrated through an electrification impact study in Alameda County, California.",Albane Seres; Miguel Heleno,"Lawrence Berkeley National Laboratory, Berkeley, CA, USA; Lawrence Berkeley National Laboratory, Berkeley, CA, USA","IEEE Transactions on Energy Markets, Policy and Regulation",2026,4,1,106,116,2771-9626,,https://doi.org/10.1109/TEMPR.2025.3626480,https://ieeexplore.ieee.org/stamp/stamp.jsp?tp=&arnumber=11222953,Distribution grid economics; distribution infrastructure; electrification,Costs; Investment; Buildings; Taxonomy; Electrification; Market research; Distribution networks; Capacitors; Electricity; Public infrastructure; Algorithm design and analysis,,0,,,LOCKED,,Mar-26,,IEEE,Journals,,,0,
10.1109/TEMPR.2026.3701308,Reformulating Energy Storage Capacity Accreditation Problem with Marginal Reliability Impact,"To enhance the efficiency of capacity markets, many electricity markets in the U.S. are adopting or planning to implement marginal capacity accreditation reforms. This paper studies energy storage capacity accreditation using Marginal Reliability Impact (MRI), defined here as a directional derivative of expected unserved energy (EUE) with respect to the qualified-capacity path. We represent the commonly used reliability-dispatch rule for storage as a linear program, which enables direct MRI extraction from dual variables instead of repeated brute-force perturbation runs. The reformulation shows that the EUE value function is continuous and piecewise linear and that the storage MRI remains non-negative under the adopted reliability-dispatch adequacy model. We also report baseline validation against the perturbation benchmark and a focused sensitivity discussion on round-trip efficiency and time-step resolution. Numerical results from a modified California system confirm the dual-based MRI and provide practical guidance for qualified-capacity design and storage modeling in resource adequacy studies.",Qian Zhang; Feng Zhao; Tongxin Zheng; Le Xie,"John A. Paulson School of Engineering and Applied Sciences, Harvard University, Allston, MA, USA; ISO New England Inc., Holyoke, MA, USA; ISO New England Inc., Holyoke, MA, USA; John A. Paulson School of Engineering and Applied Sciences, Harvard University, Allston, MA, USA","IEEE Transactions on Energy Markets, Policy and Regulation",2026,PP,99,1,12,2771-9626,,https://doi.org/10.1109/TEMPR.2026.3701308,https://ieeexplore.ieee.org/stamp/stamp.jsp?tp=&arnumber=11553420,,,,0,,,LOCKED,,,,IEEE,Early Access Articles,,,1,ISO New England (ISO-NE)
10.1109/TEMPR.2025.3639758,Safe Reinforcement Learning for Battery Energy Storage Participation in the Imbalance Settlement,"The growing uncertainty in both demand and supply sides has led to more frequent and severe imbalances in power systems, creating new opportunities for flexible Battery Energy Storage System (BESS) to profit from price variability in the Imbalance Settlement (IS) market. This paper introduces a fast and Safe Reinforcement Learning (RL) framework that unifies data-driven market learning with physics-based feasibility guarantees. Instead of relying on arbitrary approximations of market dynamics, a deep neural actor–critic captures the strategic behaviors in the IS directly from data, in a fully end-to-end manner. Safety is enforced by a differentiable projection layer that maps every action onto the convex BESS feasible set, ensuring hard constraint satisfaction during both training and deployment. By separating the learning of unknown economics from the enforcement of known BESS physics within a single trainable pipeline, the proposed safe agent achieves millisecond-scale runtime and structurally safe policies. The framework leverages off-policy RL to reuse past experiences and expert-guided trajectories, accelerating convergence and avoiding short-sighted strategies. On real Belgian IS market data, our approach delivers higher profits than both RL and model-based baselines, with faster and more stable convergence among RL methods.",Cyril Rasic; Pietro Favaro; Yi Wang; Jean-François Toubeau,"Electrical Power Engineering Unit, University of Mons, Mons, Belgium; Electrical Power Engineering Unit, University of Mons, Mons, Belgium; Department of Electrical and Electronic Engineering, The University of Hong Kong, Hong Kong, SAR, China; Electrical Power Engineering Unit, University of Mons, Mons, Belgium","IEEE Transactions on Energy Markets, Policy and Regulation",2026,4,2,292,305,2771-9626,,https://doi.org/10.1109/TEMPR.2025.3639758,https://ieeexplore.ieee.org/stamp/stamp.jsp?tp=&arnumber=11277391,Differentiable optimization; real-time market; safe layer; safe reinforcement learning (RL); trustworthy AI,Regulation; Real-time systems; Optimization; Safety; Reinforcement learning; Decision making; Trusted computing; Supply and demand; Battery management systems; Energy storage,,0,,,LOCKED,,Jun-26,,IEEE,Journals,,,0,
10.1109/TEMPR.2025.3638837,Netload Range Cost Curves for Coordinated Transmission-Distribution Planning Under DER Growth Uncertainty,"The increasing penetration of distributed energy resources (DERs) requires better coordination between transmission and distribution (T&D) planning to ensure system security and cost efficiency. However, misaligned planning horizons, computational burdens, and privacy concerns hinder effective coordination, leading to either underutilized resources caused by overinvestments or reliability risks due to underinvestment. To address this challenge, we introduce netload range cost curves (NRCCs), a novel approach for managing long-term DER growth uncertainty through T&D coordination, while preserving existing data-sharing and regulatory structures. NRCCs provide pairs of (i) peak substation netload guarantees and (ii) corresponding distribution upgrade options and costs, enabling their seamless integration into transmission planning workflows. To compute NRCCs efficiently, we develop a transmission-aware distribution network planning (TADNP), which is subsequently integrated to an iterative computation procedure. These NRCCs are then embedded into an NRCC-informed transmission planning model to enable resource-efficient coordination. We illustrate our proposed approach with a case study based on realistic distribution and transmission systems in the San Francisco Bay Area, California. Our results indicate the possibility of dramatic savings in transmission investments by incorporating the proposed NRCC-integrated T&D coordination framework.",Yujia Li; Samuel Córdova; Alexandre Moreira; Miguel Heleno,"Lawrence Berkeley National Laboratory, Berkeley, CA, USA; Department of Electrical Engineering, School of Engineering, Faculty of Engineering, Pontificia Universidad Católica de Chile, Santiago, Chile; Lawrence Berkeley National Laboratory, Berkeley, CA, USA; Lawrence Berkeley National Laboratory, Berkeley, CA, USA","IEEE Transactions on Energy Markets, Policy and Regulation",2026,4,1,25,39,2771-9626,,https://doi.org/10.1109/TEMPR.2025.3638837,https://ieeexplore.ieee.org/stamp/stamp.jsp?tp=&arnumber=11271528,Distributed energy resources (DERs); long-term uncertainty; netload range cost curve (NRCCs); transmission and distribution coordination,Planning; Investment; Costs; Substations; Uncertainty; Distributed power generation; Voltage control; Distribution networks; Regulators; Battery energy storage system,,0,,,LOCKED,,Mar-26,,IEEE,Journals,,,0,
10.1109/TEMPR.2026.3694998,Modeling Coincident Peak Pricing in Electricity Markets: Challenges and Peak Shaving Effectiveness,"Coincident Peak (CP) pricing is widely used in U.S. electricity markets to allocate capacity and transmission costs. This paper develops a behavioral game-theoretic framework for CP-driven load shifting that couples a nonlinear cost-allocation model with day-ahead (one-shot) and real-time (sequential-learning) decision processes. We examine two update rules, namely best-response dynamics (BRD) and fictitious-play dynamics (FPD), across continuous and finite action spaces to quantify how flexibility, action resolution, and participation influence peak outcomes. Using ERCOT peak-day data, we find that FPD reliably reduces system peaks, whereas BRD is more variable and can increase peaks under tight-capacity conditions. Finer action resolution improves peak shaving, while the number of participants is largely neutral when aggregate flexibility is fixed. Meanwhile, information-provider signals can induce herding, whereas response-aware or diverse signals improve peak shaving. These results highlight both the potential and limits of CP pricing: smoothing information and enabling granular control are as important as the amount of available flexibility. The framework offers practical guidance for system operators and consumers: For ISOs, broadcasting smoothed CP signals and setting minimum controllable-capacity thresholds enhance coordination. For consumers, greater flexibility and finer control resolution improve both cost savings and peak-shaving performance.",Qian Zhang; Sadie Zhao; Lucy Diao; Conleigh Byers; Yiling Chen; Derya Cansever; Le Xie,"John A. Paulson School of Engineering and Applied Sciences, Harvard University, USA; John A. Paulson School of Engineering and Applied Sciences, Harvard University, USA; University of Chicago, USA; Harvard Kennedy School of Government, Harvard University, USA; John A. Paulson School of Engineering and Applied Sciences, Harvard University, USA; John A. Paulson School of Engineering and Applied Sciences, Harvard University, USA; John A. Paulson School of Engineering and Applied Sciences, Harvard University, USA","IEEE Transactions on Energy Markets, Policy and Regulation",2026,PP,99,1,12,2771-9626,,https://doi.org/10.1109/TEMPR.2026.3694998,https://ieeexplore.ieee.org/stamp/stamp.jsp?tp=&arnumber=11524073,Coincident Peak Pricing; Demand Response; Game Theory; Peak Shaving,Energy; Modeling; Timing; Loading; Pricing; Costing; Costs; Real-time systems; Games; Dynamics,,0,,,LOCKED,,,,IEEE,Early Access Articles,,,0,
10.1109/TEMPR.2025.3640116,Electric Grid Reliability in an Era of Unprecedented Uncertainty: A Review of Advances in Electric Sector Resource Adequacy Assessment and Planning,"Recent changes to the principal causes of energy shortage events on the electric grid have necessitated a re-thinking of paradigms for resource adequacy (RA) assessment and the related topic of procurement of a reliable portfolio. Prior studies have laid out elements of a modern paradigm for these planning activities, but there does not exist a comprehensive overview of the topic spanning academic and gray literature, and the relationship of these suggested paradigms to methods used in industry has also not been surveyed. In this paper we review recent literature establishing best practices for RA assessment and reliable portfolio procurement, and survey current practices used in industry in relation to these best practices. We establish seven key best practices for RA assessment, cover a modern methodology for capacity accreditation, and find that industry practices are not far behind the identified best practices, though some key gaps remain. We also present a suggested agenda for both academic research on the topic and opportunities for advancement in the industry.",Gabriel Mantegna; Ziting Huang; Guillaume Van Caelenberg; Bethany Frew; Muireann Lynch; Mark O’Malley,"Andlinger Center for Energy and the Environment, Princeton University, Princeton, NJ, USA; Department of Environmental Health and Engineering, Johns Hopkins University, Baltimore, MD, USA; Department of Electrical and Electronic Engineering, Imperial College London, London, U.K.; National Laboratory of the Rockies, Golden, CO, USA; Economic and Social Research Institute, Dublin, Ireland; Department of Electrical and Electronic Engineering, Imperial College London, London, U.K.","IEEE Transactions on Energy Markets, Policy and Regulation",2026,4,1,1,9,2771-9626,,https://doi.org/10.1109/TEMPR.2025.3640116,https://ieeexplore.ieee.org/stamp/stamp.jsp?tp=&arnumber=11278497,Resource adequacy; energy adequacy; capacity adequacy; flexibility adequacy; grid services; resilience; reliability; uncertainty; renewable energy; energy storage; demand response; market design; procurement; capacity expansion,Resilience; Reliability; Procurement; Best practices; Power system reliability; Reviews; Uncertainty; Energy storage; Demand response; Power system planning,,0,,,CCBY - IEEE is not the copyright holder of this material. Please follow the instructions via https://creativecommons.org/licenses/by/4.0/ to obtain full-text articles and stipulations in the API documentation.,,Mar-26,,IEEE,Journals,,,0,
10.1109/TEMPR.2025.3633559,Missing Risk Markets and Capacity Remuneration Mechanisms in Electricity-Hydrogen Systems,"Hydrogen and derived fuels may act as long-term energy storage in climate-neutral energy systems. However, risk-averse investors will not invest in sufficient renewable electricity, back-up, electrolyzer and storage capacity if they are only remunerated for the hydrogen or electricity produced and markets for risk are missing. We develop a stochastic equilibrium model to study whether capacity markets can limit costs to consumers by restoring investments risk-neutral levels. Our results show that the efficacy of capacity markets depends on complementary instruments to ensure the availability of renewables. If risk-aversion and missing markets for risk reduce renewable build-out, capacity markets in the electricity and hydrogen sectors are needed to restore the overall capacity mix and limit costs for consumers. If complementary instruments lift investments in renewables, a capacity market in the electricity sector suffices. In this situation, an additional capacity market in the hydrogen sector triggers a bias toward hydrogen-fired backup capacity. This illustrates that an integrated systems perspective is required to design future energy markets.",Alessio Berdin; Laurens de Vries; Aad Correljé; Kenneth Bruninx,"Faculty of Technology, Policy, and Management, Delft University of Technology, Delft, The Netherlands; Faculty of Technology, Policy, and Management, Delft University of Technology, Delft, The Netherlands; Faculty of Technology, Policy, and Management, Delft University of Technology, Delft, The Netherlands; Faculty of Technology, Policy, and Management, Delft University of Technology, Delft, The Netherlands","IEEE Transactions on Energy Markets, Policy and Regulation",2026,4,1,67,77,2771-9626,,https://doi.org/10.1109/TEMPR.2025.3633559,https://ieeexplore.ieee.org/stamp/stamp.jsp?tp=&arnumber=11250700,Capacity markets; capacity remuneration schemes; hydrogen; missing risk market problem,Hydrogen; Electricity; Investment; Hydraulic turbines; Hydrogen storage; Costs; Renewable energy sources; Energy storage; Remuneration,,0,,,LOCKED,,Mar-26,,IEEE,Journals,,,0,
10.1109/TEMPR.2025.3646603,Rethinking Ancillary Services Markets: Balancing Speed and Endurance in the Era of Limited Energy Resources,"This paper examines the evolving role of ancillary services in power systems, highlighting possible limits that current market models have for addressing reserve eligibility and quality, where quality is ranked by the substitutability of different reserve types. Traditionally, faster-responding reserves are prioritized through a cascading structure that permits them to substitute for slower, lower-quality ones, establishing a pricing hierarchy. However, with the growing integration of fast but energy-limited resources, such as electric storage resources (ESRs), energy endurance is becoming increasingly important alongside response speed. This paper explores how well a conventional reserve hierarchy performs with ESRs and proposes potential reforms. Key contributions include improved ESR energy accounting; an analysis of price formation under both cascading and non-cascading reserve models; and simulations of a simple high-ESR system under the two reserve models, evaluating the differences across various system performance metrics. The findings highlight shortcomings of the cascading reserve construct and include adjustments for improved reliability and market efficiency.",Bo Yuan; Waleed Aslam; Nikita G. Singhal; Robert Entriken,"Cornell University, Ithaca, NY, USA; Electric Power Research Institute, Palo Alto, CA, USA; Electric Power Research Institute, Palo Alto, CA, USA; Electric Power Research Institute, Palo Alto, CA, USA","IEEE Transactions on Energy Markets, Policy and Regulation",2026,4,2,168,183,2771-9626,,https://doi.org/10.1109/TEMPR.2025.3646603,https://ieeexplore.ieee.org/stamp/stamp.jsp?tp=&arnumber=11317945,Ancillary services; cascading and non-cascading reserve constructs; eligibility criteria; storage resources,Regulation; Discharges (electric); Pricing; Optimization; Biological system modeling; Time factors; Real-time systems; Storage management; Power system planning,,0,,,LOCKED,,Jun-26,,IEEE,Journals,,,0,
10.1109/TEMPR.2025.3628116,L1 Distance-Based Optimization Approach for Recommendation and Effective Intervention Selection for EV Policy Implementation,"To develop a robust electrified road transport ecosystem, various policy initiatives are being introduced in different countries. However, the actual implementation of interventions specified in the electric vehicle (EV) policy needs to be assessed to analyze the on-ground implementation of these policies. For determining the status of EV policy intervention implementation, this paper proposes an L1-distance based indicator for EV policy implementation in terms of a remoteness score. To improve the intervention implementation of EV policies, effective intervention selection is carried out in this paper using a quantitative method of L1-distance based integer linear optimization approach. This L1-distance based optimization considers the attributes of relative cost and benefit of intervention implementation in the EV ecosystem. The proposed method minimizes the remoteness score while identifying the optimal interventions by considering full and partial information availability. The proposed method is implemented for Indian State EV policies of Maharashtra, Delhi, and Karnataka with a remoteness score reduction of 50% and 75% considering the State and idealistic EV policy. To validate the effectiveness of the proposed L1-distance based optimization for optimal intervention selection, the proposed strategy is compared with existing methods. A comparative analysis is performed in terms of the relative cost of implementation and performance indices such as L$\infty $ distance, L1 distance, Hamming distance, Trucker’s coefficient of congruence, and Gower’s similarity coefficient. This paper also performs a detailed analysis of the smart charging aspect considering its significance toward a sustainable EV charging ecosystem.",Payal Vyankat Dahiwale; Zakir H. Rather,"Department of Energy Science and Engineering, Indian Institute of Technology Bombay, Mumbai, India; Department of Energy Science and Engineering, Indian Institute of Technology Bombay, Mumbai, India","IEEE Transactions on Energy Markets, Policy and Regulation",2026,4,1,53,66,2771-9626,,https://doi.org/10.1109/TEMPR.2025.3628116,https://ieeexplore.ieee.org/stamp/stamp.jsp?tp=&arnumber=11223886,Electric vehicle (EV); EV policy; L1 distance; MOORA; on-ground policy implementation status; quantitative analysis,Ecosystems; Smart charging; Optimization; Costs; Transportation; Tariffs; Stakeholders; Government; Vectors; Electric vehicles,,0,,,LOCKED,,Mar-26,,IEEE,Journals,,,0,
10.1109/TEMPR.2026.3683635,Real-Time Multiregional Market-to-Market Congestion Management Through Exchange of Relief Cost Curve,"This paper introduces a novel method for multiregional market-to-market (M2M) coordinated congestion management. It identifies shortcomings in existing M2M approaches, where Regional Transmission Organizations (RTOs) exchange shadow prices and relief requests to optimize congestion relief allocations across interconnected regions. Two methods are proposed to enhance flow and price convergence. The first method proposes that both Regional Transmission Organizations (RTOs) use state-estimator flows directly to determine relief requirements, eliminating delays and potential oscillations caused by using market flows calculated from the prior period under existing M2M approach. The second method involves exchanging transmission relief cost curves, enabling each RTOs to integrate other RTOs' relief costs curve into its real-time security-constrained economic dispatch (SCED). This method can effectively extend the coordination to multiple transmission lines and across more than two RTOs. The alternating direction method of multipliers (ADMM) is also applied to the M2M coordination problem and compared with the proposed methods. Case studies on small and large-scale systems demonstrate the effectiveness of these approaches.",Haotian Chen; Yonghong Chen; Jose Daniel Lara; Jarrad Wright; Matthew Bossart; Sebastian de Jesus Machado; Rui Bo,"National Laboratory of The Rockies, USA; National Laboratory of The Rockies, USA; National Laboratory of The Rockies, USA; National Laboratory of The Rockies, USA; National Laboratory of The Rockies, USA; National Laboratory of The Rockies, USA; Missouri University of Science and Technology, USA","IEEE Transactions on Energy Markets, Policy and Regulation",2026,PP,99,1,15,2771-9626,,https://doi.org/10.1109/TEMPR.2026.3683635,https://ieeexplore.ieee.org/stamp/stamp.jsp?tp=&arnumber=11480945,Congestion Management; Relief; Security Constrained Economic Dispatch; Interregional Coordination,Oscillators; Circuits and systems; Integrated circuits; Circuits; Machine-to-machine communications; MISO; Communication systems; Communications technology; Wireless communication; Radio access networks,,0,,,LOCKED,,,,IEEE,Early Access Articles,,,0,
10.1109/TEMPR.2025.3645733,Optimal Battery Sizing for Real-Time Renewable Energy Bidding Based on Reinforcement Learning,"With the increasing penetration of Variable Renewable Energy (VRE) sources such as photovoltaic and wind power, effective market integration of VRE is essential to minimize market distortions and support new business models. Battery energy storage systems enhance operational flexibility by mitigating imbalance penalties and enabling energy arbitrage. However, accurate battery sizing is challenging due to its strong coupling with operational strategies, making it a multi-scale optimization problem. Additionally, uncertainty in renewable generation and market prices increases the computational complexity, as is typically the case for stochastic programming approaches. This paper proposes a computationally efficient method for optimal battery sizing for renewable producers participating in real-time markets. We leverage Reinforcement Learning (RL) as a stochastic sequential decision-making framework and extend it to co-optimize the battery capacity with the bidding strategy. Unlike existing bi-level optimization approaches, our method integrates battery sizing directly into the bidding policy training process. This one-shot optimization framework improves computational efficiency by eliminating the need for repeated RL trainings across candidate battery capacities. Numerical simulations demonstrate that the proposed method effectively optimizes battery investment and operational performance over a target year.",Taiyo Mantani; Hikaru Hoshino; Eiko Furutani,"Department of Electrical Materials and Engineering, University of Hyogo, Himeji, Japan; Department of Electrical Materials and Engineering, University of Hyogo, Himeji, Japan; Department of Electrical Materials and Engineering, University of Hyogo, Himeji, Japan","IEEE Transactions on Energy Markets, Policy and Regulation",2026,4,2,247,258,2771-9626,,https://doi.org/10.1109/TEMPR.2025.3645733,https://ieeexplore.ieee.org/stamp/stamp.jsp?tp=&arnumber=11303980,Battery sizing; uncertainty; real-time market; deep reinforcement learning; multi-scale optimization,Batteries; Optimization; Real-time systems; Renewable energy sources; Biological system modeling; Mathematical models; Computational modeling; Numerical models; Size measurement; Deep reinforcement learning,,0,,,CCBY - IEEE is not the copyright holder of this material. Please follow the instructions via https://creativecommons.org/licenses/by/4.0/ to obtain full-text articles and stipulations in the API documentation.,,Jun-26,,IEEE,Journals,,,0,
10.1109/TEMPR.2026.3676144,Risk-Aware Congestion Management With Capacity Limitation Contracts and Redispatch,"We propose the first approach to risk-aware congestion management with multiple instruments, by framing congestion management as a resource allocation problem over a portfolio of instruments with distinct risk profiles. We apply this framework to the coordination of capacity limitation contracts (CLCs) and redispatch contracts (RCs), which were introduced in the Netherlands in 2022. We develop a chance-constrained two-stage stochastic mixed-integer program for a system operator procuring flexibility from a fleet of electric vehicles (EVs). The model captures uncertainty in EV charging and redispatch market conditions, using real order book data from the Dutch redispatch market. Results indicate that combining CLCs and RCs is the most cost-effective approach to mitigate risks associated with each instrument, but the optimal mix depends on fleet size and RC activation timing. Large uncertainty about EV loading increases RC activation intraday to correct for forecasting errors at the earlier CLC stage. For large fleet sizes (e.g. 25.000), the policy limits redispatch due to market liquidity risks in the immature redispatch market. This risk increases for later redispatch activation due to shrinking trading windows for redispatch products. These findings highlight how various sources of uncertainty can impact the optimal trade-off between congestion management instruments.",Bart van der Holst; Phuong Nguyen; Johan Morren; Koen Kok,"Department of Electrical Engineering, Eindhoven University of Technology, Eindhoven, The Netherlands; Department of Electrical Engineering, Eindhoven University of Technology, Eindhoven, The Netherlands; Department of Electrical Engineering, Eindhoven University of Technology, Eindhoven, The Netherlands; Department of Electrical Engineering, Eindhoven University of Technology, Eindhoven, The Netherlands","IEEE Transactions on Energy Markets, Policy and Regulation",2026,4,2,198,210,2771-9626,,https://doi.org/10.1109/TEMPR.2026.3676144,https://ieeexplore.ieee.org/stamp/stamp.jsp?tp=&arnumber=11449420,Congestion management; risk management; capacity limitation; redispatch markets; electric vehicles; scenario generation; chance-constraints,Contracts; Portfolios; Tariffs; Stochastic processes; Resource management; Prognostics and health management; Real-time systems; Risk management; Capacity planning; Electric vehicles,,0,,,LOCKED,,Jun-26,,IEEE,Journals,,,0,
10.1109/TEMPR.2026.3665140,Demand Biasing and Virtual Bidding Can Lead to Suboptimal Unit Commitment Under Uncertainty,"Power system operators currently use deterministic optimization for unit commitment (UC), but increased uncertainty from, e.g., intermittent renewable energy, can reduce the social welfare of deterministic UC. To improve UC solutions, operators can bias forecasts of uncertain quantities such as wind power ordemand forecasts, introduce virtual bidders to arbitrage forward markets, or employ stochastic optimization methods for UC. However, only biasing and virtual bidders are widely used in practice. In this paper, we compare the generator commitments and social welfare obtained by stochastic UC, deterministic UC with demand biasing, and markets with virtual bidders on small-scale, intuitive examples. We first show a case where deterministic UC cannot recover the optimal stochastic commitment and resulting social welfare no matter the bias value. We also show an example where virtual bidders neither recover the stochastic optimum nor the deterministic optimum with biasing. Finally, we provide computational examples on larger systems where deterministic UC with biasing produces a different solution from stochastic UC and incurs increased generation costs. Collectively, these results demonstrate the fundamental gap in social welfare obtained by stochastic and deterministic UC methods, even if the deterministic methods do account for uncertainty in some way.",Sunny Chen; Johanna L. Mathieu; Peter Seiler,"Department of Electrical Engineering and Computer Science, University of Michigan, Ann Arbor, MI, USA; Department of Electrical Engineering and Computer Science, University of Michigan, Ann Arbor, MI, USA; Department of Electrical Engineering and Computer Science, University of Michigan, Ann Arbor, MI, USA","IEEE Transactions on Energy Markets, Policy and Regulation",2026,4,2,233,246,2771-9626,,https://doi.org/10.1109/TEMPR.2026.3665140,https://ieeexplore.ieee.org/stamp/stamp.jsp?tp=&arnumber=11397180,Electricity markets; virtual bidding; unit commitment; stochastic dispatch,Costs; Stochastic processes; Generators; Wind forecasting; Regulation; Schedules; Renewable energy sources; Optimization methods; Electricity supply industry; Market research,,0,,,LOCKED,,Jun-26,,IEEE,Journals,,,0,
10.1109/TEMPR.2026.3661757,IDSO-Managed Bid-Based Transactive Design for DER Participation in Wholesale Markets While Preserving T–D Interactions,"Participation of Distributed Energy Resources (DERs) in bid-based Transactive Energy Systems (TES) at the distribution network facilitates strongly coupled, bidirectional interactions between Transmission-Distribution (T-D) systems. This study aims to capture these interactions for an unbalanced distribution system and enable smooth integration within an Integrated Transmission and Distribution (ITD) framework. To achieve this, this study develops an Independent Distribution System Operator (IDSO)-managed bid-based TES design operating within the ITD paradigm. The proposed design enables DER participation in the Wholesale Power Market (WPM) through the IDSO, while maintaining tight T-D linkages. The IDSO performs a grid-safe and value-based aggregation of DERs' bids and offers employing a three-phase distribution optimal power flow. A retail pricing scheme is introduced to ensure efficient coordination of DERs through value-based signals, enabling them to update their bids/offers for subsequent periods. Case studies conducted on a modified IEEE 123- bus radial feeder populated with DERs validate the proposed frameworks' effectiveness in coordinating the DERs efficiently and reliably.",Swastik Sharma; Swathi Battula; Sri Niwas Singh,,"IEEE Transactions on Energy Markets, Policy and Regulation",2026,PP,99,1,15,2771-9626,,https://doi.org/10.1109/TEMPR.2026.3661757,https://ieeexplore.ieee.org/stamp/stamp.jsp?tp=&arnumber=11373199,Distribution system operators; integrated transmission and distribution systems; transactive energy systems; unbalanced distribution systems,Distribution networks; Reliability; Couplings; Distributed power generation; Iterative methods; Real-time systems; Optimization; Load modeling; Transactive energy; Regulation,,0,,,LOCKED,,,,IEEE,Early Access Articles,,,0,
10.1109/TEMPR.2026.3696773,Long-Term Trading Risk Management for Intra-Regional Market Operators with Participant Risk Preferences,"Under China's national unified electricity market with a two-level operation mechanism, the intra-regional market operator (IRMO) simultaneously participates in the inter regional market and operates the intra-regional market. In fulfilling this dual role, the IRMO must mitigate regional power balance risks via inter-regional forward trading while respecting intra-regional market participants' economic incentives and heterogeneous risk preferences to ensure efficient and executable market outcomes. Existing works inadequately characterize the financial risks in long-term power markets, particularly those associated with renewable energy curtailment and load-shedding costs. They also neglect participants' risk preferences and bud get balance constraints, which may lead to irrational trading decisions and the IRMO's actual inability to enforce contracts. To this end, a risk management inter-regional long-term trading model for IRMO is proposed that incorporates participant risk preferences within a Stackelberg game. A generalized additive model-based scenario generation framework is proposed to characterize the long-term uncertainties for market participants. The model also contains the budget balance constraint to trade off the imbalance funds against the social welfare. Case studies show that incorporating system risk improves social welfare by 3.23%, while considering participant risk preferences further enhances it by 0.2%-0.3%.",Zeyang Long; Fangmei Bie; Shu Liu; Qinghu Tang; Yi Wang,,"IEEE Transactions on Energy Markets, Policy and Regulation",2026,PP,99,1,13,2771-9626,,https://doi.org/10.1109/TEMPR.2026.3696773,https://ieeexplore.ieee.org/stamp/stamp.jsp?tp=&arnumber=11535170,electricity market; inter-regional trading; long term trading; risk management; imbalance funds,International trade; Loading; Renewable Portfolio Standard; Modeling; Pricing; Optimization; Costing; Costs; Timing; Energy,,0,,,LOCKED,,,,IEEE,Early Access Articles,,,0,
