Source_Index,Document Title,abstract,Abstract_Cleaned,already_classified,Source_File,authors
10.1109/TPWRS.2023.3292799,Optimal Primary Frequency Reserve Provision by an Aggregator Considering Nonlinear Unit Dynamics,"Power system operators are increasingly procuring frequency regulation reserves from distributed energy resources via aggregators. Provision of the frequency regulation services by the aggregators can be studied from different aspects and by using different models, ranging from very-short-run to long-term scheduling models. By developing a methodology for ensuring the operational model's compliance with the dynamic constraints, this article bridges the gap between economic studies of the aggregator's frequency containment reserve market participation on the one hand and the distributed energy resources' dynamic response on the other. The article presents a mixed-integer linear program for the aggregator's portfolio management that incorporates constraints of individual units' fast dynamics, and validates them via dynamic simulations. The results demonstrate the importance of including reserve activation constraints when modelling storage technologies and settling time constraints when modelling conventional units.","power system operators are increasingly procuring frequency regulation reserves from distributed energy resources via aggregators. provision of the frequency regulation services by the aggregators can be studied from different aspects and by using different models, ranging from very-short-run to long-term scheduling models. by developing a methodology for ensuring the operational models compliance with the dynamic constraints, this article bridges the gap between economic studies of the aggregators frequency containment reserve market participation on the one hand and the distributed energy resources dynamic response on the other. the article presents a mixed-integer linear program for the aggregators portfolio management that incorporates constraints of individual units fast dynamics, and validates them via dynamic simulations. the results demonstrate the importance of including reserve activation constraints when modelling storage technologies and settling time constraints when modelling conventional units.",FALSE,TPWRS_2000_2026_ieee.csv,M. Miletić; M. Krpan; I. Pavić; H. Pandžić; I. Kuzle
10.1109/TPWRS.2023.3242715,Graph Learning-Based Voltage Regulation in Distribution Networks With Multi-Microgrids,"Microgrids (MGs), as localized small power systems, can effectively provide voltage regulation services for distribution networks by integrating and managing various distributed energy resources. Existing literature employs model-based optimization approaches to formulate the voltage regulation problem of multi-MGs, which require complete system models. However, this assumption is normally impractical due to time-varying environment and privacy issues. To fill this research gap, this paper suggests a data-driven decentralized framework for the cost-effective voltage regulation of a distribution network with multi-MGs. A novel multi-agent reinforcement learning method featuring an augmented graph convolutional network and a proximal policy optimization algorithm is proposed to solve this problem. Furthermore, the techniques of critical bus and electrical distance enhance the capability of feature extractions from the distribution network, allowing for the decentralized training with privacy preserving. Simulation results based on modified IEEE 33-bus, 69-bus, and 123-bus networks are developed to validate the effectiveness of the proposed method in enabling multi-MGs to provide distribution network voltage regulation.","microgrids (mgs), as localized small power systems, can effectively provide voltage regulation services for distribution networks by integrating and managing various distributed energy resources. existing literature employs model-based optimization approaches to formulate the voltage regulation problem of multi-mgs, which require complete system models. however, this assumption is normally impractical due to time-varying environment and privacy issues. to fill this research gap, this paper suggests a data-driven decentralized framework for the cost-effective voltage regulation of a distribution network with multi-mgs. a novel multi-agent reinforcement learning method featuring an augmented graph convolutional network and a proximal policy optimization algorithm is proposed to solve this problem. furthermore, the techniques of critical bus and electrical distance enhance the capability of feature extractions from the distribution network, allowing for the decentralized training with privacy preserving. simulation results based on modified ieee 33-bus, 69-bus, and 123-bus networks are developed to validate the effectiveness of the proposed method in enabling multi-mgs to provide distribution network voltage regulation.",FALSE,TPWRS_2000_2026_ieee.csv,Yi Wang; Dawei Qiu; Yu Wang; Mingyang Sun; Goran Strbac
10.1109/TPWRS.2023.3277009,Adaptive Frequency Droop Feedback Control-Based Power Tracking Operation of a DFIG for Temporary Frequency Regulation,"Frequency regulation scheme of doubly-fed induction generators (DFIGs) are implemented to improve the frequency stability achieving by rotor speed control. However, the coupling dynamics between the maximum power point tracking operation control loop and frequency regulation control loop would impair the frequency regulation capability. To eliminate the adverse influences, firstly, analytical derivation for coupling output power dynamics is represented when adopting frequency regulation scheme of the DFIG. Then, an adaptive frequency droop feedback control based on power tracking operation strategy, which is a decoupling control scheme for frequency regulation, is proposed to respond the dynamic grid frequency without reserving power. The frequency deviation-based droop control with dynamics gains is used to calculate the coefficient of power tracking operation of the DFIG. The system stability with various power tracking operation of the DFIG is analyzed, in addition, the stable boundary is used to limit the setting of coefficient of power tracking operation. Simulations are carried based on an EMTP-RV simulator. It is found that the suggested adaptive frequency droop feedback control based on power tracking strategy can provide dual frequency regulation capability and reduce the maximum frequency excursion under various scenarios.","frequency regulation scheme of doubly-fed induction generators (dfigs) are implemented to improve the frequency stability achieving by rotor speed control. however, the coupling dynamics between the maximum power point tracking operation control loop and frequency regulation control loop would impair the frequency regulation capability. to eliminate the adverse influences, firstly, analytical derivation for coupling output power dynamics is represented when adopting frequency regulation scheme of the dfig. then, an adaptive frequency droop feedback control based on power tracking operation strategy, which is a decoupling control scheme for frequency regulation, is proposed to respond the dynamic grid frequency without reserving power. the frequency deviation-based droop control with dynamics gains is used to calculate the coefficient of power tracking operation of the dfig. the system stability with various power tracking operation of the dfig is analyzed, in addition, the stable boundary is used to limit the setting of coefficient of power tracking operation. simulations are carried based on an emtp-rv simulator. it is found that the suggested adaptive frequency droop feedback control based on power tracking strategy can provide dual frequency regulation capability and reduce the maximum frequency excursion under various scenarios.",FALSE,TPWRS_2000_2026_ieee.csv,Dejian Yang; Xin Wang; Wei Chen; Gan-Gui Yan; Zhaoyang Jin; Enshu Jin; Taiying Zheng
10.1109/TPWRS.2023.3244668,Achieving Emission-Reduction Goals: Multi-Period Power-System Expansion Under Short-Term Operational Uncertainty,"Stochastic adaptive robust optimization is capable of handling short-term uncertainties in demand and variable renewable-energy sources that affect investment in generation and transmission capacity. We build on this setting by considering a multi-year investment horizon for finding the optimal plan for generation and transmission capacity expansion while reducing greenhouse gas emissions. In addition, we incorporate multiple hours in power-system operations to capture hydropower operations and flexibility requirements for utilizing variable renewable-energy sources such as wind and solar power. To improve the computational performance of existing exact methods for this problem, we employ Benders decomposition and solve a mixed-integer quadratic programming problem to avoid computationally expensive big-M linearizations. The results for a realistic case study for the Nordic and Baltic region indicate which investments in transmission, wind power, and flexible generation capacity are required for reducing greenhouse gas emissions. Through out-of-sample experiments, we show that the stochastic adaptive robust model leads to lower expected costs than a stochastic programming model under increasingly stringent environmental considerations.","stochastic adaptive robust optimization is capable of handling short-term uncertainties in demand and variable renewable-energy sources that affect investment in generation and transmission capacity. we build on this setting by considering a multi-year investment horizon for finding the optimal plan for generation and transmission capacity expansion while reducing greenhouse gas emissions. in addition, we incorporate multiple hours in power-system operations to capture hydropower operations and flexibility requirements for utilizing variable renewable-energy sources such as wind and solar power. to improve the computational performance of existing exact methods for this problem, we employ benders decomposition and solve a mixed-integer quadratic programming problem to avoid computationally expensive big-m linearizations. the results for a realistic case study for the nordic and baltic region indicate which investments in transmission, wind power, and flexible generation capacity are required for reducing greenhouse gas emissions. through out-of-sample experiments, we show that the stochastic adaptive robust model leads to lower expected costs than a stochastic programming model under increasingly stringent environmental considerations.",FALSE,TPWRS_2000_2026_ieee.csv,Tuomas Rintamäki; Fabricio Oliveira; Afzal S. Siddiqui; Ahti Salo
10.1109/TPWRS.2023.3261222,Adaptive Load Shedding as Part of Primary Frequency Response To Support Networked Microgrid Operations,"Global changes in the deployment of distributed energy resources, control and communications technologies, business models, and regulatory policy are increasing the operational options for future distribution systems. One such option is the coordinated operation of distributed resources to form microgrids and networks of microgrids to support traditional bulk power systems during normal operations and critical end-use loads during outages. While individual standalone microgrids have been extensively studied and deployed, the coordinated operation of networked microgrids is operationally more challenging due to the dynamic boundaries and changing mix of generation resources. This paper presents a method of using a distributed control architecture to support primary frequency response in networked microgrids operations. The support of primary frequency response is accomplished using the Open Field Message Bus reference architecture and Grid Friendly Appliance controllers.","global changes in the deployment of distributed energy resources, control and communications technologies, business models, and regulatory policy are increasing the operational options for future distribution systems. one such option is the coordinated operation of distributed resources to form microgrids and networks of microgrids to support traditional bulk power systems during normal operations and critical end-use loads during outages. while individual standalone microgrids have been extensively studied and deployed, the coordinated operation of networked microgrids is operationally more challenging due to the dynamic boundaries and changing mix of generation resources. this paper presents a method of using a distributed control architecture to support primary frequency response in networked microgrids operations. the support of primary frequency response is accomplished using the open field message bus reference architecture and grid friendly appliance controllers.",FALSE,TPWRS_2000_2026_ieee.csv,Kevin Paul Schneider; Xueqing Sun; Frank Tuffner
10.1109/TPWRS.2023.3238846,Risk-Based Hosting Capacity Analysis in Distribution Systems,"Solar hosting capacity analysis (HCA) assesses the ability of a distribution network to host distributed solar generation without seriously violating distribution network constraints. In this paper, we consider risk-sensitive HCA that limits the risk of network constraint violations with a collection of scenarios of solar irradiance and nodal power demands, where risk is modeled via the conditional value at risk (CVaR) measure. First, we consider the question of maximizing aggregate installed solar capacities, subject to risk constraints and solve it as a second-order cone program (SOCP) with a standard conic relaxation of the feasible set of the power flow equations. Second, we design an incremental algorithm to decide whether a configuration of solar installations has acceptable risk of constraint violations, modeled via CVaR. The algorithm circumvents explicit risk computation by incrementally constructing inner and outer polyhedral approximations of the set of acceptable solar installation configurations from prior such tests conducted. Our numerical examples study the impact of risk parameters, the number of scenarios and the scalability of our framework.","solar hosting capacity analysis (hca) assesses the ability of a distribution network to host distributed solar generation without seriously violating distribution network constraints. in this paper, we consider risk-sensitive hca that limits the risk of network constraint violations with a collection of scenarios of solar irradiance and nodal power demands, where risk is modeled via the conditional value at risk (cvar) measure. first, we consider the question of maximizing aggregate installed solar capacities, subject to risk constraints and solve it as a second-order cone program (socp) with a standard conic relaxation of the feasible set of the power flow equations. second, we design an incremental algorithm to decide whether a configuration of solar installations has acceptable risk of constraint violations, modeled via cvar. the algorithm circumvents explicit risk computation by incrementally constructing inner and outer polyhedral approximations of the set of acceptable solar installation configurations from prior such tests conducted. our numerical examples study the impact of risk parameters, the number of scenarios and the scalability of our framework.",FALSE,TPWRS_2000_2026_ieee.csv,Avinash N. Madavan; Nathan Dahlin; Subhonmesh Bose; Lang Tong
10.1109/TPWRS.2023.3244967,Distributed Unified Controller Design for Parallel Battery Storage System in DC Shipboard Microgrid,"In this paper, a novel distributed unified controller is designed to solve the problems of unbalanced State of Charge (SoC), unreasonable load current sharing, and unstable DC bus voltage for parallel battery storage systems (BSSs) in DC shipboard microgrid (DC-SMG). Different from the droop-based secondary controller, the designed distributed unified controller is a droop-free primary controller, which can incorporate SoC balancing, current sharing, and voltage regulation functions in the primary control layer. On this basis, each BSS uses an improved dynamic diffusion algorithm (DDA) to iteratively estimate the average information, and completes information exchange by a neighbor-to-neighbor communication network. Furthermore, the small-signal stability, large-signal stability, and global steady-state performance of the system is investigated using eigenvalue analysis, mixed potential theory (MPT), and matrix theory, respectively. Finally, the Matlab/Simulink simulation model and the StarSim HIL experimental platform for DC-SMG are built. The results show that the designed distributed unified controller can simultaneously achieve dynamic SoC balancing, proportional load current sharing, and smooth average bus voltage regulation, and has a faster SoC convergence speed and more stable control effect than the state-of-the-art methods.","in this paper, a novel distributed unified controller is designed to solve the problems of unbalanced state of charge (soc), unreasonable load current sharing, and unstable dc bus voltage for parallel battery storage systems (bsss) in dc shipboard microgrid (dc-smg). different from the droop-based secondary controller, the designed distributed unified controller is a droop-free primary controller, which can incorporate soc balancing, current sharing, and voltage regulation functions in the primary control layer. on this basis, each bss uses an improved dynamic diffusion algorithm (dda) to iteratively estimate the average information, and completes information exchange by a neighbor-to-neighbor communication network. furthermore, the small-signal stability, large-signal stability, and global steady-state performance of the system is investigated using eigenvalue analysis, mixed potential theory (mpt), and matrix theory, respectively. finally, the matlab/simulink simulation model and the starsim hil experimental platform for dc-smg are built. the results show that the designed distributed unified controller can simultaneously achieve dynamic soc balancing, proportional load current sharing, and smooth average bus voltage regulation, and has a faster soc convergence speed and more stable control effect than the state-of-the-art methods.",FALSE,TPWRS_2000_2026_ieee.csv,Yuji Zeng; Qinjin Zhang; Yancheng Liu; Haohao Guo; Fengkui Zhang; Shi You
10.1109/TPWRS.2023.3266956,Learning Power Grid Outages With Higher-Order Topological Neural Networks,"With the increase in cyber-physical threats and extreme weather events, resilience of the power system has become a problem of utmost societal importance. In this article, we propose a novel approach for resilience improvement of power distribution networks, based on the notions of persistent homology and simplicial neural networks (SNNs) which are new directions in graph learning. In particular, tools of persistent homology allow us to capture the most essential topological descriptors of the distribution network. In turn, extending the convolutional operation to simplicial complexes on the distribution network, using the Hodge-Laplacian analytics, enables us to describe complex interactions among multi-node higher order graph substructures. Such higher order graph substructures are of particular importance in distribution networks, since a change in power demand at a load bus (or the power supplied from a substation) will produce a corresponding perturbation in nodal variables (such as the bus voltages) and edge variables (such as branch currents). We validate our new Higher-Order Topological Neural Networks (HOT-Nets) model for contingency classification of three test distribution networks, the IEEE 37-bus feeder, IEEE 123-bus feeder, and the 342-bus low voltage network. Our experiment results on two case studies (i.e., (i) with sensors placed at all the buses alone in the networks and (ii) with partial observability in the networks) indicate that HOT-Nets substantially outperforms 9 state-of-the-art methods, yielding relative gains of up to 14.04% in terms of system resilience classification.","with the increase in cyber-physical threats and extreme weather events, resilience of the power system has become a problem of utmost societal importance. in this article, we propose a novel approach for resilience improvement of power distribution networks, based on the notions of persistent homology and simplicial neural networks (snns) which are new directions in graph learning. in particular, tools of persistent homology allow us to capture the most essential topological descriptors of the distribution network. in turn, extending the convolutional operation to simplicial complexes on the distribution network, using the hodge-laplacian analytics, enables us to describe complex interactions among multi-node higher order graph substructures. such higher order graph substructures are of particular importance in distribution networks, since a change in power demand at a load bus (or the power supplied from a substation) will produce a corresponding perturbation in nodal variables (such as the bus voltages) and edge variables (such as branch currents). we validate our new higher-order topological neural networks (hot-nets) model for contingency classification of three test distribution networks, the ieee 37-bus feeder, ieee 123-bus feeder, and the 342-bus low voltage network. our experiment results on two case studies (i.e., (i) with sensors placed at all the buses alone in the networks and (ii) with partial observability in the networks) indicate that hot-nets substantially outperforms 9 state-of-the-art methods, yielding relative gains of up to 14.04% in terms of system resilience classification.",FALSE,TPWRS_2000_2026_ieee.csv,Yuzhou Chen; Roshni Anna Jacob; Yulia R. Gel; Jie Zhang; H. Vincent Poor
10.1109/TPWRS.2023.3257033,Non-Iterative Solution for Coordinated Optimal Dispatch via Equivalent Projection—Part II: Method and Applications,"This two-part paper develops a non-iterative coordinated optimal dispatch framework, i.e., free of iterative information exchange, via the innovation of the equivalent projection (EP) theory. The EP eliminates internal variables from technical and economic operation constraints of the subsystem and obtains an equivalent model with reduced scale, which is the key to the non-iterative coordinated optimization. In Part II of this paper, a novel projection algorithm with the explicit error guarantee measured by the Hausdorff distance is proposed, which characterizes the EP model by the convex hull of its vertices. This algorithm is proven to yield a conservative approximation within the prespecified error tolerance and can obtain the exact EP model if the error tolerance is set to zero, which provides flexibility to balance the computation accuracy and effort. Applications of the EP-based coordinated dispatch are demonstrated based on the multi-area coordination and transmission-distribution coordination. Case studies with a wide range of system scales verify the superiority of the proposed projection algorithm in terms of computational efficiency and scalability, and validate the effectiveness of the EP-based coordinated dispatch in comparison with the joint optimization.","this two-part paper develops a non-iterative coordinated optimal dispatch framework, i.e., free of iterative information exchange, via the innovation of the equivalent projection (ep) theory. the ep eliminates internal variables from technical and economic operation constraints of the subsystem and obtains an equivalent model with reduced scale, which is the key to the non-iterative coordinated optimization. in part ii of this paper, a novel projection algorithm with the explicit error guarantee measured by the hausdorff distance is proposed, which characterizes the ep model by the convex hull of its vertices. this algorithm is proven to yield a conservative approximation within the prespecified error tolerance and can obtain the exact ep model if the error tolerance is set to zero, which provides flexibility to balance the computation accuracy and effort. applications of the ep-based coordinated dispatch are demonstrated based on the multi-area coordination and transmission-distribution coordination. case studies with a wide range of system scales verify the superiority of the proposed projection algorithm in terms of computational efficiency and scalability, and validate the effectiveness of the ep-based coordinated dispatch in comparison with the joint optimization.",FALSE,TPWRS_2000_2026_ieee.csv,Zhenfei Tan; Zheng Yan; Haiwang Zhong; Qing Xia
10.1109/TPWRS.2023.3242938,Fractional-Order Sliding Mode Load Frequency Control and Stability Analysis for Interconnected Power Systems With Time-Varying Delay,"The universal use of open communication networks in interconnected power systems has changed the constant delay in the formerly dedicated channels into time-varying delay. The delay will deteriorate the dynamic performance of the load frequency control and lead to system frequency instability. This paper presents a fractional-order sliding mode controller for interconnected power systems with time-varying delay and performs stability analysis based on the Lyapunov direct method. Firstly, fractional-order integral sliding mode control is used to improve the stability of interconnected power systems containing time-varying delay. This expands the delay margin by taking advantage of the scalability of the fractional-order to the sliding mode surface. Then, the Riemann-Liouville fractional-order Lyapunov functional is introduced to stability analysis. This reduced the conservatism of the stability analysis by adjusting the upper limit of the functional integral. Lastly, combining Lyapunov's theory and integral inequality to obtain the stability conditions of the time-varying delay power system described by linear matrix inequality, and bring the stability margin of the system. The simulation results show that the designed controller can guarantee that the maximum delay time of the system is less than a predefined upper limit. The proposed control strategy obtains a larger stability margin than the other four scenarios. Additional simulation study was also conducted to verify its robustness to load variations and wind fluctuations.","the universal use of open communication networks in interconnected power systems has changed the constant delay in the formerly dedicated channels into time-varying delay. the delay will deteriorate the dynamic performance of the load frequency control and lead to system frequency instability. this paper presents a fractional-order sliding mode controller for interconnected power systems with time-varying delay and performs stability analysis based on the lyapunov direct method. firstly, fractional-order integral sliding mode control is used to improve the stability of interconnected power systems containing time-varying delay. this expands the delay margin by taking advantage of the scalability of the fractional-order to the sliding mode surface. then, the riemann-liouville fractional-order lyapunov functional is introduced to stability analysis. this reduced the conservatism of the stability analysis by adjusting the upper limit of the functional integral. lastly, combining lyapunovs theory and integral inequality to obtain the stability conditions of the time-varying delay power system described by linear matrix inequality, and bring the stability margin of the system. the simulation results show that the designed controller can guarantee that the maximum delay time of the system is less than a predefined upper limit. the proposed control strategy obtains a larger stability margin than the other four scenarios. additional simulation study was also conducted to verify its robustness to load variations and wind fluctuations.",FALSE,TPWRS_2000_2026_ieee.csv,Fan Yang; Yanbo Shen; Dongdong Li; Shunfu Lin; S. M. Muyeen; Haibao Zhai; Jian Zhao
10.1109/TPWRS.2023.3262584,An Efficient Half-Bridge MMC Model for EMTP-Type Simulation Based on Hybrid Numerical Integration,"Electromagnetic transient (EMT) simulation is critical and fundamental in the design and operation of the modular multilevel converter (MMC). This article proposes a highly efficient EMT simulation model for MMC based on hybrid numerical integration. The topology and operational principle of MMC are elaborated first. Based on this, an efficient simulation model for MMC is proposed. Each arm of the MMC is reduced to a two-node Norton equivalent circuit in the main network simulation. The computation of the capacitor dynamic equations is decoupled from that of the arm inductor dynamic equation. They are computed in a leapfrog manner. This makes the equivalent conductance of the MMC arm constant and greatly improves the simulation efficiency. Moreover, the dynamic equations of the capacitors are also decoupled from each other. Various operational conditions of the MMC are also considered, and accuracy and adaptability are thus ensured. Extensive studies on power systems with different scales verify the accuracy and improved efficiency of the proposed EMT simulation model for MMC.","electromagnetic transient (emt) simulation is critical and fundamental in the design and operation of the modular multilevel converter (mmc). this article proposes a highly efficient emt simulation model for mmc based on hybrid numerical integration. the topology and operational principle of mmc are elaborated first. based on this, an efficient simulation model for mmc is proposed. each arm of the mmc is reduced to a two-node norton equivalent circuit in the main network simulation. the computation of the capacitor dynamic equations is decoupled from that of the arm inductor dynamic equation. they are computed in a leapfrog manner. this makes the equivalent conductance of the mmc arm constant and greatly improves the simulation efficiency. moreover, the dynamic equations of the capacitors are also decoupled from each other. various operational conditions of the mmc are also considered, and accuracy and adaptability are thus ensured. extensive studies on power systems with different scales verify the accuracy and improved efficiency of the proposed emt simulation model for mmc.",FALSE,TPWRS_2000_2026_ieee.csv,Shilin Gao; Ying Chen; Yankan Song; Zhitong Yu; Yenan Wang
10.1109/TPWRS.2023.3239166,Optimal Energy Utilization of MMC-HVDC System Integrating Offshore Wind Farms for Onshore Weak Grid Inertia Support,"Modular multilevel converter-based high-voltage direct current (MMC-HVDC) systems have the potential to support grid frequency by utilizing the electrostatic energy stored in sub-module capacitors. However, existing energy control schemes cannot effectively use the MMC capacitor energy to provide sufficient inertia support. Additionally, those control schemes are based on grid following control, suffering from stability issues when the AC grid short circuit ratio (SCR) decreases. Thus, a grid-forming control scheme capable of active energy management for MMC-HVDC systems integrating offshore wind farms (OWFs) is developed, achieving flexible energy regulation and stable operation under weak grid conditions. To improve inertia support performance, an optimal two-stage energy utilization method is further proposed to overcome the drawbacks of existing grid-forming methods. Finally, comparative simulations are performed in a 2-area 4-machine weak grid to verify the effectiveness and advantages of the proposed method.","modular multilevel converter-based high-voltage direct current (mmc-hvdc) systems have the potential to support grid frequency by utilizing the electrostatic energy stored in sub-module capacitors. however, existing energy control schemes cannot effectively use the mmc capacitor energy to provide sufficient inertia support. additionally, those control schemes are based on grid following control, suffering from stability issues when the ac grid short circuit ratio (scr) decreases. thus, a grid-forming control scheme capable of active energy management for mmc-hvdc systems integrating offshore wind farms (owfs) is developed, achieving flexible energy regulation and stable operation under weak grid conditions. to improve inertia support performance, an optimal two-stage energy utilization method is further proposed to overcome the drawbacks of existing grid-forming methods. finally, comparative simulations are performed in a 2-area 4-machine weak grid to verify the effectiveness and advantages of the proposed method.",FALSE,TPWRS_2000_2026_ieee.csv,Haobo Zhang; Wang Xiang; Yongjie He; Jinyu Wen
10.1109/TPWRS.2023.3260402,Partial-Information-Based Non-Fragile Intermittent Estimator for Microgrids With Semi-Aperiodic DoS Attacks: Gain Stochastic Float,"This paper mainly focuses on the problem of non-fragile intermittent estimate tracking in microgrid systems with denial of service (DoS) attacks and gain fluctuation. Different from the common DC/AC microgrid system, the microgrid system studied in this paper involves large grid control and power line communication technology, which is more in line with the actual operating environment. Simultaneously, aiming at the occurrence of network-induced DoS attacks, an intermittent estimator based on partial measure information under cyber-attacks is designed. More importantly, instead of the existing single aperiodic or periodic DoS attacks, the DoS attacks scheme presented in this paper is semi-periodic DoS attacks whose the attack range is aperiodic and the attack width is certain. Furthermore, a variable obeying the Bernoulli distribution is proposed to characterize the randomly occurring gain fluctuation, in which the no-fragile observation is stochastic uncertain. Then, two sufficient conditions of stochastic stability of observation error system of microgrid are devised with the assistance of two different Lyapunov theories. Finally, the rationality of the developed theoretical method is verified by a numerical example.","this paper mainly focuses on the problem of non-fragile intermittent estimate tracking in microgrid systems with denial of service (dos) attacks and gain fluctuation. different from the common dc/ac microgrid system, the microgrid system studied in this paper involves large grid control and power line communication technology, which is more in line with the actual operating environment. simultaneously, aiming at the occurrence of network-induced dos attacks, an intermittent estimator based on partial measure information under cyber-attacks is designed. more importantly, instead of the existing single aperiodic or periodic dos attacks, the dos attacks scheme presented in this paper is semi-periodic dos attacks whose the attack range is aperiodic and the attack width is certain. furthermore, a variable obeying the bernoulli distribution is proposed to characterize the randomly occurring gain fluctuation, in which the no-fragile observation is stochastic uncertain. then, two sufficient conditions of stochastic stability of observation error system of microgrid are devised with the assistance of two different lyapunov theories. finally, the rationality of the developed theoretical method is verified by a numerical example.",FALSE,TPWRS_2000_2026_ieee.csv,Kui Ding; Quanxin Zhu; Tingwen Huang
10.1109/TPWRS.2023.3276008,Microgrid Formation and Real-Time Scheduling of Active Distribution Networks Considering Source-Load Stochasticity,"The post-disruption microgrid (MG) formation and the subsequent scheduling are resilience-enhancing measures for active distribution networks (ADNs) against disastrous events. This article proposes an integrated MG formation and scheduling solution, considering stochastic loads and distributed generators (DGs). Specifically, a first-stage MG formation model and a second-stage MG scheduling model are proposed to flexibly identify MG boundaries and restore as many critical loads as possible. The MG formation problem is formulated over multiple time steps to address time-varying generation outputs of intermittent DGs. Moreover, in the MG scheduling problem, the stochasticity of load demands and DG outputs is modeled as joint chance constraints (JCCs) to describe the possibility of security violations in the overall system. An efficient approximation method is next developed to convexify the JCCs into solvable second-order cones. The interaction between the MG formation and scheduling by the model predictive control implementation achieves a responsive solution for enhancing the emergency support capability of ADNs by incorporating power forecasts and real-time scheduling. The performance of the proposed method is verified in a modified real-world 136-node test feeder under catastrophic failures.","the post-disruption microgrid (mg) formation and the subsequent scheduling are resilience-enhancing measures for active distribution networks (adns) against disastrous events. this article proposes an integrated mg formation and scheduling solution, considering stochastic loads and distributed generators (dgs). specifically, a first-stage mg formation model and a second-stage mg scheduling model are proposed to flexibly identify mg boundaries and restore as many critical loads as possible. the mg formation problem is formulated over multiple time steps to address time-varying generation outputs of intermittent dgs. moreover, in the mg scheduling problem, the stochasticity of load demands and dg outputs is modeled as joint chance constraints (jccs) to describe the possibility of security violations in the overall system. an efficient approximation method is next developed to convexify the jccs into solvable second-order cones. the interaction between the mg formation and scheduling by the model predictive control implementation achieves a responsive solution for enhancing the emergency support capability of adns by incorporating power forecasts and real-time scheduling. the performance of the proposed method is verified in a modified real-world 136-node test feeder under catastrophic failures.",FALSE,TPWRS_2000_2026_ieee.csv,Kaiyuan Pang; Chongyu Wang; Nikos D. Hatziargyriou; Fushuan Wen
10.1109/TPWRS.2023.3280074,Data-Driven Emergency Frequency Control for Multi-Infeed Hybrid AC-DC System,"With the continuous development of large-scale complex hybrid AC-DC grids, the fast adjustability of HVDC systems is required by the grid to provide frequency regulation services. This article develops a fully data-driven linear quadratic regulator (LQR) for the HVDC to provide temporal frequency support. The main technical challenge is the complexity and the nonlinearity of multi-infeed hybrid AC-DC (MIDC) systems dynamics that make the LQR intractable. Based on Koopman operator (KO) theory, a Koopman eigenpairs construction method is developed to fit a global linear dynamic model of MIDC systems. Once globally linear representation of uncontrolled system dynamics is obtained offline, the control term is constituted by the gradient of the identified eigenfunctions and the control matrix $\boldsymbol{B}$. In case that $\boldsymbol{B}$ is unknown, we propose a method to identify it based on the verified Koopman eigenfunctions. The active power reference is optimized online for LCC-HVDC in a moving horizon fashion to provide frequency support, with only locally measurable frequency and transmission power. The robustness of the proposed control method against approximation errors of the linear representation in eigenfunction coordinates is analyzed. Simulation results show the effectiveness, robustness and adaptability of the proposed emergency control strategy.","with the continuous development of large-scale complex hybrid ac-dc grids, the fast adjustability of hvdc systems is required by the grid to provide frequency regulation services. this article develops a fully data-driven linear quadratic regulator (lqr) for the hvdc to provide temporal frequency support. the main technical challenge is the complexity and the nonlinearity of multi-infeed hybrid ac-dc (midc) systems dynamics that make the lqr intractable. based on koopman operator (ko) theory, a koopman eigenpairs construction method is developed to fit a global linear dynamic model of midc systems. once globally linear representation of uncontrolled system dynamics is obtained offline, the control term is constituted by the gradient of the identified eigenfunctions and the control matrix boldsymbolb. in case that boldsymbolb is unknown, we propose a method to identify it based on the verified koopman eigenfunctions. the active power reference is optimized online for lcc-hvdc in a moving horizon fashion to provide frequency support, with only locally measurable frequency and transmission power. the robustness of the proposed control method against approximation errors of the linear representation in eigenfunction coordinates is analyzed. simulation results show the effectiveness, robustness and adaptability of the proposed emergency control strategy.",FALSE,TPWRS_2000_2026_ieee.csv,Qianni Cao; Chen Shen; Ye Liu
10.1109/TPWRS.2023.3244807,Dual Grid-Forming Control With Energy Regulation Capability of MMC-HVDC System Integrating Offshore Wind Farms and Weak Grids,"To integrate weak onshore grids, some grid forming (GFM) control schemes taking advantage of DC voltage synchronization have been proposed for modular multilevel converter-based high-voltage direct current (MMC-HVDC) systems. In these control schemes, the sub-module (SM) capacitor energy is only used for grid synchronization. Since the SM capacitor is an energy storage device, it has the potential to actively regulate the stored energy. To fully exploit the energy management capability of MMC, a dual grid forming control scheme with energy regulation capability is presented in this paper. The proposed control scheme enables grid forming for both onshore and offshore MMC stations. Meanwhile, the capacitor energy of MMCs can be flexibly regulated to provide frequency support for the onshore grid. To verify the effectiveness of the proposed control scheme, case studies are first carried out in a point-to-point offshore wind farms (OWFs) integrated HVDC system. In addition, the frequency support performance is evaluated in a 3-area 4-machine grid integrated with two OWFs-HVDC systems. Finally, a single-terminal three-phase MMC prototype is developed to test the voltage decoupling and energy management capabilities of the proposed control strategy.","to integrate weak onshore grids, some grid forming (gfm) control schemes taking advantage of dc voltage synchronization have been proposed for modular multilevel converter-based high-voltage direct current (mmc-hvdc) systems. in these control schemes, the sub-module (sm) capacitor energy is only used for grid synchronization. since the sm capacitor is an energy storage device, it has the potential to actively regulate the stored energy. to fully exploit the energy management capability of mmc, a dual grid forming control scheme with energy regulation capability is presented in this paper. the proposed control scheme enables grid forming for both onshore and offshore mmc stations. meanwhile, the capacitor energy of mmcs can be flexibly regulated to provide frequency support for the onshore grid. to verify the effectiveness of the proposed control scheme, case studies are first carried out in a point-to-point offshore wind farms (owfs) integrated hvdc system. in addition, the frequency support performance is evaluated in a 3-area 4-machine grid integrated with two owfs-hvdc systems. finally, a single-terminal three-phase mmc prototype is developed to test the voltage decoupling and energy management capabilities of the proposed control strategy.",FALSE,TPWRS_2000_2026_ieee.csv,Haobo Zhang; Wang Xiang; Jinyu Wen
10.1109/TPWRS.2023.3267267,Online Inertia Allocation for Grid-Connected Renewable Energy Systems Based on Generic ASF Model Under Frequency Nadir Constraint,"Frequency security is one of the challenges for the power grid penetrated by renewable energy systems (RESs). Virtual inertia provision from the RESs is considered to be efficient support for frequency security enhancement. How to estimate the frequency nadir rapidly and accurately is crucial for the online inertia allocation for the RESs. This paper develops a generic average system frequency (G-ASF) model for the power grid to estimate the frequency nadir at first. The low-order generic model of the speed governing system of the SG is proposed to enhance the accuracy and flexibility of the G-ASF model. Then, based on the G-ASF model, an online inertia allocation strategy for the grid-connected RESs under frequency nadir constraint is proposed. With the pre-identified generic models of the speed governing systems, the G-ASF model of the entire power grid is periodically updated according to the grid operation state. Next to the model updating, the critical inertia of the power grid is periodically calculated under the pre-defined contingencies for frequency security verification. Then, the virtual inertia provision tasks are determined and allocated to the RESs periodically, and the grid frequency security is effectively ensured. The simulation results validate the proposed model and strategy.","frequency security is one of the challenges for the power grid penetrated by renewable energy systems (ress). virtual inertia provision from the ress is considered to be efficient support for frequency security enhancement. how to estimate the frequency nadir rapidly and accurately is crucial for the online inertia allocation for the ress. this paper develops a generic average system frequency (g-asf) model for the power grid to estimate the frequency nadir at first. the low-order generic model of the speed governing system of the sg is proposed to enhance the accuracy and flexibility of the g-asf model. then, based on the g-asf model, an online inertia allocation strategy for the grid-connected ress under frequency nadir constraint is proposed. with the pre-identified generic models of the speed governing systems, the g-asf model of the entire power grid is periodically updated according to the grid operation state. next to the model updating, the critical inertia of the power grid is periodically calculated under the pre-defined contingencies for frequency security verification. then, the virtual inertia provision tasks are determined and allocated to the ress periodically, and the grid frequency security is effectively ensured. the simulation results validate the proposed model and strategy.",FALSE,TPWRS_2000_2026_ieee.csv,Zefeng Peng; Qiao Peng; Yingmin Zhang; Huachun Han; Yue Yin; Tianqi Liu
10.1109/TPWRS.2023.3252502,Modeling of Frequency Security Constraints and Quantification of Frequency Control Reserve Capacities for Unit Commitment,"The high penetration of converter-based renewable energy sources has brought challenges to the power system frequency control. It is essential to consider the frequency security constraints and frequency control reserve requirements in unit commitment (UC). First, a novel extreme learning machine-based method is proposed to approximate the highly nonlinear frequency nadir constraint (FNC) by a set of linear constraints. Second, considering the variation of the frequency insecurity risk under the changing operational condition, we propose to optimize the primary frequency control (PFC) droop gains and reserve capacities in the UC model to provide diverse control efforts in different risk levels adaptively. Third, a secondary frequency control (SFC) reserve capacity quantification method is proposed by combining the Copula theory and distributionally robust optimization technique. The UC simulation is conducted on the IEEE 118-bus system to test the proposed optimal PFC droop gain strategy and SFC reserve capacity quantification method. Simulation results show that the proposed optimal PFC droop gain strategy is better than the traditional fixed PFC droop gain setting on economic efficiency and operational flexibility. Besides, the SFC reserve capacity calculated by the proposed method is more appropriate than the actual SFC reserve capacity in the historical operation.","the high penetration of converter-based renewable energy sources has brought challenges to the power system frequency control. it is essential to consider the frequency security constraints and frequency control reserve requirements in unit commitment (uc). first, a novel extreme learning machine-based method is proposed to approximate the highly nonlinear frequency nadir constraint (fnc) by a set of linear constraints. second, considering the variation of the frequency insecurity risk under the changing operational condition, we propose to optimize the primary frequency control (pfc) droop gains and reserve capacities in the uc model to provide diverse control efforts in different risk levels adaptively. third, a secondary frequency control (sfc) reserve capacity quantification method is proposed by combining the copula theory and distributionally robust optimization technique. the uc simulation is conducted on the ieee 118-bus system to test the proposed optimal pfc droop gain strategy and sfc reserve capacity quantification method. simulation results show that the proposed optimal pfc droop gain strategy is better than the traditional fixed pfc droop gain setting on economic efficiency and operational flexibility. besides, the sfc reserve capacity calculated by the proposed method is more appropriate than the actual sfc reserve capacity in the historical operation.",FALSE,TPWRS_2000_2026_ieee.csv,Likai Liu; Zechun Hu; Yilin Wen; Yuxin Ma
10.1109/TPWRS.2023.3279364,Enhanced DC Voltage and Frequency Regulation for High Voltage AC/DC Power Grid,"This work proposes a primary frequency support mechanism for a voltage source converter (VSC) based multi-terminal high voltage dc (MTDC) transmission system that interconnects asynchronous ac grids. For the ac disturbance case, an augmented control strategy composed of a coordinated droop control (CDC) and a supplementary controller is developed. In CDC, the droop constants are determined considering the desired disturbance sharing ratio among the ac areas and the loading of the converters. On the other hand, the supplementary controller makes the designed droop constants provide the expected performance independent of the dc network parameters and the VSCs power losses. Therefore, the augmented controller can make the interconnected ac power systems exchange power according to the specified disturbance sharing ratio. In addition, the work introduces a new power rerouting technique to enhance the frequency and the dc voltage regulation of the ac/dc power system when a VSC trips. Furthermore, the droop constants for the nominal operation are designed to make the ac grids share the disturbance due to wind farm power variation based on their strength. Case studies are conducted for evaluation, and the presented technique shows enhanced performance in frequency (for instance, 38% improvement when ac disturbance happens) and dc voltage (for example, almost zero deviation when converter outage occurs) regulations compared to the existing mechanisms in the literature.","this work proposes a primary frequency support mechanism for a voltage source converter (vsc) based multi-terminal high voltage dc (mtdc) transmission system that interconnects asynchronous ac grids. for the ac disturbance case, an augmented control strategy composed of a coordinated droop control (cdc) and a supplementary controller is developed. in cdc, the droop constants are determined considering the desired disturbance sharing ratio among the ac areas and the loading of the converters. on the other hand, the supplementary controller makes the designed droop constants provide the expected performance independent of the dc network parameters and the vscs power losses. therefore, the augmented controller can make the interconnected ac power systems exchange power according to the specified disturbance sharing ratio. in addition, the work introduces a new power rerouting technique to enhance the frequency and the dc voltage regulation of the ac/dc power system when a vsc trips. furthermore, the droop constants for the nominal operation are designed to make the ac grids share the disturbance due to wind farm power variation based on their strength. case studies are conducted for evaluation, and the presented technique shows enhanced performance in frequency (for instance, 38% improvement when ac disturbance happens) and dc voltage (for example, almost zero deviation when converter outage occurs) regulations compared to the existing mechanisms in the literature.",FALSE,TPWRS_2000_2026_ieee.csv,Biyadgie Eskezia Ayalew; Mohamed Shawky El Moursi; Ehab Fahmy El-Saadany
10.1109/TPWRS.2023.3264591,Interaction Between Grid-Forming Converters With AC Grids and Damping Improvement Based on Loop Shaping,"Grid-forming converters (GFC) are promising technology for improving the grid inertia and frequency stability via voltage source converters (VSC). However, GFCs could make the ac-side oscillations more complicated since it mimics the dynamics of synchronous generators (SG), and the ac-side oscillations could spread to the dc systems. This paper investigates the mechanism of the interactions between GFCs and ac grids, and proposes an enhanced GFC to improve the damping performance on oscillations. By separating the system model into GFC-related transfer functions (TF) and the ac grid-related TFs, the interaction and stability margin can be investigated by the phase difference of these TFs at the cross-gain frequency (CGF). A lead compensator is designed to reshape the phase characteristic of GFC-related TF for enhancing the damping performance of the GFC. The effectiveness of the enhanced GFC is tested according to the simulations on DIgSILENT/PowerFactory.","grid-forming converters (gfc) are promising technology for improving the grid inertia and frequency stability via voltage source converters (vsc). however, gfcs could make the ac-side oscillations more complicated since it mimics the dynamics of synchronous generators (sg), and the ac-side oscillations could spread to the dc systems. this paper investigates the mechanism of the interactions between gfcs and ac grids, and proposes an enhanced gfc to improve the damping performance on oscillations. by separating the system model into gfc-related transfer functions (tf) and the ac grid-related tfs, the interaction and stability margin can be investigated by the phase difference of these tfs at the cross-gain frequency (cgf). a lead compensator is designed to reshape the phase characteristic of gfc-related tf for enhancing the damping performance of the gfc. the effectiveness of the enhanced gfc is tested according to the simulations on digsilent/powerfactory.",FALSE,TPWRS_2000_2026_ieee.csv,Weiyu Wang; Xingyu Shi; Gongping Wu; Yijia Cao
10.1109/TPWRS.2023.3262811,Dynamic Stabilization of a Centralized Weak Grid-Tied VSC System Considering PV Generator Dynamics,"This paper addresses the instabilities and dynamic interactions in a centralized vector-controlled voltage-source converter interfacing a single-stage utility-scale photovoltaic (PV) generator to a high-impedance grid system. The dynamic resistance of the PV generator is considered, and effective active stabilization methods to guarantee the entire system's stability are proposed. Further, a complete state-space linearized model is developed, and different operating conditions alongside the maximum-power operation (MPO) are considered, such as fixed-voltage operation (FVO) and fixed-current operation (FCO). It is found that with the change of the PV generator operation from the FVO or MPO to the FCO region under the weak grid and nominal dc-link capacitance conditions, the dominant eigenmodes are relocated to the open-right-half-plane of the S-plane. This eventually induces inevitable high- and low-frequency oscillation instabilities. Further, it is found that medium-frequency oscillation instability is induced in the FVO region under a weak grid and reduced dc-link capacitance conditions. Active compensators are proposed to reduce the interaction dynamics and stabilize the entire system by reshaping the converter transfer functions; hence, the Nyquist stability criterion is maintained. Finally, detailed nonlinear time-domain simulation results are provided, showing the effectiveness of the proposed method in preserving the system's stability under a wide range of operation conditions.","this paper addresses the instabilities and dynamic interactions in a centralized vector-controlled voltage-source converter interfacing a single-stage utility-scale photovoltaic (pv) generator to a high-impedance grid system. the dynamic resistance of the pv generator is considered, and effective active stabilization methods to guarantee the entire systems stability are proposed. further, a complete state-space linearized model is developed, and different operating conditions alongside the maximum-power operation (mpo) are considered, such as fixed-voltage operation (fvo) and fixed-current operation (fco). it is found that with the change of the pv generator operation from the fvo or mpo to the fco region under the weak grid and nominal dc-link capacitance conditions, the dominant eigenmodes are relocated to the open-right-half-plane of the s-plane. this eventually induces inevitable high- and low-frequency oscillation instabilities. further, it is found that medium-frequency oscillation instability is induced in the fvo region under a weak grid and reduced dc-link capacitance conditions. active compensators are proposed to reduce the interaction dynamics and stabilize the entire system by reshaping the converter transfer functions; hence, the nyquist stability criterion is maintained. finally, detailed nonlinear time-domain simulation results are provided, showing the effectiveness of the proposed method in preserving the systems stability under a wide range of operation conditions.",FALSE,TPWRS_2000_2026_ieee.csv,Mohammad Adnan K. Magableh; Amr Ahmed A. Radwan; Yasser Abdel-Rady I. Mohamed
10.1109/TPWRS.2023.3274752,A Coordinated Voltage-Frequency Support Method for VSC-MTDC Integrated Offshore Wind Farms System,"Voltage and frequency stability is one of the major concerns with the continuously increasing penetration of offshore wind farms (OWFs) integrated into onshore grid via VSC-MTDC system, and it is a challenge to coordinate its low voltage ride-through (LVRT) and frequency regulation (FR) control when a local fault or large disturbance occurs in onshore grid. To address this challenge, a coordinated voltage-frequency support (CVFS) method for the VSC-MTDC integrated OWFs system is proposed in three parts: 1) an adaptive maximum power point tracking (MPPT) strategy is developed for wind turbines (WTs) to satisfy the power demands for LVRT and FR; 2) an active and reactive power quantification strategy, which firstly considers the static load characteristics of nodes nearest the grid side VSC (GSVSC) stations, is proposed for GSVSC stations to support LVRT and FR respectively; 3) an adaptive power allocation strategy, which considers the capacity constraint and the coordination factor with deviation and rate of change of voltage and frequency of different GSVSC stations, is conducted to achieve differential power distribution between LVRT and FR. Extensive test results have validated the effectiveness and performance of the proposed CVFS method.","voltage and frequency stability is one of the major concerns with the continuously increasing penetration of offshore wind farms (owfs) integrated into onshore grid via vsc-mtdc system, and it is a challenge to coordinate its low voltage ride-through (lvrt) and frequency regulation (fr) control when a local fault or large disturbance occurs in onshore grid. to address this challenge, a coordinated voltage-frequency support (cvfs) method for the vsc-mtdc integrated owfs system is proposed in three parts: 1) an adaptive maximum power point tracking (mppt) strategy is developed for wind turbines (wts) to satisfy the power demands for lvrt and fr; 2) an active and reactive power quantification strategy, which firstly considers the static load characteristics of nodes nearest the grid side vsc (gsvsc) stations, is proposed for gsvsc stations to support lvrt and fr respectively; 3) an adaptive power allocation strategy, which considers the capacity constraint and the coordination factor with deviation and rate of change of voltage and frequency of different gsvsc stations, is conducted to achieve differential power distribution between lvrt and fr. extensive test results have validated the effectiveness and performance of the proposed cvfs method.",FALSE,TPWRS_2000_2026_ieee.csv,Xubin Liu; Wei Han; Yonglu Liu; Zhangjie Liu; Mei Su; Canbing Li; Xin Zhang; Peng Wang
10.1109/TPWRS.2023.3308104,Robust Dynamic Operating Envelopes for DER Integration in Unbalanced Distribution Networks,"Dynamic operating envelopes (DOEs) have been introduced in recent years as a means to manage the operation of distributed energy resources (DERs) within the network operational constraints. DOEs can be used by network operators to communicate DER dispatchable capacity to aggregators or customers without further consideration of network constraints and are thus viewed as a key enabler for demand-side participation in future electricity markets and for ensuring the integrity of distribution networks. While a number of approaches have been developed to calculate DOEs, uncertainties in system data are typically ignored, which can lead to unreliable results and introduce security risks in network operations. This article presents a deterministic procedure to calculate robust DOEs (RDOEs) explicitly hedged against uncertainty and variability in customers' loads and generations. The approach is based on a geometric construction strictly included within the feasible region of a linear unbalanced three-phase optimal power flow problem that specifies the network operational constraints. The article analyses and rigorously shows that the proposed approach also delivers proportional fairness in capacity allocations, and demonstrates how the RDOEs can be enlarged by i) exploiting the knowledge of customer operational statuses and ii) by optimising customers' controllable reactive powers. The efficiency and compliance of the proposed approach are characterised and discussed for three numerical case studies of varying complexity: a 2-bus conceptual distribution network, a 33-bus real-world Australian representative low-voltage distribution network, and a 132-bus low-voltage distribution network synthetically constructed by extending the 33-bus network model.","dynamic operating envelopes (does) have been introduced in recent years as a means to manage the operation of distributed energy resources (ders) within the network operational constraints. does can be used by network operators to communicate der dispatchable capacity to aggregators or customers without further consideration of network constraints and are thus viewed as a key enabler for demand-side participation in future electricity markets and for ensuring the integrity of distribution networks. while a number of approaches have been developed to calculate does, uncertainties in system data are typically ignored, which can lead to unreliable results and introduce security risks in network operations. this article presents a deterministic procedure to calculate robust does (rdoes) explicitly hedged against uncertainty and variability in customers loads and generations. the approach is based on a geometric construction strictly included within the feasible region of a linear unbalanced three-phase optimal power flow problem that specifies the network operational constraints. the article analyses and rigorously shows that the proposed approach also delivers proportional fairness in capacity allocations, and demonstrates how the rdoes can be enlarged by i) exploiting the knowledge of customer operational statuses and ii) by optimising customers controllable reactive powers. the efficiency and compliance of the proposed approach are characterised and discussed for three numerical case studies of varying complexity: a 2-bus conceptual distribution network, a 33-bus real-world australian representative low-voltage distribution network, and a 132-bus low-voltage distribution network synthetically constructed by extending the 33-bus network model.",FALSE,TPWRS_2000_2026_ieee.csv,Bin Liu; Julio H. Braslavsky
10.1109/TPWRS.2023.3288039,Towards Risk-Aware Real-Time Security Constrained Economic Dispatch: A Tailored Deep Reinforcement Learning Approach,"In the presence of increasing uncertainties brought by intermittent renewable energy sources, security and risk management continue to be the most critical concern in modern power system operation. Risk-aware, real-time security constrained economic dispatch (RT-SCED) provides an efficient solution towards promptly, economically and robustly responding to the changes in the power system operating state. Despite different model-based methods have been developed to handle uncertainties, significant computation burden arise to incorporate $N$-1 contingency constraints with a higher temporal resolution in RT-SCED. Driven by similar computational challenges, risk evaluation is often overlooked in the current application of deep reinforcement learning (DRL) based data-driven methods in RT-SCED. This article proposes a DRL-based risk-aware RT-SCED methodological framework by incorporating a novel data-driven risk evaluation model to foster efficient agent-environment interactions. The real-time dispatch policies are constructed with an improved twin delayed deep deterministic policy gradient method. The policy network features a residual network architecture and incorporates an active power allocation mechanism to integrate empirical dispatch knowledge, preventing early termination and fostering more efficient learning behavior. Case studies validate the superior performance of the proposed method in risk-aware RT-SCED on cost efficiency, uncertainty adaptability and computational efficiency, through benchmarking against model-based and data-driven baseline methods.","in the presence of increasing uncertainties brought by intermittent renewable energy sources, security and risk management continue to be the most critical concern in modern power system operation. risk-aware, real-time security constrained economic dispatch (rt-sced) provides an efficient solution towards promptly, economically and robustly responding to the changes in the power system operating state. despite different model-based methods have been developed to handle uncertainties, significant computation burden arise to incorporate n-1 contingency constraints with a higher temporal resolution in rt-sced. driven by similar computational challenges, risk evaluation is often overlooked in the current application of deep reinforcement learning (drl) based data-driven methods in rt-sced. this article proposes a drl-based risk-aware rt-sced methodological framework by incorporating a novel data-driven risk evaluation model to foster efficient agent-environment interactions. the real-time dispatch policies are constructed with an improved twin delayed deep deterministic policy gradient method. the policy network features a residual network architecture and incorporates an active power allocation mechanism to integrate empirical dispatch knowledge, preventing early termination and fostering more efficient learning behavior. case studies validate the superior performance of the proposed method in risk-aware rt-sced on cost efficiency, uncertainty adaptability and computational efficiency, through benchmarking against model-based and data-driven baseline methods.",FALSE,TPWRS_2000_2026_ieee.csv,Jianxiong Hu; Yujian Ye; Yi Tang; Goran Strbac
10.1109/TPWRS.2023.3299386,Real Time Line Power Flow Control Using Model Agnostic Controller,"This article addresses the challenge of mitigating line overloading/congestion caused by renewable penetration and contingencies. Traditional methods of mitigating overloading involve generation rescheduling in tertiary dispatch every 5–30 minutes. This approach is generally based on forecasted load and generation, and not effective in real-time corrective actions. The article introduces a model-free Neuro Predictive Controller (NPC) that can map line power flows to the inputs of dispatching resources such as generators and/or battery energy storage systems. The NPC receives synchrophasor measurement of line power flows and generates control inputs (i.e., set points) to generators and/or battery energy storage systems. The controller does not require frequent update of the system model. The efficacy of the controller was tested on 16-machine 68-bus test system and the Indian grid for various scenarios, such as line outage, generator outage, variable renewable generation, and load change. The proposed controller demonstrated better performance as compared to the existing controllers. Upon successful implementation, the controller can regulate line flow in less than 60 seconds, allowing the lines to operate closer to the thermal limit and resolve limit violations due to contingencies and variable renewable generation in real-time.","this article addresses the challenge of mitigating line overloading/congestion caused by renewable penetration and contingencies. traditional methods of mitigating overloading involve generation rescheduling in tertiary dispatch every 530 minutes. this approach is generally based on forecasted load and generation, and not effective in real-time corrective actions. the article introduces a model-free neuro predictive controller (npc) that can map line power flows to the inputs of dispatching resources such as generators and/or battery energy storage systems. the npc receives synchrophasor measurement of line power flows and generates control inputs (i.e., set points) to generators and/or battery energy storage systems. the controller does not require frequent update of the system model. the efficacy of the controller was tested on 16-machine 68-bus test system and the indian grid for various scenarios, such as line outage, generator outage, variable renewable generation, and load change. the proposed controller demonstrated better performance as compared to the existing controllers. upon successful implementation, the controller can regulate line flow in less than 60 seconds, allowing the lines to operate closer to the thermal limit and resolve limit violations due to contingencies and variable renewable generation in real-time.",FALSE,TPWRS_2000_2026_ieee.csv,Kotakonda Chakravarthi; Pratyasa Bhui; Abdul Saleem Mir
10.1109/TPWRS.2023.3288086,Frequency Control and Optimal Operation of Low-Inertia Power Systems With HVDC and Renewable Energy: A Review,"With the integration of large-scale renewable energy sources (RES) and high voltage direct current (HVDC) based inter-regional transmission, modern power systems are facing low-inertia issues and poor frequency regulation capabilities. This article conducts a comprehensive review on frequency control and optimal operation methods in this context. First, the frequency characteristic of a low-inertia power system is analyzed covering the whole frequency response process. Secondly, the impacts of RES and HVDC integration on system inertia and frequency performance are studied, and the system frequency characteristics considering RES and HVDC are analyzed. Then, the frequency response modes of various frequency regulation resources are compared from the perspective of “source-grid-load-storage”, including their basic control principles and frequency control strategies. Further, from the operation dispatch perspective, the frequency security-constrained power system optimal operation methods are reviewed. Finally, future research trends in this area are discussed.","with the integration of large-scale renewable energy sources (res) and high voltage direct current (hvdc) based inter-regional transmission, modern power systems are facing low-inertia issues and poor frequency regulation capabilities. this article conducts a comprehensive review on frequency control and optimal operation methods in this context. first, the frequency characteristic of a low-inertia power system is analyzed covering the whole frequency response process. secondly, the impacts of res and hvdc integration on system inertia and frequency performance are studied, and the system frequency characteristics considering res and hvdc are analyzed. then, the frequency response modes of various frequency regulation resources are compared from the perspective of source-grid-load-storage, including their basic control principles and frequency control strategies. further, from the operation dispatch perspective, the frequency security-constrained power system optimal operation methods are reviewed. finally, future research trends in this area are discussed.",FALSE,TPWRS_2000_2026_ieee.csv,Kefei Yan; Guoqing Li; Rufeng Zhang; Yan Xu; Tao Jiang; Xue Li
10.1109/TPWRS.2023.3295593,A System-View Optimal Additional Active Power Control of Wind Turbines for Grid Frequency Support,"Additional active power control (AAPC) of wind turbines (WTs) is essential to improve the transient frequency stability of low-inertia power systems. Most of the existing research has focused on imitating the frequency response of the synchronous generator (SG), known as virtual inertia control (VIC), but are such control laws optimal for the power systems? Inspired by this question, this article proposes an optimal AAPC of WTs to maximize the frequency nadir post a major power deficit. By decoupling the WT response and the frequency dynamics, the optimal frequency trajectory is solved based on the trajectory model, and its universality is strictly proven. Then the optimal AAPC of WTs is constructed reversely based on the average system frequency (ASF) model with the optimal frequency trajectory as the desired control results. The proposed method can significantly improve the system frequency nadir. Meanwhile, the event insensitivity makes it can be deployed based on the on-line rolling update under a hypothetic disturbance, avoiding the heavy post-event computational burden. Finally, simulation results in a two-machine power system and the IEEE 39 bus power system verify the effectiveness of the optimal AAPC of WTs.","additional active power control (aapc) of wind turbines (wts) is essential to improve the transient frequency stability of low-inertia power systems. most of the existing research has focused on imitating the frequency response of the synchronous generator (sg), known as virtual inertia control (vic), but are such control laws optimal for the power systems inspired by this question, this article proposes an optimal aapc of wts to maximize the frequency nadir post a major power deficit. by decoupling the wt response and the frequency dynamics, the optimal frequency trajectory is solved based on the trajectory model, and its universality is strictly proven. then the optimal aapc of wts is constructed reversely based on the average system frequency (asf) model with the optimal frequency trajectory as the desired control results. the proposed method can significantly improve the system frequency nadir. meanwhile, the event insensitivity makes it can be deployed based on the on-line rolling update under a hypothetic disturbance, avoiding the heavy post-event computational burden. finally, simulation results in a two-machine power system and the ieee 39 bus power system verify the effectiveness of the optimal aapc of wts.",FALSE,TPWRS_2000_2026_ieee.csv,Yubo Zhang; Zhiguo Hao; Songhao Yang; Baohui Zhang
10.1109/TPWRS.2023.3302421,Time-Varying Operating Regions of End-Users and Feeders in Low-Voltage Distribution Networks,"Dynamic operating envelopes (DOEs) are promising to cater for the strong uptake of distributed energy resources (DERs) in low-voltage (LV) distribution networks while ensuring secure network operation. Under the current framework, DOEs only specify active-reactive power set-points at households' point of connection (POC). In this regard, DOEs do not provide information on the feasible operating region (FOR) of end-users, which is helpful for an aggregator's market decisions. This article proposes a near real-time approach to determine DOEs that specify the FOR at end-users' POC in an LV distribution network. First, Latin hypercube sampling (LHS)-based load flow studies are performed to identify feasible pairs of P-Q injections at the POC that would not breach voltage limits. Secondly, the convex hull of feasible pairs is constructed to obtain household DOEs. Finally, a feeder-level time-varying envelope that represents the aggregate flexibility of downstream nodes of the network is calculated. A comprehensive analysis on a real Australian LV distribution network using realistic data suggests that the proposed approach is scalable and encourages active power exports beyond current industry practice. Moreover, the framework ensures privacy and separation between the distribution network service provider (DNSP) and the aggregator aligned with the existing policy and regulatory frameworks.","dynamic operating envelopes (does) are promising to cater for the strong uptake of distributed energy resources (ders) in low-voltage (lv) distribution networks while ensuring secure network operation. under the current framework, does only specify active-reactive power set-points at households point of connection (poc). in this regard, does do not provide information on the feasible operating region (for) of end-users, which is helpful for an aggregators market decisions. this article proposes a near real-time approach to determine does that specify the for at end-users poc in an lv distribution network. first, latin hypercube sampling (lhs)-based load flow studies are performed to identify feasible pairs of p-q injections at the poc that would not breach voltage limits. secondly, the convex hull of feasible pairs is constructed to obtain household does. finally, a feeder-level time-varying envelope that represents the aggregate flexibility of downstream nodes of the network is calculated. a comprehensive analysis on a real australian lv distribution network using realistic data suggests that the proposed approach is scalable and encourages active power exports beyond current industry practice. moreover, the framework ensures privacy and separation between the distribution network service provider (dnsp) and the aggregator aligned with the existing policy and regulatory frameworks.",FALSE,TPWRS_2000_2026_ieee.csv,Gayan Lankeshwara; Rahul Sharma; Ruifeng Yan; Tapan K. Saha; Jovica V. Milanović
10.1109/TPWRS.2023.3329820,A Spatio-Temporal Decomposition Method for the Coordinated Economic Dispatch of Integrated Transmission and Distribution Grids,"With numerous distributed energy resources (DERs) integrated into the distribution networks (DNs), the coordinated economic dispatch (C-ED) is essential for the integrated transmission and distribution grids. For large scale power grids, the centralized C-ED meets high computational burden and information privacy issues. To tackle these issues, this paper proposes a spatio-temporal decomposition algorithm to solve the C-ED in a distributed and parallel manner. In the temporal dimension, the multi-period economic dispatch (ED) of transmission grid (TG) is decomposed to several subproblems by introducing auxiliary variables and overlapping time intervals to deal with the temporal coupling constraints. Besides, an accelerated alternative direction method of multipliers (A-ADMM) based temporal decomposition algorithm with a good initialization strategy, is developed to solve the ED subproblems of TG in parallel. In the spatial dimension, a multi-parametric programming projection based spatial decomposition algorithm is developed to coordinate the ED problems of TG and DNs in a distributed manner. To further improve the convergence performance of the spatial decomposition algorithm, the aggregate equivalence approach is used for determining the feasible range of boundary variables of TG and DNs. Moreover, we prove that the proposed spatio-temporal decomposition method can obtain the optimal solution for bilevel convex optimization problems with continuously differentiable objectives and constraints. Numerical tests are conducted on three systems with different scales, demonstrating the high computational efficiency and scalability of the proposed spatio-temporal decomposition method.","with numerous distributed energy resources (ders) integrated into the distribution networks (dns), the coordinated economic dispatch (c-ed) is essential for the integrated transmission and distribution grids. for large scale power grids, the centralized c-ed meets high computational burden and information privacy issues. to tackle these issues, this paper proposes a spatio-temporal decomposition algorithm to solve the c-ed in a distributed and parallel manner. in the temporal dimension, the multi-period economic dispatch (ed) of transmission grid (tg) is decomposed to several subproblems by introducing auxiliary variables and overlapping time intervals to deal with the temporal coupling constraints. besides, an accelerated alternative direction method of multipliers (a-admm) based temporal decomposition algorithm with a good initialization strategy, is developed to solve the ed subproblems of tg in parallel. in the spatial dimension, a multi-parametric programming projection based spatial decomposition algorithm is developed to coordinate the ed problems of tg and dns in a distributed manner. to further improve the convergence performance of the spatial decomposition algorithm, the aggregate equivalence approach is used for determining the feasible range of boundary variables of tg and dns. moreover, we prove that the proposed spatio-temporal decomposition method can obtain the optimal solution for bilevel convex optimization problems with continuously differentiable objectives and constraints. numerical tests are conducted on three systems with different scales, demonstrating the high computational efficiency and scalability of the proposed spatio-temporal decomposition method.",FALSE,TPWRS_2000_2026_ieee.csv,Qi Wang; Wenchuan Wu; Chenhui Lin; Yue Yang; Bin Wang
10.1109/TPWRS.2023.3334995,"Semi-Supervised, Non-Intrusive Disaggregation of Nodal Load Profiles With Significant Behind-the-Meter Solar Generation","It is of imperative interests for regional transmission organizations (RTOs) to effectively extract actual load profiles at transmission nodes with significant behind-the-meter solar generation, which remains a gap in the existing technology paradigm. This paper proposes an explicit yet efficient linear estimator to disaggregate actual load profiles at transmission buses with significant behind-the-meter (BTM) solar generations. The proposed estimator is based on disaggregating (i.e., extracting) at locations close to transmission buses under consideration. To overcome the lack of ground truth and validate the performance of the proposed algorithms, we first propose semi-supervised mechanisms with parameter tuning as well as unsupervised clustering and leverage the unique characteristics of zero-crossing points in BTM solar peaking behaviors, which we refer to as Zone-to-Node (Z2N) methods. Next, we further propose a bi-level Node-to-Node (N2N) framework that improves the overall disaggregation performances compared to Z2N. Numerical results are presented using real-world data at PJM Interconnection.","it is of imperative interests for regional transmission organizations (rtos) to effectively extract actual load profiles at transmission nodes with significant behind-the-meter solar generation, which remains a gap in the existing technology paradigm. this paper proposes an explicit yet efficient linear estimator to disaggregate actual load profiles at transmission buses with significant behind-the-meter (btm) solar generations. the proposed estimator is based on disaggregating (i.e., extracting) at locations close to transmission buses under consideration. to overcome the lack of ground truth and validate the performance of the proposed algorithms, we first propose semi-supervised mechanisms with parameter tuning as well as unsupervised clustering and leverage the unique characteristics of zero-crossing points in btm solar peaking behaviors, which we refer to as zone-to-node (z2n) methods. next, we further propose a bi-level node-to-node (n2n) framework that improves the overall disaggregation performances compared to z2n. numerical results are presented using real-world data at pjm interconnection.",FALSE,TPWRS_2000_2026_ieee.csv,Daniel Moscovitz; Zhenyu Zhao; Liang Du; Xiaoyuan Fan
10.1109/TPWRS.2024.3354299,Modeling Microgrids for Analytical Distribution System Reliability Evaluation,"Focusing on the ability of microgrids (MGs) to provide a backup power supply to the distribution system in the event of main grid outages or disruptions, this article aims to propose a reliability model for self-controlled distributed energy resource-rich MGs from the perspective of the distribution system to which they are connected. To that end, the reliability model of MGs is derived using the Monte Carlo simulation approach and a mixed-integer linear programming-based model for optimal scheduling and resource management of MGs. An analytical framework for assessing the reliability of distribution systems in the presence of MGs is then developed by leveraging the proposed reliability model for MGs. Modeling and analyzing MGs using the proposed methodology result in the simplification and acceleration of computations associated with the reliability assessment of a distribution system including multiple MGs. The effectiveness and applicability of the proposed method are demonstrated through its implementation on a modified IEEE test system.","focusing on the ability of microgrids (mgs) to provide a backup power supply to the distribution system in the event of main grid outages or disruptions, this article aims to propose a reliability model for self-controlled distributed energy resource-rich mgs from the perspective of the distribution system to which they are connected. to that end, the reliability model of mgs is derived using the monte carlo simulation approach and a mixed-integer linear programming-based model for optimal scheduling and resource management of mgs. an analytical framework for assessing the reliability of distribution systems in the presence of mgs is then developed by leveraging the proposed reliability model for mgs. modeling and analyzing mgs using the proposed methodology result in the simplification and acceleration of computations associated with the reliability assessment of a distribution system including multiple mgs. the effectiveness and applicability of the proposed method are demonstrated through its implementation on a modified ieee test system.",FALSE,TPWRS_2000_2026_ieee.csv,Mahsa Omri; Mohammad Jooshaki; Ali Abbaspour; Mahmud Fotuhi-Firuzabad
10.1109/TPWRS.2024.3354888,Voltage Security Region of a Three-Phase Unbalanced Distribution Power System With Dynamics,"Distributed energy resources (DER) and control assets on the grid provide mechanisms to ensure voltage support and power quality, and can be used as a means to maintain voltages close to nominal values. In this work, we study the security region of a system in the presence of devices with dynamics. We focus our efforts on the dynamics of devices that apply discrete changes, such as voltage regulators or capacitor banks, and DERs that change the power injections with Volt/Var/Watt functionality. The slow dynamics of these devices, coupled through the power flow equations, are modeled as a switching dynamical system where the switching condition depends on the operating point of the system. We identify the feasible set of DER power injections that prevent the switching of devices and oscillations in the voltage profile, and formulate an optimization problem that finds a robust operating point for voltage control. This operating point is the center of the largest Euclidean ball inscribed in the security region, and the radius of the ball is the security margin of the system. We showcase our models using the IEEE test cases. Our work has applications in voltage control and distribution planning.","distributed energy resources (der) and control assets on the grid provide mechanisms to ensure voltage support and power quality, and can be used as a means to maintain voltages close to nominal values. in this work, we study the security region of a system in the presence of devices with dynamics. we focus our efforts on the dynamics of devices that apply discrete changes, such as voltage regulators or capacitor banks, and ders that change the power injections with volt/var/watt functionality. the slow dynamics of these devices, coupled through the power flow equations, are modeled as a switching dynamical system where the switching condition depends on the operating point of the system. we identify the feasible set of der power injections that prevent the switching of devices and oscillations in the voltage profile, and formulate an optimization problem that finds a robust operating point for voltage control. this operating point is the center of the largest euclidean ball inscribed in the security region, and the radius of the ball is the security margin of the system. we showcase our models using the ieee test cases. our work has applications in voltage control and distribution planning.",FALSE,TPWRS_2000_2026_ieee.csv,Ignacio Losada Carreño; Anna Scaglione; Daniel Arnold; Tong Wu
10.1109/TPWRS.2023.3256642,Sparse Measurement-Based Modelling Low-Order Dynamics for Primary Frequency Regulation,"Developing a low-order model for a target with dynamic analysis and control of the primary frequency regulation (PFR) is critical for power system stability. Measurement-based modelling is an important way to improve the model fit with practical systems. The traditional interpretation of PFR is based on the combined effect of each generator unit on the system frequency, so the response of each unit needs to be measured for modelling. With the integration of a large number, distribution and diversified frequency regulation of units into a power system, it will be a burden to measure the response of all generation units. Instead of revealing the PFR dynamics based on each generation unit, this paper illustrates the impact of all units on the frequency dynamics from the perspective of the system response. Only the system frequency is needed to construct a dataset for identifying the PFR model so that the measurement required is sparse. The effectiveness of the proposed method is verified using a test system containing multiple types of units in numerical simulations and real measurements of an actual power system.","developing a low-order model for a target with dynamic analysis and control of the primary frequency regulation (pfr) is critical for power system stability. measurement-based modelling is an important way to improve the model fit with practical systems. the traditional interpretation of pfr is based on the combined effect of each generator unit on the system frequency, so the response of each unit needs to be measured for modelling. with the integration of a large number, distribution and diversified frequency regulation of units into a power system, it will be a burden to measure the response of all generation units. instead of revealing the pfr dynamics based on each generation unit, this paper illustrates the impact of all units on the frequency dynamics from the perspective of the system response. only the system frequency is needed to construct a dataset for identifying the pfr model so that the measurement required is sparse. the effectiveness of the proposed method is verified using a test system containing multiple types of units in numerical simulations and real measurements of an actual power system.",FALSE,TPWRS_2000_2026_ieee.csv,Bo Wang; Shishuai Zhu; Guowei Cai; Deyou Yang; Zhe Chen; Jin Ma; Zhenglong Sun
10.1109/TPWRS.2023.3243669,A Real-Time Redispatch Method to Evaluate the Contribution of Storage to Capacity Adequacy,"This paper proposes a novel real-time redispatch method for energy storage systems (ESSs) in resource adequacy studies. In case of real-time contingencies, a realistic operating profile is generated for ESSs to enhance system reliability by mitigating loss of load events, while maintaining their market schedule to the extent possible. Contrary to the standard approaches in the literature, the proposed method neither adopts a perfect foresight for future events, such as generator failures, nor does it resort to “greedy” adequacy-oriented management strategies which are detached from normal operation. Instead, storages follow a market-driven schedule, being suitably redispatched during real-time operation when necessary for adequacy reasons, subject to their energy and power capacity constraints. The redispatch method is deterministically formulated through a sequence of logical conditions and is integrated into a stochastic adequacy assessment model built upon Monte Carlo technique. Multiple battery energy storage configurations have been examined, with the Greek power system serving as a realistic case study, to evaluate the method against others available in the literature and calculate the capacity value of battery ESS.","this paper proposes a novel real-time redispatch method for energy storage systems (esss) in resource adequacy studies. in case of real-time contingencies, a realistic operating profile is generated for esss to enhance system reliability by mitigating loss of load events, while maintaining their market schedule to the extent possible. contrary to the standard approaches in the literature, the proposed method neither adopts a perfect foresight for future events, such as generator failures, nor does it resort to greedy adequacy-oriented management strategies which are detached from normal operation. instead, storages follow a market-driven schedule, being suitably redispatched during real-time operation when necessary for adequacy reasons, subject to their energy and power capacity constraints. the redispatch method is deterministically formulated through a sequence of logical conditions and is integrated into a stochastic adequacy assessment model built upon monte carlo technique. multiple battery energy storage configurations have been examined, with the greek power system serving as a realistic case study, to evaluate the method against others available in the literature and calculate the capacity value of battery ess.",FALSE,TPWRS_2000_2026_ieee.csv,Pantelis A. Dratsas; Georgios N. Psarros; Stavros A. Papathanassiou
10.1109/TPWRS.2023.3290611,Power Flow Models of Grid-Forming Inverters in Unbalanced Distribution Grids,"Load unbalance in electric distribution systems is unavoidable. Unbalanced load currents will lead to negative sequence (NS) voltages that may damage electric equipment. Unbalanced power flow analysis is a common tool to detect and mitigate NS voltage issues and requires accurate models of grid components. While traditional source models are available, grid-forming (GFM) inverter models are not well developed. GFM inverters implement various control strategies, which affect their power flow models. In this article, a novel GFM inverter model considering control effects is proposed. We show that for some control methods, unbalanced system loading will lead to unbalanced terminal voltages of the GFM inverters, which are modeled through an equivalent negative sequence impedance. The proposed models are initially validated using a simple test circuit. Then, they are applied in the power flow analysis on the IEEE 13-bus and 34-bus systems to demonstrate the accuracy improvement over the state-of-the-art. Using time-domain simulations as benchmarks, we show that the proposed models reduce the calculation error of negative sequence voltages by at least 25% in unbalanced distribution systems.","load unbalance in electric distribution systems is unavoidable. unbalanced load currents will lead to negative sequence (ns) voltages that may damage electric equipment. unbalanced power flow analysis is a common tool to detect and mitigate ns voltage issues and requires accurate models of grid components. while traditional source models are available, grid-forming (gfm) inverter models are not well developed. gfm inverters implement various control strategies, which affect their power flow models. in this article, a novel gfm inverter model considering control effects is proposed. we show that for some control methods, unbalanced system loading will lead to unbalanced terminal voltages of the gfm inverters, which are modeled through an equivalent negative sequence impedance. the proposed models are initially validated using a simple test circuit. then, they are applied in the power flow analysis on the ieee 13-bus and 34-bus systems to demonstrate the accuracy improvement over the state-of-the-art. using time-domain simulations as benchmarks, we show that the proposed models reduce the calculation error of negative sequence voltages by at least 25% in unbalanced distribution systems.",FALSE,TPWRS_2000_2026_ieee.csv,Dingrui Li; Yu Su; Fred Wang; Mohammed Olama; Ben Ollis; Maximiliano Ferrari
10.1109/TPWRS.2023.3309131,Probabilistic Constraint Construction for Network-Safe Load Coordination,"Distributed Energy Resources (DERs) can provide balancing services to the grid, but their power variations might cause voltage and current constraint violations in the distribution network, compromising network safety. This could be avoided by including network constraints within DER control formulations, but the entities coordinating DERs (e.g., aggregators) may not have access to network information, which typically is known only to the utility. Therefore, it is challenging to develop network-safe DER control algorithms when the aggregator is not the utility; it requires these entities to coordinate with each other. In this article, we develop an aggregator-utility coordination framework that enables network-safe control of thermostatically-controlled loads to provide frequency regulation. In our framework, the utility sends a network-safe constraint set on the aggregator's input without directly sharing any network information. We propose a constraint set construction algorithm that guarantees satisfaction of a chance constraint on network safety. Assuming monotonicity of the probability of network safety with respect to the aggregator's input, we leverage the bisection method to find the largest possible constraint set, providing maximum flexibility to the aggregator. Simulations show that, compared to two benchmark algorithms, the proposed approach provides a good balance between service quality and network safety.","distributed energy resources (ders) can provide balancing services to the grid, but their power variations might cause voltage and current constraint violations in the distribution network, compromising network safety. this could be avoided by including network constraints within der control formulations, but the entities coordinating ders (e.g., aggregators) may not have access to network information, which typically is known only to the utility. therefore, it is challenging to develop network-safe der control algorithms when the aggregator is not the utility; it requires these entities to coordinate with each other. in this article, we develop an aggregator-utility coordination framework that enables network-safe control of thermostatically-controlled loads to provide frequency regulation. in our framework, the utility sends a network-safe constraint set on the aggregators input without directly sharing any network information. we propose a constraint set construction algorithm that guarantees satisfaction of a chance constraint on network safety. assuming monotonicity of the probability of network safety with respect to the aggregators input, we leverage the bisection method to find the largest possible constraint set, providing maximum flexibility to the aggregator. simulations show that, compared to two benchmark algorithms, the proposed approach provides a good balance between service quality and network safety.",FALSE,TPWRS_2000_2026_ieee.csv,Sunho Jang; Necmiye Ozay; Johanna L. Mathieu
10.1109/TPWRS.2023.3322434,"Australia's Power System Frequency: Current Situation, Industrial Challenges, Efforts, and Future Research Directions","This industry-oriented article presents an overview and in-depth analysis of previous and current situations of power system frequency response and control in the Australian National Electricity Market (NEM) power system. It provides a comprehensive understanding of frequency support services in the NEM and their corresponding market and energy governance bodies and control mechanisms. The evaluation of different services and frequency control ancillary services (FCASs) provided by different electricity market players under the supervision of the Australian Energy Market Operator (AEMO) as an independent system operator provides lessons and an understanding of the current operation status with its real challenges and opportunities from frequency stability and security perspectives. Based on the evaluation of the current situation and future national planning, such as the integrated system plan (ISP), a number of research gaps and industrial technical issues are identified. The article also presents perspectives on future research directions to help the power system transformation toward almost 100% renewable-rich and more secure energy systems.","this industry-oriented article presents an overview and in-depth analysis of previous and current situations of power system frequency response and control in the australian national electricity market (nem) power system. it provides a comprehensive understanding of frequency support services in the nem and their corresponding market and energy governance bodies and control mechanisms. the evaluation of different services and frequency control ancillary services (fcass) provided by different electricity market players under the supervision of the australian energy market operator (aemo) as an independent system operator provides lessons and an understanding of the current operation status with its real challenges and opportunities from frequency stability and security perspectives. based on the evaluation of the current situation and future national planning, such as the integrated system plan (isp), a number of research gaps and industrial technical issues are identified. the article also presents perspectives on future research directions to help the power system transformation toward almost 100% renewable-rich and more secure energy systems.",FALSE,TPWRS_2000_2026_ieee.csv,Hassan Haes Alhelou; Behrooz Bahrani; Jin Ma; David J. Hill
10.1109/TPWRS.2023.3331896,Bus Split Distribution Factors,"The linearised DC loadflow is a fast way to calculate the load flow in transmission networks, and it is often performed by calculating the PTDF. However, until now changes in topology due to busbar splitting cannot be dealt with in an efficient way when using the PTDF. In this study, we introduce the Bus Split Distribution Factors (BSDF) which enable an efficient way to compute the effects of busbar splitting on the DC load flow. The derivation of the BSDF formulas is based on modelling the busbar coupler as a branch with vanishing reactance and by using transformed LODF formulas. In times of the energy transition the BSDF approach might be especially helpful since optimal grid topology control is still a largely unexploited form of flexibility for system operators due to the complex combinatorial nature of grid topology reconfiguration. With the BSDF approach much faster screening of topological remedial actions (including substation reconfigurations) in congestion management applications is possible.","the linearised dc loadflow is a fast way to calculate the load flow in transmission networks, and it is often performed by calculating the ptdf. however, until now changes in topology due to busbar splitting cannot be dealt with in an efficient way when using the ptdf. in this study, we introduce the bus split distribution factors (bsdf) which enable an efficient way to compute the effects of busbar splitting on the dc load flow. the derivation of the bsdf formulas is based on modelling the busbar coupler as a branch with vanishing reactance and by using transformed lodf formulas. in times of the energy transition the bsdf approach might be especially helpful since optimal grid topology control is still a largely unexploited form of flexibility for system operators due to the complex combinatorial nature of grid topology reconfiguration. with the bsdf approach much faster screening of topological remedial actions (including substation reconfigurations) in congestion management applications is possible.",FALSE,TPWRS_2000_2026_ieee.csv,Joost van Dijk; Jan Viebahn; Bastiaan Cijsouw; Jasper van Casteren
10.1109/TPWRS.2024.3381003,Universal Dual-Port Grid-Forming Control: Bridging the Gap Between Grid-Forming and Grid-Following Control,"We analyze a dual-port grid-forming (GFM) control for power systems containing ac and dc transmission, converter-interfaced generation and energy storage, and legacy generation. To operate such a system and provide standard services, state-of-the-art control architectures i) require assigning grid-following (GFL) and GFM controls to different converters, and ii) result in highly complex system dynamics. In contrast, dual-port GFM control (i) subsumes common functions of GFM and GFL controls in a simple controller, ii) can be applied to a wide range of emerging technologies independently of the network configuration, and iii) significantly reduces system complexity. In this work, we provide i) an end-to-end modeling framework that allows to model complex topologies through composition of reduced-order device models, ii) an in-depth discussion of universal dual-port GFM control for emerging power systems, and iii) end-to-end stability conditions that cover a wide range of network topologies, emerging technologies, and legacy technologies. Finally, we validate our findings in detailed case studies.","we analyze a dual-port grid-forming (gfm) control for power systems containing ac and dc transmission, converter-interfaced generation and energy storage, and legacy generation. to operate such a system and provide standard services, state-of-the-art control architectures i) require assigning grid-following (gfl) and gfm controls to different converters, and ii) result in highly complex system dynamics. in contrast, dual-port gfm control (i) subsumes common functions of gfm and gfl controls in a simple controller, ii) can be applied to a wide range of emerging technologies independently of the network configuration, and iii) significantly reduces system complexity. in this work, we provide i) an end-to-end modeling framework that allows to model complex topologies through composition of reduced-order device models, ii) an in-depth discussion of universal dual-port gfm control for emerging power systems, and iii) end-to-end stability conditions that cover a wide range of network topologies, emerging technologies, and legacy technologies. finally, we validate our findings in detailed case studies.",FALSE,TPWRS_2000_2026_ieee.csv,Irina Subotić; Dominic Groß
10.1109/TPWRS.2022.3169139,Physics-Constrained Robustness Evaluation of Intelligent Security Assessment for Power Systems,"Machine learning (ML) algorithms have been widely developed to enable real-time security assessment for large-scale electricity grids. However, it also has been extensively recognized that the ML models are vulnerable to adversarial examples, which are slightly perturbed instances that can mislead the classifications but cannot be distinguished by human eyes. Considering the adversarial examples against the ML-based security assessment, they must not only cause misclassification but also follow the power balance and transfer limits and bypass the bad data detection. To this end, this paper proposes a novel concept named physics-constrained robustness that aims to computing a lower-bound of adversarial perturbations, evaluating the vulnerability of the ML-based intelligent security assessment (ISA) for power systems. A general optimization problem is formulated to compute the physics-constrained robustness of ISA with the mislabeling, power balance, power limitation, and invisible constraints. The analytical results and comparing relationship of ISA’s robustness with different constraints are provided. By using the static security assessment as an example, we provide explicit formulations to evaluate the physics-constrained robustness of. Finally, extensive experiments are conducted to evaluate the physics-constrained robustness of ISA in static and dynamic cases with the real-world load profiles from New York State and provide suggestions to select the ML models and parameters.","machine learning (ml) algorithms have been widely developed to enable real-time security assessment for large-scale electricity grids. however, it also has been extensively recognized that the ml models are vulnerable to adversarial examples, which are slightly perturbed instances that can mislead the classifications but cannot be distinguished by human eyes. considering the adversarial examples against the ml-based security assessment, they must not only cause misclassification but also follow the power balance and transfer limits and bypass the bad data detection. to this end, this paper proposes a novel concept named physics-constrained robustness that aims to computing a lower-bound of adversarial perturbations, evaluating the vulnerability of the ml-based intelligent security assessment (isa) for power systems. a general optimization problem is formulated to compute the physics-constrained robustness of isa with the mislabeling, power balance, power limitation, and invisible constraints. the analytical results and comparing relationship of isas robustness with different constraints are provided. by using the static security assessment as an example, we provide explicit formulations to evaluate the physics-constrained robustness of. finally, extensive experiments are conducted to evaluate the physics-constrained robustness of isa in static and dynamic cases with the real-world load profiles from new york state and provide suggestions to select the ml models and parameters.",FALSE,TPWRS_2000_2026_ieee.csv,Zhenyong Zhang; Mingyang Sun; Ruilong Deng; Chongqing Kang; Mo-Yuen Chow
10.1109/TPWRS.2022.3177593,Distributed Event-Triggered Hierarchical Control of PV Inverters to Provide Multi-Time Scale Frequency Response for AC Microgrid,"With the increasing penetration of inverter-interfaced photovoltaic (PV) systems in AC microgrids, the system inertia is increasingly deficient and the frequency response ancillary service provided by PV systems will be inevitable. In this paper, in order to make the PV systems provide multi-time scale frequency response, a novel distributed event-triggered hierarchical control (DEHC) of PV inverters is proposed, which includes a primary frequency response (PFR) control loop and a secondary frequency response (SFR) control loop. For the PFR, the PV inverters that operate in frequency regulation (FR) mode can arrest the frequency deviation in sub-seconds time-scale by an automatic deloading strategy, which is with low cost and easy to implement as no requirements for a storage system, irradiance sensors, and MPP estimators. For the SFR, the PV inverters that operate in FR mode can respond to the reference instruction assigned by a high-level AGC control center in seconds time-scale based on a novel distributed control strategy, which can converge within a fixed-time that independents to the initial conditions of the system. Furthermore, a novel event-triggered mechanism is designed to reduce the communication costs between PV inverters. Finally, case study results verify the effectiveness and improved performance of the proposed method.","with the increasing penetration of inverter-interfaced photovoltaic (pv) systems in ac microgrids, the system inertia is increasingly deficient and the frequency response ancillary service provided by pv systems will be inevitable. in this paper, in order to make the pv systems provide multi-time scale frequency response, a novel distributed event-triggered hierarchical control (dehc) of pv inverters is proposed, which includes a primary frequency response (pfr) control loop and a secondary frequency response (sfr) control loop. for the pfr, the pv inverters that operate in frequency regulation (fr) mode can arrest the frequency deviation in sub-seconds time-scale by an automatic deloading strategy, which is with low cost and easy to implement as no requirements for a storage system, irradiance sensors, and mpp estimators. for the sfr, the pv inverters that operate in fr mode can respond to the reference instruction assigned by a high-level agc control center in seconds time-scale based on a novel distributed control strategy, which can converge within a fixed-time that independents to the initial conditions of the system. furthermore, a novel event-triggered mechanism is designed to reduce the communication costs between pv inverters. finally, case study results verify the effectiveness and improved performance of the proposed method.",FALSE,TPWRS_2000_2026_ieee.csv,Zhongwen Li; Zhiping Cheng; Jikai Si; Shuai Xu
10.1109/TPWRS.2022.3224971,A Two-Stage Power Distribution Scheme of Multiple Wind Farms Participating in Primary Frequency Regulation,"With the increasing penetration rate of renewable energy power generation (RPG) in power system, improving the frequency regulation ability of RPG has become a general trend. The premise of effective participation of RPG in primary frequency regulation (PFR) is to reasonably design the power distribution scheme for RPG devices. In order to effectively evaluate the frequency support capability of wind power generation system, the system frequency response (SFR) model under the joint action of synchronous generators, wind farms (WF) and low frequency load shedding device is established in this paper. According to the time-domain solution of this mathematical model, the influence of the output power of the WF on SFR is mathematically explained. At the same time, the influence of time delay on SFR is further demonstrated. In order to maximize the release of the rotor kinetic energy of the wind turbine and ensure the safe operation of the wind turbine when designing the power distribution scheme, an accurate prediction method of wind turbine rotor speed based on piecewise fitting and Bernoulli equation is proposed. Based on the established SFR model and rotor speed prediction method, a two-stage power distribution scheme for multiple WFs during PFR is proposed, which comprehensively considers the SFR requirements and different power output capabilities of multiple WFs. The effectiveness and superiority of the proposed power distribution scheme are validated with revised IEEE 39-bus test system and revised PG&E 69-bus test system.","with the increasing penetration rate of renewable energy power generation (rpg) in power system, improving the frequency regulation ability of rpg has become a general trend. the premise of effective participation of rpg in primary frequency regulation (pfr) is to reasonably design the power distribution scheme for rpg devices. in order to effectively evaluate the frequency support capability of wind power generation system, the system frequency response (sfr) model under the joint action of synchronous generators, wind farms (wf) and low frequency load shedding device is established in this paper. according to the time-domain solution of this mathematical model, the influence of the output power of the wf on sfr is mathematically explained. at the same time, the influence of time delay on sfr is further demonstrated. in order to maximize the release of the rotor kinetic energy of the wind turbine and ensure the safe operation of the wind turbine when designing the power distribution scheme, an accurate prediction method of wind turbine rotor speed based on piecewise fitting and bernoulli equation is proposed. based on the established sfr model and rotor speed prediction method, a two-stage power distribution scheme for multiple wfs during pfr is proposed, which comprehensively considers the sfr requirements and different power output capabilities of multiple wfs. the effectiveness and superiority of the proposed power distribution scheme are validated with revised ieee 39-bus test system and revised pge 69-bus test system.",FALSE,TPWRS_2000_2026_ieee.csv,Chen Zhao; Dan Sun; Xu Zhang; Weihuang Ke; Bin Hu; Heng Nian
10.1109/TPWRS.2022.3229568,Renewable Electric Energy System Planning Considering Seasonal Electricity Imbalance Risk,"The growing renewable integration significantly enhances the seasonal electricity imbalance of the electric energy system. However, traditional power system planning methods usually take into account the hourly power balance within typical days but seldom consider the seasonal imbalance risk in the long-term timescale. Therefore, this paper proposes a generation-transmission-storage co-planning model considering the seasonal imbalance risk brought by the long-term uncertainty of renewable generation in the power system. The Conditional Value at Risk (CVaR) method is introduced to quantify the seasonal imbalance risk. The power system energy balance constraints are decoupled into short-term (i.e., hourly) and long-term (i.e., monthly) energy balance so that the operation of the power system can be considered within different timescales and the seasonal imbalance risk could be calculated. The validity of the proposed model is first investigated via a modified Garver's 6-bus system case study. Furthermore, the research on the HRP-38 system (HRP represents high renewable penetration) illustrates that our proposed model could effectively control the energy imbalance risk from multiple timescales. Finally, the proposed method is applied to the whole China power system at the province level, proving that the proposed planning method could effectively enhance the reliability of China's power system, decreasing both the average annual short-term and long-term energy imbalance by 30%.","the growing renewable integration significantly enhances the seasonal electricity imbalance of the electric energy system. however, traditional power system planning methods usually take into account the hourly power balance within typical days but seldom consider the seasonal imbalance risk in the long-term timescale. therefore, this paper proposes a generation-transmission-storage co-planning model considering the seasonal imbalance risk brought by the long-term uncertainty of renewable generation in the power system. the conditional value at risk (cvar) method is introduced to quantify the seasonal imbalance risk. the power system energy balance constraints are decoupled into short-term (i.e., hourly) and long-term (i.e., monthly) energy balance so that the operation of the power system can be considered within different timescales and the seasonal imbalance risk could be calculated. the validity of the proposed model is first investigated via a modified garvers 6-bus system case study. furthermore, the research on the hrp-38 system (hrp represents high renewable penetration) illustrates that our proposed model could effectively control the energy imbalance risk from multiple timescales. finally, the proposed method is applied to the whole china power system at the province level, proving that the proposed planning method could effectively enhance the reliability of chinas power system, decreasing both the average annual short-term and long-term energy imbalance by 30%.",FALSE,TPWRS_2000_2026_ieee.csv,Haiyang Jiang; Ershun Du; Ning Zhang; Zhenyu Zhuo; Peng Wang; Zhidong Wang; Yan Zhang
10.1109/TPWRS.2024.3392622,Aggregated Feasible Active Power Region for Distributed Energy Resources With a Distributionally Robust Joint Probabilistic Guarantee,"Distributed Energy Resources (DERs) have valuable flexibility to provide grid services. The Aggregated Feasible Active Power Region (AFAPR) is useful for aggregating DERs and reducing the computational burden in system-wide DER scheduling. However, the uncertainty of DERs calls for a reliable AFAPR. This paper proposes a novel surrogate polytope method for deriving the inner approximation of the AFAPR that is jointly reliable for all DER constraints and linear network constraints across the scheduling period. Instead of directly applying the chance constraints to the low-level DER constraints and network constraints, the proposed method applies the Wasserstein Distributionally Robust Joint Chance Constraint (WDRJCC) to the surrogate polytope approximation of the AFAPR, which is reformulated into a tractable set of Mixed Integer Linear Programming (MILP) constraints. Our derived inner approximation to the reliable AFAPR is less conservative while still being reliable, as demonstrated by comparisons with four benchmarks in extensive case studies, and with the nonlinear Z-Bus power flow simulation applied to validate the satisfaction of network constraints. The historical data size required is small, making the proposed method easier to deploy. The scale of MILP constraints is small and does not increase with the network size nor with the number of DERs.","distributed energy resources (ders) have valuable flexibility to provide grid services. the aggregated feasible active power region (afapr) is useful for aggregating ders and reducing the computational burden in system-wide der scheduling. however, the uncertainty of ders calls for a reliable afapr. this paper proposes a novel surrogate polytope method for deriving the inner approximation of the afapr that is jointly reliable for all der constraints and linear network constraints across the scheduling period. instead of directly applying the chance constraints to the low-level der constraints and network constraints, the proposed method applies the wasserstein distributionally robust joint chance constraint (wdrjcc) to the surrogate polytope approximation of the afapr, which is reformulated into a tractable set of mixed integer linear programming (milp) constraints. our derived inner approximation to the reliable afapr is less conservative while still being reliable, as demonstrated by comparisons with four benchmarks in extensive case studies, and with the nonlinear z-bus power flow simulation applied to validate the satisfaction of network constraints. the historical data size required is small, making the proposed method easier to deploy. the scale of milp constraints is small and does not increase with the network size nor with the number of ders.",FALSE,TPWRS_2000_2026_ieee.csv,Yihong Zhou; Chaimaa Essayeh; Thomas Morstyn
10.1109/TPWRS.2024.3393866,Grouping of $N-1$ Contingencies for Controller Synthesis: A Study for Power Line Failures,"The problem of maintaining power system stability and performance after the failure of any single line in a power system (an “$N-1$ contingency”) is investigated. Due to the large number of possible $N-1$ contingencies for a power network, it is impractical to optimize controller parameters for each possible contingency a priori. A method to partition a set of contingencies into groups of contingencies that are similar to each other from a control perspective is presented. Design of a single controller for each group, rather than for each contingency, provides a computationally tractable method for maintaining stability and performance after element failures. The choice of number of groups tunes a trade-off between computation time and controller performance for a given set of contingencies. Results are simulated on the IEEE 39-bus and 68-bus systems, illustrating that, with controllers designed for a relatively small number of groups, power system stability may be significantly improved after an $N-1$ contingency compared to continued use of the nominal controller. Furthermore, performance is comparable to that of controllers designed for each contingency individually.","the problem of maintaining power system stability and performance after the failure of any single line in a power system (an n-1 contingency) is investigated. due to the large number of possible n-1 contingencies for a power network, it is impractical to optimize controller parameters for each possible contingency a priori. a method to partition a set of contingencies into groups of contingencies that are similar to each other from a control perspective is presented. design of a single controller for each group, rather than for each contingency, provides a computationally tractable method for maintaining stability and performance after element failures. the choice of number of groups tunes a trade-off between computation time and controller performance for a given set of contingencies. results are simulated on the ieee 39-bus and 68-bus systems, illustrating that, with controllers designed for a relatively small number of groups, power system stability may be significantly improved after an n-1 contingency compared to continued use of the nominal controller. furthermore, performance is comparable to that of controllers designed for each contingency individually.",FALSE,TPWRS_2000_2026_ieee.csv,Neelay Junnarkar; Emily Jensen; Xiaofan Wu; Suat Gumussoy; Murat Arcak
10.1109/TPWRS.2024.3404815,"Distribution System Behind-the-Meter DERs: Estimation, Uncertainty Quantification, and Control","This article summarizes the three-year technical activities of the IEEE Task Force (TF) on behind-the-meter (BTM) distributed energy resources (DERs): estimation, uncertainty quantification, and control. The potential grid services from BTM DERs are discussed in detail. The paper also reviews the state-of-the-art for BTM DERs visibility, uncertainty quantification, and, optimization and control. Furthermore, different aspects of the market structures associated with BTM DERs are covered, including emerging market and business models. Finally, needs and recommendations are provided for additional areas such as system protection, computing capabilities, algorithm development, market structure design, cyberinfrastructure and security, and hardware and software developments.","this article summarizes the three-year technical activities of the ieee task force (tf) on behind-the-meter (btm) distributed energy resources (ders): estimation, uncertainty quantification, and control. the potential grid services from btm ders are discussed in detail. the paper also reviews the state-of-the-art for btm ders visibility, uncertainty quantification, and, optimization and control. furthermore, different aspects of the market structures associated with btm ders are covered, including emerging market and business models. finally, needs and recommendations are provided for additional areas such as system protection, computing capabilities, algorithm development, market structure design, cyberinfrastructure and security, and hardware and software developments.",FALSE,TPWRS_2000_2026_ieee.csv,Ankur Srivastava; Junbo Zhao; Hao Zhu; Fei Ding; Shunbo Lei; Ioannis Zografopoulos; Rabab Haider; Soroush Vahedi; Wenyu Wang; Gustavo Valverde; Antonio Gomez-Exposito; Anamika Dubey; Charalambos Konstantinou; Nanpeng Yu; Sukumar Brahma; Yuri R. Rodrigues; Mohammed Ben-Idris; Bin Liu; Anuradha Annaswamy; Fankun Bu; Yishen Wang; Danny Espín-Sarzosa; Felipe Valencia; Jawana Gabrielski; Seyed Masoud Mohseni-Bonab; Javad Jazaeri; Zhaoyu Wang; Anurag Srivastava
10.1109/TPWRS.2024.3408844,DER-Inverter Based Reactive Power Ancillary Service for Supporting Peer-to-Peer Transactive Energy Trading in Distribution Networks,"Fast proliferation of distributed energy resources (DERs) and emergence of peer-to-peer (P2P) energy trading are introducing significant operation challenges to distribution networks. This paper designs a multi-timescale reactive power ancillary service trading framework in this context. The framework consists of a contract-based day-ahead Var reserve service trading stage and an hourly-ahead Var support service trading stage. At the day-ahead stage, the distribution system operator (DSO) signs a robust Var reserve contract with inverter-interfaced DERs which have sufficient Var capacity, and the problem is formulated as a two-stage robust optimization model considering uncertain nodal loads and hourly-ahead market behaviors. As an important advantage, the robust Var reserve contract eliminates the potential market power that the DERs may gain due to system configuration deficiency and market structure flaws at the later hourly-ahead trading stage. After uncertainty realization, at the hourly-ahead stage, DERs further provide the DSO with paid hourly-ahead Var supports using their spare Var capacity. The bilateral hourly-ahead Var trading between the DSO and DERs is modelled as a non-cooperative game. To attain a generalized Nash equilibrium (GNE) of the non-cooperative game, a distributed algorithm is developed by building the connection between the GNE and the primal-dual solution of a related social cost minimization problem. The proposed framework and methods are tested on three distribution systems of different scales.","fast proliferation of distributed energy resources (ders) and emergence of peer-to-peer (p2p) energy trading are introducing significant operation challenges to distribution networks. this paper designs a multi-timescale reactive power ancillary service trading framework in this context. the framework consists of a contract-based day-ahead var reserve service trading stage and an hourly-ahead var support service trading stage. at the day-ahead stage, the distribution system operator (dso) signs a robust var reserve contract with inverter-interfaced ders which have sufficient var capacity, and the problem is formulated as a two-stage robust optimization model considering uncertain nodal loads and hourly-ahead market behaviors. as an important advantage, the robust var reserve contract eliminates the potential market power that the ders may gain due to system configuration deficiency and market structure flaws at the later hourly-ahead trading stage. after uncertainty realization, at the hourly-ahead stage, ders further provide the dso with paid hourly-ahead var supports using their spare var capacity. the bilateral hourly-ahead var trading between the dso and ders is modelled as a non-cooperative game. to attain a generalized nash equilibrium (gne) of the non-cooperative game, a distributed algorithm is developed by building the connection between the gne and the primal-dual solution of a related social cost minimization problem. the proposed framework and methods are tested on three distribution systems of different scales.",FALSE,TPWRS_2000_2026_ieee.csv,Yunyang Zou; Yan Xu
10.1109/TPWRS.2024.3413680,Hierarchical Distributed Chance-Constrained Voltage Control for HV and MV DNs Based on Nonlinearity-Adaptive Data-Driven Method,"With large-scale distributed energy resources (DERs) being integrated into distribution networks (DNs), the coordinated optimal power flow (OPF) of high voltage (HV) and medium voltage (MV) DNs becomes challenging due to enhanced uncertainties and nonlinearity. This paper presents a hierarchical distributed chance-constrained OPF model for HV and MV DNs based on a nonlinear adaptive data-driven method. The HV master problem aims to minimize the overall operational costs, and is transformed into mixed-integer convex problem via second order cone programming. A model-free chance-constrained optimization sub-problem is established to tackle inaccurate model parameters issues and DER uncertainties in MV DNs and realize rapid response to control schemes from HV DN. The nonlinearity of power flow is approximately depicted by a data-driven incomplete dimension lifting power flow (IDL-PF) constraint, which is integrated into the MV DNs optimization model. A novel multi-parameter programming (MPP)-based distributed algorithm is proposed to solve the coordinated OPF model, which can significantly accelerate the iterative speed between the master and sub-problems. Finally, the convergence, efficiency and optimality of the proposed method are validated by numerous simulations in a practical DNs in China.","with large-scale distributed energy resources (ders) being integrated into distribution networks (dns), the coordinated optimal power flow (opf) of high voltage (hv) and medium voltage (mv) dns becomes challenging due to enhanced uncertainties and nonlinearity. this paper presents a hierarchical distributed chance-constrained opf model for hv and mv dns based on a nonlinear adaptive data-driven method. the hv master problem aims to minimize the overall operational costs, and is transformed into mixed-integer convex problem via second order cone programming. a model-free chance-constrained optimization sub-problem is established to tackle inaccurate model parameters issues and der uncertainties in mv dns and realize rapid response to control schemes from hv dn. the nonlinearity of power flow is approximately depicted by a data-driven incomplete dimension lifting power flow (idl-pf) constraint, which is integrated into the mv dns optimization model. a novel multi-parameter programming (mpp)-based distributed algorithm is proposed to solve the coordinated opf model, which can significantly accelerate the iterative speed between the master and sub-problems. finally, the convergence, efficiency and optimality of the proposed method are validated by numerous simulations in a practical dns in china.",FALSE,TPWRS_2000_2026_ieee.csv,Mingtong Yang; Yixin Liu; Li Guo; Zhongguan Wang; Jiebei Zhu; Yuxuan Zhang; Bing Cheng; Chengshan Wang
10.1109/TPWRS.2024.3507750,Real-Time Economic Dispatch Approach for Wholesale Energy Market With Multi-Transmission-Node DER Aggregation,"Enabling the integration of distributed energy resources (DERs) into the wholesale market, as prompted by the FERC Order 2222, introduces substantial operational complexities. To align with the current wholesale energy market practice, regional transmission organizations (RTOs) are pursuing the aggregation of transmission-node-level DERs (T-DERs), in which each T-DER is a projected representation of all DERs in the distribution network underneath the transmission node, such as a virtual power plant (VPP). This paper advances a real-time economic dispatch (RTED) framework to facilitate the aggregation of multiple T-DERs, optimizing their participation in energy market operations. We enhance the distribution factors (DFs) based modeling to capture the impact of individual T-DERs across the transmission network. Specifically, an innovative DF updating strategy is introduced in our methodology, incorporating a tailored K-Nearest Neighbors (KNN) predictor and a discrete PI corrector, along with transmission signals that sufficiently guarantee transmission constraints. These enhancements optimize the economic efficiency of the market clearing process, allowing numerous T-DERs to be involved in current energy market practices. The proposed method is tested on modified 24-bus and 118-bus systems via a rolling RTED process with real load data. The test results show that the proposed framework demonstrates marked improvements in minimizing system operation costs and satisfying the transmission network constraints.","enabling the integration of distributed energy resources (ders) into the wholesale market, as prompted by the ferc order 2222, introduces substantial operational complexities. to align with the current wholesale energy market practice, regional transmission organizations (rtos) are pursuing the aggregation of transmission-node-level ders (t-ders), in which each t-der is a projected representation of all ders in the distribution network underneath the transmission node, such as a virtual power plant (vpp). this paper advances a real-time economic dispatch (rted) framework to facilitate the aggregation of multiple t-ders, optimizing their participation in energy market operations. we enhance the distribution factors (dfs) based modeling to capture the impact of individual t-ders across the transmission network. specifically, an innovative df updating strategy is introduced in our methodology, incorporating a tailored k-nearest neighbors (knn) predictor and a discrete pi corrector, along with transmission signals that sufficiently guarantee transmission constraints. these enhancements optimize the economic efficiency of the market clearing process, allowing numerous t-ders to be involved in current energy market practices. the proposed method is tested on modified 24-bus and 118-bus systems via a rolling rted process with real load data. the test results show that the proposed framework demonstrates marked improvements in minimizing system operation costs and satisfying the transmission network constraints.",FALSE,TPWRS_2000_2026_ieee.csv,Zhentong Shao; Weilun Wang; Brent Eldridge; Abhishek Somani; Lei Wu
10.1109/TPWRS.2024.3510924,Resilient Distributed Control for Power Systems With Multiple Synchronous Generators and DERs Satisfying Capability Curve Requirements,"In this paper, a novel distributed integral controller is proposed for a power system with multiple synchronous generators (SGs) and inverter-interfaced distributed energy resources (DERs) that ensures grid frequency restoration, voltage regulation and accurate power sharing while satisfying technical/operational constraints for the real and reactive power imposed by the capability curve of each unit. By taking into account the generic nonlinear dynamic model of the entire power system and considering only neighbour-to-neighbour communication among SGs and DERs, the proposed controller is suitably designed to inherently guarantee the capability curve constraints using invariant set theory (Nagumo's theorem), without introducing saturation units that may lead to instability, as commonly used in the existing literature. Furthermore, closed-loop system stability is also investigated to prove convergence to the desired equilibrium point for different values of the controller gains. Finally, it is analytically shown that in the case where one or more SG or DER units are forced to reach their capability curve limits, due to abnormal conditions caused by sudden load changes, cyber attacks, measurement faults, etc., the remaining non-compromised units will automatically continue to accomplish the control tasks (frequency regulation, power sharing); thus enhancing the resilience of the entire power system. The effectiveness of the proposed controller is verified under 3 extreme scenarios (load change, setpoint attack, measurement fault) on an experimental setup using the Typhoon HIL real-time system for a 10-bus and a 14-bus power network, both with 4 SGs and 2 inverter-interfaced DERs and is directly compared to a conventional distributed integral controller.","in this paper, a novel distributed integral controller is proposed for a power system with multiple synchronous generators (sgs) and inverter-interfaced distributed energy resources (ders) that ensures grid frequency restoration, voltage regulation and accurate power sharing while satisfying technical/operational constraints for the real and reactive power imposed by the capability curve of each unit. by taking into account the generic nonlinear dynamic model of the entire power system and considering only neighbour-to-neighbour communication among sgs and ders, the proposed controller is suitably designed to inherently guarantee the capability curve constraints using invariant set theory (nagumos theorem), without introducing saturation units that may lead to instability, as commonly used in the existing literature. furthermore, closed-loop system stability is also investigated to prove convergence to the desired equilibrium point for different values of the controller gains. finally, it is analytically shown that in the case where one or more sg or der units are forced to reach their capability curve limits, due to abnormal conditions caused by sudden load changes, cyber attacks, measurement faults, etc., the remaining non-compromised units will automatically continue to accomplish the control tasks (frequency regulation, power sharing); thus enhancing the resilience of the entire power system. the effectiveness of the proposed controller is verified under 3 extreme scenarios (load change, setpoint attack, measurement fault) on an experimental setup using the typhoon hil real-time system for a 10-bus and a 14-bus power network, both with 4 sgs and 2 inverter-interfaced ders and is directly compared to a conventional distributed integral controller.",FALSE,TPWRS_2000_2026_ieee.csv,Theodoros E. Kavvathas; George C. Konstantopoulos
10.1109/TPWRS.2025.3527676,Wind Power Plant Dispatch for Power Grid Frequency Dynamics Improvement: A Surrogate Model-Based Method,"Frequency regulation support (FRS) from wind power plants (WPPs) is critical for enhancing the frequency stability of modern power systems. To preserve WPP FRS capabilities, it is essential to account for the frequency response dynamics of each wind turbine generator (WTG) in the WPP-level dispatch process. However, incorporating these dynamics into dispatch algorithms is complex due to the intricate WTG control strategies required for varying wind conditions. To overcome this challenge, this paper first examines detailed WTG dynamics models to capture key frequency response characteristics. A surrogate modeling approach is then proposed, providing an analytical model that accurately represents WTG FRS dynamics. Leveraging this surrogate model, a short-term WPP dispatch framework is developed, ensuring both precise dispatch command tracking and the preservation of FRS capabilities. Additionally, an efficient solving strategy is introduced to enhance the computational performance of the dispatch model. Case studies demonstrate the effectiveness and robustness of the proposed method, offering a significant advancement in integrating WPPs into frequency regulation frameworks.","frequency regulation support (frs) from wind power plants (wpps) is critical for enhancing the frequency stability of modern power systems. to preserve wpp frs capabilities, it is essential to account for the frequency response dynamics of each wind turbine generator (wtg) in the wpp-level dispatch process. however, incorporating these dynamics into dispatch algorithms is complex due to the intricate wtg control strategies required for varying wind conditions. to overcome this challenge, this paper first examines detailed wtg dynamics models to capture key frequency response characteristics. a surrogate modeling approach is then proposed, providing an analytical model that accurately represents wtg frs dynamics. leveraging this surrogate model, a short-term wpp dispatch framework is developed, ensuring both precise dispatch command tracking and the preservation of frs capabilities. additionally, an efficient solving strategy is introduced to enhance the computational performance of the dispatch model. case studies demonstrate the effectiveness and robustness of the proposed method, offering a significant advancement in integrating wpps into frequency regulation frameworks.",FALSE,TPWRS_2000_2026_ieee.csv,Junkai Huang; Yan Xu; Amer M. Y. M. Ghias
10.1109/TPWRS.2025.3558868,Aggregator of Electric Vehicles Bidding in Nordic FCR-D Markets: A Chance-Constrained Program,"The Danish system operator, Energinet, has recently introduced an innovative grid code called the $\rm {P90 \ requirement}$, which allows stochastic flexible resources to bid their flexibility in Nordic ancillary service markets, contingent upon a minimum 90% probability of successfully realizing the reserve capacity bid. For limited-energy resources, Energinet imposes additional requirements for participation in these markets. Given these requirements, this paper presents a chance-constrained optimization model designed for aggregators of electric vehicles, aiming to optimally place reserve capacity bids in the Nordic Frequency Containment Reserve for Disturbances (FCR-D) market while accounting for uncertainty in future consumption baselines. We analyze both FCR-D up and down markets, reformulating and solving the proposed joint chance-constrained model using two sample-based methods. Using real data from 1400 charging stations in Denmark from March 2022 to March 2023, we demonstrate the out-of-sample profit potential. Our findings indicate that vehicle owners could save between 6% and 10% on their annual electricity bills by providing FCR-D services. Additionally, we observed a synergy effect, where having more vehicles in a single portfolio enables larger bids per vehicle compared to a collective bid from multiple portfolios with the same total number of vehicles.","the danish system operator, energinet, has recently introduced an innovative grid code called the rm p90  requirement, which allows stochastic flexible resources to bid their flexibility in nordic ancillary service markets, contingent upon a minimum 90% probability of successfully realizing the reserve capacity bid. for limited-energy resources, energinet imposes additional requirements for participation in these markets. given these requirements, this paper presents a chance-constrained optimization model designed for aggregators of electric vehicles, aiming to optimally place reserve capacity bids in the nordic frequency containment reserve for disturbances (fcr-d) market while accounting for uncertainty in future consumption baselines. we analyze both fcr-d up and down markets, reformulating and solving the proposed joint chance-constrained model using two sample-based methods. using real data from 1400 charging stations in denmark from march 2022 to march 2023, we demonstrate the out-of-sample profit potential. our findings indicate that vehicle owners could save between 6% and 10% on their annual electricity bills by providing fcr-d services. additionally, we observed a synergy effect, where having more vehicles in a single portfolio enables larger bids per vehicle compared to a collective bid from multiple portfolios with the same total number of vehicles.",FALSE,TPWRS_2000_2026_ieee.csv,Gustav A. Lunde; Emil V. Damm; Peter A.V. Gade; Jalal Kazempour
10.1109/TPWRS.2025.3562811,Hybrid Oscillation Damping and Inertia Management for Distributed Energy Resources,"Power systems dominated by converter-interfaced distributed energy resources (DERs) typically exhibit weaker damping capabilities and lower inertia, compromising system stability. Although individual DER controllers are evolving to provide superior oscillation damping capabilities and inertia supports, there is a lack of network-wide coordinated management measures for multiple DERs, potentially leading to unexpected instability and cost-effectiveness problems. To address this gap, this paper introduces a hybrid oscillation damping and inertia management strategy for multiple DERs, considering network coupling effects, and seeks to encourage DERs to provide enhanced damping and inertia with appropriate economic incentives. We first formulate an optimization problem to tune and allocate damping and inertia coefficients for DERs, minimizing associated power and energy costs while ensuring hard constraints for system frequency stability and small-signal stability. The problem is built upon a novel convex parametric formulation that integrates oscillation mode location and frequency trajectory requirements, equipped with a theoretical guarantee, and eliminating the need for iterative tuning and computation burdens. Furthermore, to increase the willingness of DERs to cooperate, we further design appropriate economic incentives to compensate for DERs' costs based on the proposed cost minimization problem, and assess its impact on system cost-efficiency. Numerical tests highlight the effectiveness of the proposed method in promoting system stability and offer insights into potential economic benefits.","power systems dominated by converter-interfaced distributed energy resources (ders) typically exhibit weaker damping capabilities and lower inertia, compromising system stability. although individual der controllers are evolving to provide superior oscillation damping capabilities and inertia supports, there is a lack of network-wide coordinated management measures for multiple ders, potentially leading to unexpected instability and cost-effectiveness problems. to address this gap, this paper introduces a hybrid oscillation damping and inertia management strategy for multiple ders, considering network coupling effects, and seeks to encourage ders to provide enhanced damping and inertia with appropriate economic incentives. we first formulate an optimization problem to tune and allocate damping and inertia coefficients for ders, minimizing associated power and energy costs while ensuring hard constraints for system frequency stability and small-signal stability. the problem is built upon a novel convex parametric formulation that integrates oscillation mode location and frequency trajectory requirements, equipped with a theoretical guarantee, and eliminating the need for iterative tuning and computation burdens. furthermore, to increase the willingness of ders to cooperate, we further design appropriate economic incentives to compensate for ders costs based on the proposed cost minimization problem, and assess its impact on system cost-efficiency. numerical tests highlight the effectiveness of the proposed method in promoting system stability and offer insights into potential economic benefits.",FALSE,TPWRS_2000_2026_ieee.csv,Cheng Feng; Linbin Huang; Xiuqiang He; Yi Wang; Florian Dörfler; Chongqing Kang
10.1109/TPWRS.2025.3563041,Quantifying and Optimizing the Time-Coupled Flexibilities at the Distribution-Level for TSO-DSO Coordination,"Distributed energy resources (DERs) in distribution systems offer substantial flexibility potential for power system operations, necessitating effective quantification and optimization methods for their utilization. This paper presents a unified time-coupled flexibility cost quantification approach that aligns with time-coupled flexibility models of various types of DER, whether individual or aggregated. The superior capability in accurately capturing the user inconvenience costs compared to traditional power-range-based, time-decoupled methods is demonstrated, thereby enhancing user willingness to provide flexibility to support the power system operation. Based on the quantification method, a DSO optimization model that activates DER flexibility for energy arbitrage and ancillary services provision in the transmission system while maintaining the distribution system's security and economic efficiency, i.e., TSO-DSO coordination, is developed. The optimization model introduces the concept of marginal flexibility prices (MFPs), which quantify the marginal contribution of flexibility in TSO-DSO coordination. Using MFPs for revenue allocation, incentive compatibility, revenue adequacy, and the non-profit status of DSO are guaranteed, enabling the proposed flexibility provision framework to operate sustainably. Numerical tests on the IEEE test system verify the proposed methods.","distributed energy resources (ders) in distribution systems offer substantial flexibility potential for power system operations, necessitating effective quantification and optimization methods for their utilization. this paper presents a unified time-coupled flexibility cost quantification approach that aligns with time-coupled flexibility models of various types of der, whether individual or aggregated. the superior capability in accurately capturing the user inconvenience costs compared to traditional power-range-based, time-decoupled methods is demonstrated, thereby enhancing user willingness to provide flexibility to support the power system operation. based on the quantification method, a dso optimization model that activates der flexibility for energy arbitrage and ancillary services provision in the transmission system while maintaining the distribution systems security and economic efficiency, i.e., tso-dso coordination, is developed. the optimization model introduces the concept of marginal flexibility prices (mfps), which quantify the marginal contribution of flexibility in tso-dso coordination. using mfps for revenue allocation, incentive compatibility, revenue adequacy, and the non-profit status of dso are guaranteed, enabling the proposed flexibility provision framework to operate sustainably. numerical tests on the ieee test system verify the proposed methods.",FALSE,TPWRS_2000_2026_ieee.csv,Yilin Wen; Yi Guo; Zechun Hu; Gabriela Hug
10.1109/TPWRS.2025.3585511,Cyber-Physical Integration Design for Frequency Regulation in Virtual Power Plants Facing Diverse Communication Issues,"The virtual power plants (VPPs) formed by aggregating distributed energy resources on the demand side have high potential in frequency regulation of power systems. However, due to the complexity of real communication network, diverse communication issues, such as random packets loss and malicious cyber-attacks, may cause undesirable power dispatch and inaccurate dynamic control. This brings great challenges to the participation of VPPs in frequency regulation. To bypass these hurdles, we propose a cyber-physical integration design to facilitate VPPs frequency regulation in a real-time and reliable manner. First, we suggest a joint design scheme of VPPs power dispatch and communication resources allocation for packets loss under cloud-edge collaboration. That is, in the physical-layer, we propose the VPPs power dispatch under packets loss and in the cyber-layer, we develop the communication resources allocation strategy. This scheme aims to eliminate the packets loss impacts and thus determine accurate power dispatch. Second, we present a high reliable information transmission approach for preventing cyber-attacks under edge-end collaboration. Specifically, in the physical-layer, we implement dynamic control for responding to received regulation power and in the cyber-layer, we execute digital signcryption algorithm. Its objective is to improve system information transmission against cyber-attacks and thus ensure the accurate dynamic control. Finally, simulation results validate the feasibility and superiority of our proposed integration design.","the virtual power plants (vpps) formed by aggregating distributed energy resources on the demand side have high potential in frequency regulation of power systems. however, due to the complexity of real communication network, diverse communication issues, such as random packets loss and malicious cyber-attacks, may cause undesirable power dispatch and inaccurate dynamic control. this brings great challenges to the participation of vpps in frequency regulation. to bypass these hurdles, we propose a cyber-physical integration design to facilitate vpps frequency regulation in a real-time and reliable manner. first, we suggest a joint design scheme of vpps power dispatch and communication resources allocation for packets loss under cloud-edge collaboration. that is, in the physical-layer, we propose the vpps power dispatch under packets loss and in the cyber-layer, we develop the communication resources allocation strategy. this scheme aims to eliminate the packets loss impacts and thus determine accurate power dispatch. second, we present a high reliable information transmission approach for preventing cyber-attacks under edge-end collaboration. specifically, in the physical-layer, we implement dynamic control for responding to received regulation power and in the cyber-layer, we execute digital signcryption algorithm. its objective is to improve system information transmission against cyber-attacks and thus ensure the accurate dynamic control. finally, simulation results validate the feasibility and superiority of our proposed integration design.",FALSE,TPWRS_2000_2026_ieee.csv,Jinrui Guo; Chunxia Dou; Dong Yue; Zhijun Zhang; Zhanqiang Zhang; Bo Zhang
10.1109/TPWRS.2023.3270366,Reduced-Order Model for Wind-Solar Multi-Microgrids Considering Time-Scale Coupling,"A computationally efficient and accurate reduced-order model (ROM) that characterizes the time-scale coupling caused by the high penetration of power-electronic converters in microgrids (MGs) is crucial to system stability analysis. When such MGs are interconnected into multi-microgrids (MMGs), the coupling between fast and slow dynamics will be more complicated due to the interactions among each MG. The traditional ROM without concerning dynamic coupling may lead to low accuracy and even misjudgment of system stability. In this paper, by considering primary energy dynamics of renewable energy sources, e.g., doubly-fed induction generator (DFIG) and photovoltaic (PV), a small-signal model that characterizes the practical multi-timescale of MMGs is firstly presented. Then with the division of the entire MMGs into fast and slow dynamic subsystems based on the assumption of time-scale separating, the coupling dynamics are identified via the residues-based method. Finally, a ROM considering coupling dynamics and preserving physical meaning is proposed by reconfiguring the fast and slow dynamic subsystems based on singular perturbation. The accuracy of the proposed ROM is verified by comparing it with the detailed model under different control parameters, wind speeds and irradiance conditions. The time-domain simulation is employed to validate the dynamic response of the proposed ROM.","a computationally efficient and accurate reduced-order model (rom) that characterizes the time-scale coupling caused by the high penetration of power-electronic converters in microgrids (mgs) is crucial to system stability analysis. when such mgs are interconnected into multi-microgrids (mmgs), the coupling between fast and slow dynamics will be more complicated due to the interactions among each mg. the traditional rom without concerning dynamic coupling may lead to low accuracy and even misjudgment of system stability. in this paper, by considering primary energy dynamics of renewable energy sources, e.g., doubly-fed induction generator (dfig) and photovoltaic (pv), a small-signal model that characterizes the practical multi-timescale of mmgs is firstly presented. then with the division of the entire mmgs into fast and slow dynamic subsystems based on the assumption of time-scale separating, the coupling dynamics are identified via the residues-based method. finally, a rom considering coupling dynamics and preserving physical meaning is proposed by reconfiguring the fast and slow dynamic subsystems based on singular perturbation. the accuracy of the proposed rom is verified by comparing it with the detailed model under different control parameters, wind speeds and irradiance conditions. the time-domain simulation is employed to validate the dynamic response of the proposed rom.",FALSE,TPWRS_2000_2026_ieee.csv,Zhuoli Zhao; Junhua Wu; Xi Luo; Jindian Xie; Qinggang Yang; Qiang Ni; Loi Lei Lai
10.1109/TPWRS.2023.3246522,A Bidirectional Virtual Inertia Control Strategy for the Interconnected Converter of Standalone AC/DC Hybrid Microgrids,"The interconnected converter (IC) links the ac and dc microgrids (MGs) and exchanges powers to maintain the hybrid system stability. However, inertia stored in the ac or dc side cannot be transferred through IC to support each other flexibly according to demand. This article proposes a novel bidirectional virtual inertia (BVI) control strategy for the IC with an inertia transferring mechanism. IC actively transfers the inertial power to balance the transient performance of both sides of the interconnected MGs. The adaptive strategy is proposed for coefficients of the BVI control to change the inertial power flexibly according to the inertia gap caused by disturbances. Experimental results demonstrate that the proposed strategy of transferring inertia strikes a transient balance between the dc voltage and ac frequency and hence, enhance the transient stability of the hybrid system.","the interconnected converter (ic) links the ac and dc microgrids (mgs) and exchanges powers to maintain the hybrid system stability. however, inertia stored in the ac or dc side cannot be transferred through ic to support each other flexibly according to demand. this article proposes a novel bidirectional virtual inertia (bvi) control strategy for the ic with an inertia transferring mechanism. ic actively transfers the inertial power to balance the transient performance of both sides of the interconnected mgs. the adaptive strategy is proposed for coefficients of the bvi control to change the inertial power flexibly according to the inertia gap caused by disturbances. experimental results demonstrate that the proposed strategy of transferring inertia strikes a transient balance between the dc voltage and ac frequency and hence, enhance the transient stability of the hybrid system.",FALSE,TPWRS_2000_2026_ieee.csv,Jie Wang; Wentao Huang; Nengling Tai; Moduo Yu; Ran Li; Yong Zhang
10.1109/TPWRS.2023.3304717,Applying High-Performance Computing to the European Resource Adequacy Assessment,"This work considers the European Resource Adequacy Assessment, which is a pan-European resource adequacy process that is being developed by the European Networks of Transmission System Operators for Electricity (ENTSO-E). A critical part of this process is the so-called Economic Viability Assessment model, which aims at determining future expansion and retirement capacity opportunities for the entire European network. As such, the problem is stochastic. Nevertheless, due to computational constraints, simplified approaches have been followed by ENTSO-E. Our work formulates the problem as a two-stage stochastic problem and proposes two decomposition algorithms for solving the problem which are implemented in a high-performance computing infrastructure. The first is a subgradient-based algorithm, and the second uses a relaxation of the second stage (the economic dispatch) in order to speed up the subgradient calculation thus achieving a considerable reduction in solution time. We compare our schemes against the commonly used Bender's decomposition. We compare the obtained stochastic solution against the deterministic solution proposed by ENTSO-E for their 2021 study and analyze the impact of the stochastic solution on various adequacy indicators.","this work considers the european resource adequacy assessment, which is a pan-european resource adequacy process that is being developed by the european networks of transmission system operators for electricity (entso-e). a critical part of this process is the so-called economic viability assessment model, which aims at determining future expansion and retirement capacity opportunities for the entire european network. as such, the problem is stochastic. nevertheless, due to computational constraints, simplified approaches have been followed by entso-e. our work formulates the problem as a two-stage stochastic problem and proposes two decomposition algorithms for solving the problem which are implemented in a high-performance computing infrastructure. the first is a subgradient-based algorithm, and the second uses a relaxation of the second stage (the economic dispatch) in order to speed up the subgradient calculation thus achieving a considerable reduction in solution time. we compare our schemes against the commonly used benders decomposition. we compare the obtained stochastic solution against the deterministic solution proposed by entso-e for their 2021 study and analyze the impact of the stochastic solution on various adequacy indicators.",FALSE,TPWRS_2000_2026_ieee.csv,Daniel Ávila; Anthony Papavasiliou; Mauricio Junca; Lazaros Exizidis
10.1109/TPWRS.2023.3240079,Optimal Offering of Energy Storage in Electricity Markets With Loop Blocks,"Electricity market designs involving block orders have been recently gaining momentum, since they enable participants to implicitly express their operating characteristics, instead of explicitly disclosing them to the market operator, and address the effects of the increasing price uncertainty. However, the existing literature on optimizing participants' offering decisions in such markets has focused on generation participants, while it has not considered stand-alone energy storage participants, as well as a new type of block orders which has been specifically introduced to encapsulate the operating characteristics of storage - namely loop blocks (LB). This paper addresses this research gap by proposing a novel optimal offering model for a price-taking storage participant, which allows the representation and optimization of LB, while accounting for the price uncertainty encountered by the storage participant. The value of LB in increasing the storage participant's profitability and the computational performance of the proposed model are comprehensively analyzed, through both illustrative, small-scale (with respect to the number of considered price scenarios) studies and more realistic, large-scale studies considering two different storage technologies (battery storage and pumped-hydro storage).","electricity market designs involving block orders have been recently gaining momentum, since they enable participants to implicitly express their operating characteristics, instead of explicitly disclosing them to the market operator, and address the effects of the increasing price uncertainty. however, the existing literature on optimizing participants offering decisions in such markets has focused on generation participants, while it has not considered stand-alone energy storage participants, as well as a new type of block orders which has been specifically introduced to encapsulate the operating characteristics of storage - namely loop blocks (lb). this paper addresses this research gap by proposing a novel optimal offering model for a price-taking storage participant, which allows the representation and optimization of lb, while accounting for the price uncertainty encountered by the storage participant. the value of lb in increasing the storage participants profitability and the computational performance of the proposed model are comprehensively analyzed, through both illustrative, small-scale (with respect to the number of considered price scenarios) studies and more realistic, large-scale studies considering two different storage technologies (battery storage and pumped-hydro storage).",FALSE,TPWRS_2000_2026_ieee.csv,Makedon Karasavvidis; Dimitrios Papadaskalopoulos; Goran Strbac
10.1109/TPWRS.2023.3276736,False Data Injection Attack and Corresponding Countermeasure in Multienergy Systems,"Worldwide ambitions to combat climate change have expedited the penetration of renewables and decarbonization. Multienergy systems (MES), where different energy systems are optimally coordinated, have been recognized as a key element in future low-carbon energy operations. However, MES operations involve intense exchanges of information and control signals, thereby intensify the risk of cyberattacks. Existing cybersecurity research mainly focuses on a single-energy system, with only a few pioneering cybersecurity analyses for MES focusing on uncoordinated cyberattacks. A lack of detailed discussion and analysis on the optimally coordinated cyberattack targeting MES prevents operators from accurately evaluating the potential damages of cyberattack in MES operations. Therefore, this article first proposes an optimally coordinated false data injection attack (OC-FDIA) against MES, where attacks from different energy systems are coordinated to disturb the MES operation. Then, we show that the OC-FDIA can cause synergetic effects leading to much more severe damage than single-system FDIAs and uncoordinated FDIAs. Further, an effective countermeasure is developed to mitigate the OC-FDIA based on deep learning (DL). Eventually, the proposed OC-FDIA and its countermeasures are demonstrated through integrated electricity and gas test systems.","worldwide ambitions to combat climate change have expedited the penetration of renewables and decarbonization. multienergy systems (mes), where different energy systems are optimally coordinated, have been recognized as a key element in future low-carbon energy operations. however, mes operations involve intense exchanges of information and control signals, thereby intensify the risk of cyberattacks. existing cybersecurity research mainly focuses on a single-energy system, with only a few pioneering cybersecurity analyses for mes focusing on uncoordinated cyberattacks. a lack of detailed discussion and analysis on the optimally coordinated cyberattack targeting mes prevents operators from accurately evaluating the potential damages of cyberattack in mes operations. therefore, this article first proposes an optimally coordinated false data injection attack (oc-fdia) against mes, where attacks from different energy systems are coordinated to disturb the mes operation. then, we show that the oc-fdia can cause synergetic effects leading to much more severe damage than single-system fdias and uncoordinated fdias. further, an effective countermeasure is developed to mitigate the oc-fdia based on deep learning (dl). eventually, the proposed oc-fdia and its countermeasures are demonstrated through integrated electricity and gas test systems.",FALSE,TPWRS_2000_2026_ieee.csv,Qiwei Zhang; Fangxing Li; Jin Zhao; Buxin She
10.1109/TPWRS.2023.3235193,Probabilistic Electricity Price Forecast With Optimal Prediction Interval,"The uncertainty of electricity prices poses a challenge to all market participants as their decisions highly depend on the accuracy of price forecasts. Prediction intervals become an efficient method to quantify the uncertainties that reside in electricity price forecasts. In this paper, we propose a probabilistic electricity price forecast with optimal prediction interval method that considers both reliability and sharpness requirements. Taking reliability and sharpness into account, we ensure the prediction interval has a narrow width without sacrificing reliability. In the proposed method, the quantile regression is utilized to estimate the upper and lower bounds of the prediction intervals to avoid electricity price distribution assumption. In addition, the extreme learning machine (ELM) method is embedded in the forecast method to capture the nonlinear relationship within price data, and its tuning parameters are optimized using the augmented Lagrangian relaxation method in this paper. The effectiveness of the proposed probabilistic forecast method is demonstrated using data from various electricity markets.","the uncertainty of electricity prices poses a challenge to all market participants as their decisions highly depend on the accuracy of price forecasts. prediction intervals become an efficient method to quantify the uncertainties that reside in electricity price forecasts. in this paper, we propose a probabilistic electricity price forecast with optimal prediction interval method that considers both reliability and sharpness requirements. taking reliability and sharpness into account, we ensure the prediction interval has a narrow width without sacrificing reliability. in the proposed method, the quantile regression is utilized to estimate the upper and lower bounds of the prediction intervals to avoid electricity price distribution assumption. in addition, the extreme learning machine (elm) method is embedded in the forecast method to capture the nonlinear relationship within price data, and its tuning parameters are optimized using the augmented lagrangian relaxation method in this paper. the effectiveness of the proposed probabilistic forecast method is demonstrated using data from various electricity markets.",FALSE,TPWRS_2000_2026_ieee.csv,Chenxu Zhang; Yong Fu
10.1109/TPWRS.2023.3277213,Voltage Stability Constrained Economic Dispatch for Multi-Infeed HVDC Power Systems,"Multi-infeed LCC-HVDC decreases voltage stability margins due to its current source nature. Moreover, the high penetration of variable renewable energy makes it difficult to reserve enough margins for all periods. Therefore, voltage stability constraints need to be considered in the scheduling stage. However, the challenge is that the voltage stability margin is not analytic with respect to state variables. We propose a sparse support vector machine to extract the nonlinear voltage stability rule. To embed the rule into economic dispatch (ED), we apply a convex reformulating technique to the rule and then formulate a voltage stability constrained ED (VSCED) model by semi-definite programming. The model is tested on a modified IEEE-14 system and a real-world system from Jiangsu Province, China; and it is compared with other typical data-driven-based models in the Jiangsu system. The numerical experiments suggest that the stability margins can be effectively reserved above the required threshold within an acceptable computation time by the proposed VSCED model, which outperforms the other models.","multi-infeed lcc-hvdc decreases voltage stability margins due to its current source nature. moreover, the high penetration of variable renewable energy makes it difficult to reserve enough margins for all periods. therefore, voltage stability constraints need to be considered in the scheduling stage. however, the challenge is that the voltage stability margin is not analytic with respect to state variables. we propose a sparse support vector machine to extract the nonlinear voltage stability rule. to embed the rule into economic dispatch (ed), we apply a convex reformulating technique to the rule and then formulate a voltage stability constrained ed (vsced) model by semi-definite programming. the model is tested on a modified ieee-14 system and a real-world system from jiangsu province, china; and it is compared with other typical data-driven-based models in the jiangsu system. the numerical experiments suggest that the stability margins can be effectively reserved above the required threshold within an acceptable computation time by the proposed vsced model, which outperforms the other models.",FALSE,TPWRS_2000_2026_ieee.csv,Jiaxin Wang; Qingchun Hou; Zhenyu Zhuo; Hongyang Jia; Ning Zhang
10.1109/TPWRS.2023.3273195,A Scalable Approach to Large Scale Risk-Averse Distribution Grid Expansion Planning,"Distribution grid reliability and resilience has become a major topic of concern for utilities and their regulators. In particular, with the increase in severity of extreme events, utilities are considering major investments in distribution grid assets to mitigate the damage of highly impactful outages. Communicating the overall economic and risk-mitigation benefits of these investments to regulators is an important element of the approval process. Today, industry reliability and resilience planning practices are based largely on methods that do not take explicit account of risk. This paper proposes a practical method for identifying optimal combinations of investments in new line segments and storage devices while considering the balance between the risk associated with high impact and low probability (HILP) events and the reliability related to routine failures. We show that this method can be scaled to address large scale networks and demonstrate its benefits using a Target Feeder from the Commonwealth Edison Reliability Program.","distribution grid reliability and resilience has become a major topic of concern for utilities and their regulators. in particular, with the increase in severity of extreme events, utilities are considering major investments in distribution grid assets to mitigate the damage of highly impactful outages. communicating the overall economic and risk-mitigation benefits of these investments to regulators is an important element of the approval process. today, industry reliability and resilience planning practices are based largely on methods that do not take explicit account of risk. this paper proposes a practical method for identifying optimal combinations of investments in new line segments and storage devices while considering the balance between the risk associated with high impact and low probability (hilp) events and the reliability related to routine failures. we show that this method can be scaled to address large scale networks and demonstrate its benefits using a target feeder from the commonwealth edison reliability program.",FALSE,TPWRS_2000_2026_ieee.csv,Alexandre Moreira; Miguel Heleno; Alan Valenzuela; Joseph H. Eto; Jaime Ortega; Cristina Botero
10.1109/TPWRS.2023.3274751,A Multi-Timescale Coordinated Optimization Framework for Economic Dispatch of Micro-Energy Grid Considering Prediction Error,"The integration of a large number of renewable energy sources (RES) into the micro-energy grid (MEG) brings certain challenges to its optimal dispatching, especially the impact of RES and load prediction error on optimal dispatching. Therefore, this article proposes a multi-timescale coordinated optimization framework for economic dispatch of MEG considering prediction error, including three stages: day-ahead economic dispatch, intra-day rolling optimization and real-time adjustment. In the day-ahead and intra-day stages, the device's output is solved with the objective of optimal system economy. The MEG is divided into three subsystems in the real-time adjustment stage using distributed model predictive control (DMPC). The subsystems cooperate to correct the intra-day device output, which reduces the complexity of solving system optimization problems. Meanwhile, considering that the prediction horizon in DMPC usually remains constant during the optimization, which affects the control performance of DMPC. This article analyzes the impact of the prediction horizon and control horizon on the control performance of DMPC. Then a DMPC method with adaptive adjustment of the prediction horizon according to the prediction errors of RES and loads power is proposed, which can balance the stability and prediction accuracy of the system. Finally, the case studies verify the feasibility of the proposed strategy.","the integration of a large number of renewable energy sources (res) into the micro-energy grid (meg) brings certain challenges to its optimal dispatching, especially the impact of res and load prediction error on optimal dispatching. therefore, this article proposes a multi-timescale coordinated optimization framework for economic dispatch of meg considering prediction error, including three stages: day-ahead economic dispatch, intra-day rolling optimization and real-time adjustment. in the day-ahead and intra-day stages, the devices output is solved with the objective of optimal system economy. the meg is divided into three subsystems in the real-time adjustment stage using distributed model predictive control (dmpc). the subsystems cooperate to correct the intra-day device output, which reduces the complexity of solving system optimization problems. meanwhile, considering that the prediction horizon in dmpc usually remains constant during the optimization, which affects the control performance of dmpc. this article analyzes the impact of the prediction horizon and control horizon on the control performance of dmpc. then a dmpc method with adaptive adjustment of the prediction horizon according to the prediction errors of res and loads power is proposed, which can balance the stability and prediction accuracy of the system. finally, the case studies verify the feasibility of the proposed strategy.",FALSE,TPWRS_2000_2026_ieee.csv,Yi Yang; Ping Yang; Zhuoli Zhao; Loi Lei Lai
10.1109/TPWRS.2023.3328156,Computing Cost Curves of Active Distribution Grids Aggregated Flexibility for TSO-DSO Coordination,The letter proposes for the first time a methodology to compute analytical functions approximating the cost curves of active or reactive power aggregated flexibility in the short-term operation of an active distribution system. These piece-wise linear functions can be embedded seamlessly in the tools for flexibility procurement to meet transmission grid security. The methodology tailors AC optimal power flow and power flow calculations to four proposed relevant flexibility provision cases.,the letter proposes for the first time a methodology to compute analytical functions approximating the cost curves of active or reactive power aggregated flexibility in the short-term operation of an active distribution system. these piece-wise linear functions can be embedded seamlessly in the tools for flexibility procurement to meet transmission grid security. the methodology tailors ac optimal power flow and power flow calculations to four proposed relevant flexibility provision cases.,FALSE,TPWRS_2000_2026_ieee.csv,Florin Capitanescu
10.1109/TPWRS.2023.3278266,Situation-Aware Load Restoration Considering Uncertainty and Correlation,"In order to minimize power supply interruption to customers, power system restoration needs to be performed rapidly after a blackout. With the integration of intermittent renewable energy and flexible loads, power system load patterns are becoming more uncertain. The goal of this article is to tackle the challenging task of developing a secure yet speedy load restoration planning strategy considering load uncertainty. The key is to leverage the real-time measurements of the restored load blocks to refine the statistical knowledge about the unrestored load blocks derived from historical data, such that the load restoration plans can be less conservative without harming security. Specifically, as the restoration process rolls forward and more loads are restored, we use a Kalman filter to update the probability distribution of the unrestored loads using the newly available measurements from the restored loads. With the updated distribution, a rolling-horizon load restoration problem for load-pickup decision making is formulated with given specified confidence levels under frequency, voltage, and power flow constraints. The effectiveness of the proposed method is evaluated through case studies on the IEEE 39-bus test system and the NPCC 140-bus system. Results demonstrate that the proposed method can restore loads more quickly and securely than conventional methods under load uncertainty.","in order to minimize power supply interruption to customers, power system restoration needs to be performed rapidly after a blackout. with the integration of intermittent renewable energy and flexible loads, power system load patterns are becoming more uncertain. the goal of this article is to tackle the challenging task of developing a secure yet speedy load restoration planning strategy considering load uncertainty. the key is to leverage the real-time measurements of the restored load blocks to refine the statistical knowledge about the unrestored load blocks derived from historical data, such that the load restoration plans can be less conservative without harming security. specifically, as the restoration process rolls forward and more loads are restored, we use a kalman filter to update the probability distribution of the unrestored loads using the newly available measurements from the restored loads. with the updated distribution, a rolling-horizon load restoration problem for load-pickup decision making is formulated with given specified confidence levels under frequency, voltage, and power flow constraints. the effectiveness of the proposed method is evaluated through case studies on the ieee 39-bus test system and the npcc 140-bus system. results demonstrate that the proposed method can restore loads more quickly and securely than conventional methods under load uncertainty.",FALSE,TPWRS_2000_2026_ieee.csv,Shamsun Nahar Edib; Yuzhang Lin; Vinod M. Vokkarane; Feng Qiu; Yichen Zhang; Pengwei Du
10.1109/TPWRS.2023.3287910,A Leakage-Current Vectors Fault Location Method for Undersea Observation Networks With Poor Data Quality,"For undersea observation networks, accurate fault location is required to reduce repair costs and time. A main technical challenge for this task is the presence of poor-quality data caused by the cascading failure from undersea power networks to the sensors and communication networks. This article proposes a leakage-current vector (LCV) based fault location method for the negative-pole DC network to address this issue. LCVs are obtained through the nodal admittance matrix considering the electrodes which react in the seawater to provide the return path for the negative pole. The attribute of LCVs is used to identify the anomalous, corrupted and missing data. A novel KCL-based data imputation method is proposed to correct the LCVs, which are compared with measurements to obtain the fault distance and fault resistance. The simulation model of north-east pacific time-series undersea networked experiments (NEPTUNE) is established in PSCAD/EMTDC to validate the proposed method. The results show a 23% improvement in fault location accuracy compared with data-interpolation-based methods.","for undersea observation networks, accurate fault location is required to reduce repair costs and time. a main technical challenge for this task is the presence of poor-quality data caused by the cascading failure from undersea power networks to the sensors and communication networks. this article proposes a leakage-current vector (lcv) based fault location method for the negative-pole dc network to address this issue. lcvs are obtained through the nodal admittance matrix considering the electrodes which react in the seawater to provide the return path for the negative pole. the attribute of lcvs is used to identify the anomalous, corrupted and missing data. a novel kcl-based data imputation method is proposed to correct the lcvs, which are compared with measurements to obtain the fault distance and fault resistance. the simulation model of north-east pacific time-series undersea networked experiments (neptune) is established in pscad/emtdc to validate the proposed method. the results show a 23% improvement in fault location accuracy compared with data-interpolation-based methods.",FALSE,TPWRS_2000_2026_ieee.csv,Wentao Huang; Ningting Chen; Ran Li; Nengling Tai; Canbing Li
10.1109/TPWRS.2023.3249825,The Most Frequent N-k Line Outages Occur in Motifs That Can Improve Contingency Selection,"Multiple line outages that occur together show a variety of spatial patterns in the power transmission network. Some of these spatial patterns form network contingency motifs, which we define as the patterns of multiple outages that occur much more frequently than multiple outages chosen randomly from the network. We show that choosing N-k contingencies from these commonly occurring contingency motifs accounts for most of the probability of multiple initiating line outages. This result is demonstrated using historical outage data for two transmission systems. It enables N-k contingency lists that are much more efficient in accounting for the likely multiple initiating outages than exhaustive listing or random selection. The N-k contingency lists constructed from motifs can improve risk estimation in cascading outage simulations and help to confirm utility contingency selection.","multiple line outages that occur together show a variety of spatial patterns in the power transmission network. some of these spatial patterns form network contingency motifs, which we define as the patterns of multiple outages that occur much more frequently than multiple outages chosen randomly from the network. we show that choosing n-k contingencies from these commonly occurring contingency motifs accounts for most of the probability of multiple initiating line outages. this result is demonstrated using historical outage data for two transmission systems. it enables n-k contingency lists that are much more efficient in accounting for the likely multiple initiating outages than exhaustive listing or random selection. the n-k contingency lists constructed from motifs can improve risk estimation in cascading outage simulations and help to confirm utility contingency selection.",FALSE,TPWRS_2000_2026_ieee.csv,Kai Zhou; Ian Dobson; Zhaoyu Wang
10.1109/TPWRS.2023.3295388,A Perturbation Observer-Based Fast Frequency Support for Low-Inertia Power Grids Through VSC-HVDC Systems,"Low-inertia power grids could suffer from large frequency excursions under even small power disturbances. When a voltage source converter-based high voltage direct current (VSC-HVDC) system is used to integrate a low-inertia grid into a main grid, an ancillary frequency support service can be provided to the low-inertia grid by the VSC-HVDC system. This paper proposes a perturbation observer-based fast frequency support controller (POFFS) of VSC-HVDC systems to improve the frequency stability of low-inertia power grids. According to the feedback linearization and the high gain observer technique, the perturbation observer of the inverter station is designed to estimate the comprehensive impact of multiple perturbations, including the power disturbances in low-inertia grids, the uncertainty of grid inertia, and unknown nonlinear dynamics. The estimate of the perturbations are further compensated by the feedback control loop to achieve robust frequency regulation. Compared with the conventional frequency controller, the proposed POFFS can provide better frequency support to low-inertia power grids, without requiring an accurate system model and parameters. Two test systems are used to verify the effectiveness of the proposed POFFS.","low-inertia power grids could suffer from large frequency excursions under even small power disturbances. when a voltage source converter-based high voltage direct current (vsc-hvdc) system is used to integrate a low-inertia grid into a main grid, an ancillary frequency support service can be provided to the low-inertia grid by the vsc-hvdc system. this paper proposes a perturbation observer-based fast frequency support controller (poffs) of vsc-hvdc systems to improve the frequency stability of low-inertia power grids. according to the feedback linearization and the high gain observer technique, the perturbation observer of the inverter station is designed to estimate the comprehensive impact of multiple perturbations, including the power disturbances in low-inertia grids, the uncertainty of grid inertia, and unknown nonlinear dynamics. the estimate of the perturbations are further compensated by the feedback control loop to achieve robust frequency regulation. compared with the conventional frequency controller, the proposed poffs can provide better frequency support to low-inertia power grids, without requiring an accurate system model and parameters. two test systems are used to verify the effectiveness of the proposed poffs.",FALSE,TPWRS_2000_2026_ieee.csv,Weiyu Wang; Yijia Cao; Lin Jiang; Chun Chen; Yong Li; Shuaihu Li; Xingyu Shi
10.1109/TPWRS.2023.3250648,Synthesis Load Model With Renewable Energy Sources for Transient Stability Studies,"Increased penetration of renewable energy sources (RES) has brought challenges to load modelling techniques. This paper proposes a synthesis load model with RES (SLMR), and elaborates related industrial practice conducted by China Electric Power Research Institute. Several practical issues are addressed in designing and implementing SLMR, such as load survey and representation of different types of RESs. Besides, three new modelling concerns brought by RESs are novelly addressed in the paper, i.e., aggregation of various RES parameters, consideration of various RES terminal voltage, and additional line loss due to RES response. Parameterization of the SLMR calibrates widely varied node voltage in distribution grid, and aggregates them to one equivalent node. The proposed SLMR is practically applied in industrial works, which is demonstrated in the paper.","increased penetration of renewable energy sources (res) has brought challenges to load modelling techniques. this paper proposes a synthesis load model with res (slmr), and elaborates related industrial practice conducted by china electric power research institute. several practical issues are addressed in designing and implementing slmr, such as load survey and representation of different types of ress. besides, three new modelling concerns brought by ress are novelly addressed in the paper, i.e., aggregation of various res parameters, consideration of various res terminal voltage, and additional line loss due to res response. parameterization of the slmr calibrates widely varied node voltage in distribution grid, and aggregates them to one equivalent node. the proposed slmr is practically applied in industrial works, which is demonstrated in the paper.",FALSE,TPWRS_2000_2026_ieee.csv,Tiankai Lan; Huadong Sun; Qi Wang; Bing Zhao
10.1109/TPWRS.2023.3274734,A Linked Swing Contract Market Design With High Renewable Penetration and Battery Firming,"As renewable generation and energy storage systems become increasingly cost-effective, modern power systems are increasingly reliant on variable energy resources (VERs) to meet demand. However, the variability and uncertainty of VERs' generation require additional flexibility to mitigate their impacts. Unfortunately, the current power market designs rigidly define different power and reserve products, making it difficult to fully recognize and compensate for this flexibility. Furthermore, since the marginal operating costs of the system quickly approach zero, current marginal cost-based market mechanisms struggle to provide price signals that allow independent power producers to make informed decisions about constructing, operating, and retiring plants. To address these issues, this article proposes a new linked electricity market design based on swing contracts for operating power systems with high penetration of VERs and energy storage resources. The feasibility of the proposed approach is demonstrated through study results on the modified IEEE 118-bus test system.","as renewable generation and energy storage systems become increasingly cost-effective, modern power systems are increasingly reliant on variable energy resources (vers) to meet demand. however, the variability and uncertainty of vers generation require additional flexibility to mitigate their impacts. unfortunately, the current power market designs rigidly define different power and reserve products, making it difficult to fully recognize and compensate for this flexibility. furthermore, since the marginal operating costs of the system quickly approach zero, current marginal cost-based market mechanisms struggle to provide price signals that allow independent power producers to make informed decisions about constructing, operating, and retiring plants. to address these issues, this article proposes a new linked electricity market design based on swing contracts for operating power systems with high penetration of vers and energy storage resources. the feasibility of the proposed approach is demonstrated through study results on the modified ieee 118-bus test system.",FALSE,TPWRS_2000_2026_ieee.csv,Wanning Li; Qin Wang
10.1109/TPWRS.2023.3268337,Risk-Averse Optimal Combining Forecasts for Renewable Energy Trading Under CVaR Assessment of Forecast Errors,"Renewable energy producer is often exposed to huge financial losses in some imbalance hours (meaning that the contracted energy in day-ahead market is not equal to the actual output in real time) caused by extremely large forecast error. To address this challenge, this paper integrates the forecast end-user's risk profile into the development of risk-averse combining forecast approach for renewable energy trading. First, the conditional value-at-risk (CVaR) is applied to evaluate the extreme prediction error of combined forecasts. Then, convex optimization models are formulated with the objective of minimizing the mean square error plus the CVaR of large error. Solving our proposed models determines the optimal weights for individual models participating in the combined forecasts. Finally, the value of risk-averse combined forecasts is verified through examining the financial performance of using risk-averse forecasts as inputs of the bidding strategy in renewable energy trading. Case studies on real-world datasets present that our proposed method not only reduces the mean error but also lowers the extreme error. More importantly, it decreases the imbalance energy and cost in renewable energy trading, thus being less exposed to the risk of large financial losses under extreme prediction errors.","renewable energy producer is often exposed to huge financial losses in some imbalance hours (meaning that the contracted energy in day-ahead market is not equal to the actual output in real time) caused by extremely large forecast error. to address this challenge, this paper integrates the forecast end-users risk profile into the development of risk-averse combining forecast approach for renewable energy trading. first, the conditional value-at-risk (cvar) is applied to evaluate the extreme prediction error of combined forecasts. then, convex optimization models are formulated with the objective of minimizing the mean square error plus the cvar of large error. solving our proposed models determines the optimal weights for individual models participating in the combined forecasts. finally, the value of risk-averse combined forecasts is verified through examining the financial performance of using risk-averse forecasts as inputs of the bidding strategy in renewable energy trading. case studies on real-world datasets present that our proposed method not only reduces the mean error but also lowers the extreme error. more importantly, it decreases the imbalance energy and cost in renewable energy trading, thus being less exposed to the risk of large financial losses under extreme prediction errors.",FALSE,TPWRS_2000_2026_ieee.csv,Jiale Wang; Yidan Zhou; Yao Zhang; Fan Lin; Jianxue Wang
10.1109/TPWRS.2023.3271325,A Novel Sequence to Sequence Data Modelling Based CNN-LSTM Algorithm for Three Years Ahead Monthly Peak Load Forecasting,"Long-term load forecasting (LTLF) models play an important role in the strategic planning of power systems around the globe. Obtaining correct decisions on power network expansions or restrictions based on predictions help substantially reduce the power grid infrastructure costs. The classical approach of LTLF is limited to the usage of artificial neural networks (ANN) or regression-based approaches along with a large set of historical electricity load, weather, economy and population data. Considering the drawbacks of classical methods, this article introduces a novel sequence to sequence hybrid convolutional neural network and long short-term memory (CNN-LSTM) model to forecast the monthly peak load for a time horizon of three years. These drawbacks include, lack of sensitivity to changing trends over long time horizons, difficulty of fitting large number of variables and complex relationships, etc. (Velicer and Plummer, 1998). Forecasting time interval plays a key role in LTLF. Therefore, using monthly peak load avoids unnecessary complications while providing all essential information for a good long-term strategical planning. The accuracy of the proposed method is verified by the load data of “New South Wales (NSW)”, Australia. The numerical results show that, proposed method has achieved higher prediction accuracy compared to the existing work on long-term load forecasting.","long-term load forecasting (ltlf) models play an important role in the strategic planning of power systems around the globe. obtaining correct decisions on power network expansions or restrictions based on predictions help substantially reduce the power grid infrastructure costs. the classical approach of ltlf is limited to the usage of artificial neural networks (ann) or regression-based approaches along with a large set of historical electricity load, weather, economy and population data. considering the drawbacks of classical methods, this article introduces a novel sequence to sequence hybrid convolutional neural network and long short-term memory (cnn-lstm) model to forecast the monthly peak load for a time horizon of three years. these drawbacks include, lack of sensitivity to changing trends over long time horizons, difficulty of fitting large number of variables and complex relationships, etc. (velicer and plummer, 1998). forecasting time interval plays a key role in ltlf. therefore, using monthly peak load avoids unnecessary complications while providing all essential information for a good long-term strategical planning. the accuracy of the proposed method is verified by the load data of new south wales (nsw), australia. the numerical results show that, proposed method has achieved higher prediction accuracy compared to the existing work on long-term load forecasting.",FALSE,TPWRS_2000_2026_ieee.csv,Osaka Rubasinghe; Xinan Zhang; Tat Kei Chau; Yau Hing Chow; Tyrone Fernando; Herbert Ho-Ching Iu
10.1109/TPWRS.2023.3248941,Using SHAP Values and Machine Learning to Understand Trends in the Transient Stability Limit,"Machine learning (ML) for transient stability assessment has gained traction due to the significant increase in computational requirements as renewables connect to power systems. To achieve a high degree of accuracy; black-box ML models are often required – inhibiting interpretation of predictions and consequently reducing confidence in the use of such methods. This paper proposes the use of SHapley Additive exPlanations (SHAP) – a unifying interpretability framework based on Shapley values from cooperative game theory – to provide insights into ML models that are trained to predict critical clearing time (CCT). We use SHAP to obtain explanations of location-specific ML models trained to predict CCT at each busbar on the network. This can provide unique insights into power system variables influencing the entire stability boundary under increasing system complexity and uncertainty. Subsequently, the covariance between a variable of interest and the corresponding SHAP values from each location-specific ML model – can reveal how a change in that variable impacts the stability boundary throughout the network. Such insights can inform planning and/or operational decisions. The case study provided demonstrates the method using a highly accurate opaque ML algorithm in the IEEE 39-bus test network with Type IV wind generation.","machine learning (ml) for transient stability assessment has gained traction due to the significant increase in computational requirements as renewables connect to power systems. to achieve a high degree of accuracy; black-box ml models are often required  inhibiting interpretation of predictions and consequently reducing confidence in the use of such methods. this paper proposes the use of shapley additive explanations (shap)  a unifying interpretability framework based on shapley values from cooperative game theory  to provide insights into ml models that are trained to predict critical clearing time (cct). we use shap to obtain explanations of location-specific ml models trained to predict cct at each busbar on the network. this can provide unique insights into power system variables influencing the entire stability boundary under increasing system complexity and uncertainty. subsequently, the covariance between a variable of interest and the corresponding shap values from each location-specific ml model  can reveal how a change in that variable impacts the stability boundary throughout the network. such insights can inform planning and/or operational decisions. the case study provided demonstrates the method using a highly accurate opaque ml algorithm in the ieee 39-bus test network with type iv wind generation.",FALSE,TPWRS_2000_2026_ieee.csv,Robert I. Hamilton; Panagiotis N. Papadopoulos
10.1109/TPWRS.2023.3242868,Distributed Data-Driven Optimization for Voltage Regulation in Distribution Systems,"This paper proposes a distributed data-driven optimization framework for voltage regulation in distribution systems. The recursive kernel regression and alternating direction method of multipliers (ADMM) are selected to cover the system learning and distributed optimization tasks. The proposed distributed data-driven framework is capable of having a rapid response to system or load changes while considering the operation optimality. Besides, the distributed algorithm parallels the computation tasks and reduces the computational expense of a single agent. To validate the performance of the proposed method, a hypothetical 7-Bus system and the IEEE 123-Bus system are selected to show the effectiveness of the proposed data-driven framework. According to the numerical study results, the proposed method offers great flexibility for selecting customized kernel models for different regions and can effectively improve the system voltage profile in a distributed manner.","this paper proposes a distributed data-driven optimization framework for voltage regulation in distribution systems. the recursive kernel regression and alternating direction method of multipliers (admm) are selected to cover the system learning and distributed optimization tasks. the proposed distributed data-driven framework is capable of having a rapid response to system or load changes while considering the operation optimality. besides, the distributed algorithm parallels the computation tasks and reduces the computational expense of a single agent. to validate the performance of the proposed method, a hypothetical 7-bus system and the ieee 123-bus system are selected to show the effectiveness of the proposed data-driven framework. according to the numerical study results, the proposed method offers great flexibility for selecting customized kernel models for different regions and can effectively improve the system voltage profile in a distributed manner.",FALSE,TPWRS_2000_2026_ieee.csv,Tianqi Hong; Yichen Zhang; Jianzhe Liu; Dongbo Zhao; Jing Xiong
10.1109/TPWRS.2023.3279130,Optimal Sizing and Pricing of Grid-Connected Renewable Power to Ammonia Systems Considering the Limited Flexibility of Ammonia Synthesis,"Converting renewable energy into ammonia has been recognized as a promising way to realize “green hydrogen substitution” in the chemical industry. However, renewable power to ammonia (RePtA) requires an essential investment in facilities to provide a buffer against the strong volatility of renewable energy and the limited flexibility of ammonia synthesis, which involves the three main stakeholders, namely, power, hydrogen, and ammonia. Therefore, the sizing and pricing of RePtA play a core role in balancing the interest demands of investors. This article proposes an optimal sizing and pricing method for grid-connected RePtA systems planning. First, power to ammonia (P2A) is modeled as a flexible load, especially considering the limited flexibility of ammonia synthesis, which has been verified using real dynamic regulation data. Second, the multi-investor economic (MIE) model is established considering both external and internal trading modes. Then, a two-stage decomposed sizing and pricing method is proposed to solve the problem caused by the strong coupling of planning, operation, and trading. The information gap decision theory (IGDT) method is utilized to handle the uncertainty of renewable generation. Finally, real data from a real-life system in Inner Mongolia are utilized to verify the proposed approach. The results show that the system proposed has an internal rate of return (IRR) of 8.55%, which indicates the practical feasibility of the proposed planning method.","converting renewable energy into ammonia has been recognized as a promising way to realize green hydrogen substitution in the chemical industry. however, renewable power to ammonia (repta) requires an essential investment in facilities to provide a buffer against the strong volatility of renewable energy and the limited flexibility of ammonia synthesis, which involves the three main stakeholders, namely, power, hydrogen, and ammonia. therefore, the sizing and pricing of repta play a core role in balancing the interest demands of investors. this article proposes an optimal sizing and pricing method for grid-connected repta systems planning. first, power to ammonia (p2a) is modeled as a flexible load, especially considering the limited flexibility of ammonia synthesis, which has been verified using real dynamic regulation data. second, the multi-investor economic (mie) model is established considering both external and internal trading modes. then, a two-stage decomposed sizing and pricing method is proposed to solve the problem caused by the strong coupling of planning, operation, and trading. the information gap decision theory (igdt) method is utilized to handle the uncertainty of renewable generation. finally, real data from a real-life system in inner mongolia are utilized to verify the proposed approach. the results show that the system proposed has an internal rate of return (irr) of 8.55%, which indicates the practical feasibility of the proposed planning method.",FALSE,TPWRS_2000_2026_ieee.csv,Zhipeng Yu; Jin Lin; Feng Liu; Jiarong Li; Yuxuan Zhao; Yonghua Song; Yanhua Song; Xinzhen Zhang
10.1109/TPWRS.2023.3257129,Multi-Stage Decision Rules for Power Generation & Storage Investments With Performance Guarantees,"We develop multi-stage linear decision rules (LDRs) for dynamic power system generation and energy storage investment planning under uncertainty and propose their chance-constrained optimization with performance guarantees. First, the optimized LDRs guarantee operational and carbon policy feasibility of the resulting dynamic investment plan even when the planning uncertainty distribution is ambiguous. Second, the optimized LDRs internalize the tolerance of the system planner towards the stochasticity (variance) of uncertain investment outcomes. They can eventually produce a quasi-deterministic investment plan, which is insensitive to uncertainty (as in deterministic planning) but robust to its realizations (as in stochastic planning). Last, we certify the performance of the optimized LDRs with the bound on their sub-optimality due to their linear functional form. Using this bound, we guarantee that the preference of LDRs over less restrictive – yet poorly scalable – scenario-based optimization does not lead to financial losses exceeding this bound. We use a testbed of the U.S. Southeast power system to reveal the trade-offs between the cost, stochasticity, and feasibility of LDR-based investments. We also conclude that the LDR sub-optimality depends on the amount of uncertainty and the tightness of chance constraints on operational, investment and policy variables.","we develop multi-stage linear decision rules (ldrs) for dynamic power system generation and energy storage investment planning under uncertainty and propose their chance-constrained optimization with performance guarantees. first, the optimized ldrs guarantee operational and carbon policy feasibility of the resulting dynamic investment plan even when the planning uncertainty distribution is ambiguous. second, the optimized ldrs internalize the tolerance of the system planner towards the stochasticity (variance) of uncertain investment outcomes. they can eventually produce a quasi-deterministic investment plan, which is insensitive to uncertainty (as in deterministic planning) but robust to its realizations (as in stochastic planning). last, we certify the performance of the optimized ldrs with the bound on their sub-optimality due to their linear functional form. using this bound, we guarantee that the preference of ldrs over less restrictive  yet poorly scalable  scenario-based optimization does not lead to financial losses exceeding this bound. we use a testbed of the u.s. southeast power system to reveal the trade-offs between the cost, stochasticity, and feasibility of ldr-based investments. we also conclude that the ldr sub-optimality depends on the amount of uncertainty and the tightness of chance constraints on operational, investment and policy variables.",FALSE,TPWRS_2000_2026_ieee.csv,Vladimir Dvorkin; Dharik Mallapragada; Audun Botterud
10.1109/TPWRS.2023.3248293,Analytic Deep Learning and Stepwise Integrated Gradients-Based Power System Transient Stability Preventive Control,"Trajectory sensitivity (TS) is a powerful alternative to linearize strong-nonlinear transient stability patterns. However, due to its incomplete view of an intact power system operational space, it can be readily to drive preventive control to stuck in local stationary solution. To mitigate this issue, an integrated gradient (IG)-based stepwise control method is proposed. The key idea is to develop IG to enable a control sensitivity taking both merits of local and global sensitivity, further help preventive control escape from local stationary points. Particularly, deep belief network (DBN) is firstly utilized to parameterize pattern between transient stability index (TSI) and steady-state dispatches. It is then leveraged to infer IG to linearize transient stability constraints in real-time. Interior point method is employed to solve the linearized model. A stepwise control strategy is finally proposed to adaptively tune the integrated interval of the applied IG, such that the preventive control path can be ensured to follow the trend of improving transient stability. Case studies on two benchmarks show that the proposed method outperforms traditional TS method in terms of efficiency and economy, and provides a promising way to enhance engineering sensitivity methods.","trajectory sensitivity (ts) is a powerful alternative to linearize strong-nonlinear transient stability patterns. however, due to its incomplete view of an intact power system operational space, it can be readily to drive preventive control to stuck in local stationary solution. to mitigate this issue, an integrated gradient (ig)-based stepwise control method is proposed. the key idea is to develop ig to enable a control sensitivity taking both merits of local and global sensitivity, further help preventive control escape from local stationary points. particularly, deep belief network (dbn) is firstly utilized to parameterize pattern between transient stability index (tsi) and steady-state dispatches. it is then leveraged to infer ig to linearize transient stability constraints in real-time. interior point method is employed to solve the linearized model. a stepwise control strategy is finally proposed to adaptively tune the integrated interval of the applied ig, such that the preventive control path can be ensured to follow the trend of improving transient stability. case studies on two benchmarks show that the proposed method outperforms traditional ts method in terms of efficiency and economy, and provides a promising way to enhance engineering sensitivity methods.",FALSE,TPWRS_2000_2026_ieee.csv,Youbo Liu; Tong Su; Gao Qiu; Hongjun Gao; Junyong Liu; Yue Shui
10.1109/TPWRS.2023.3253861,A Capacity Adequacy Mechanism Based on Optional Option and Its Impact on Generation Mix Equilibrium,"Due to the missing money problem, it is a challenging task to maintain generation capacity adequacy with increasing shares of zero-marginal-cost renewable energy resources. Multiple capacity adequacy mechanisms (CAMs), such as scarcity pricing, capacity payment, capacity market, and reliability option, have been proposed and implemented, each having its own pros and cons. Here, we propose a hybrid CAM called optional option. The hybrid CAM allows scarcity pricing and reliability option to co-exist. Market participants, with diverse degrees of risk aversion and diverse forecasts of future duration of scarcity, can self-select the CAM best suited to themselves. We also present a method to efficiently derive the generation mix equilibrium under the CAM, by using the theory that the profits of all generator types approach zero in the long-term equilibrium. Simulation results show that the proposed CAM enables Pareto improvement by letting market participants be better off than being restricted to only one CAM. The results also show the effectiveness of the algorithm to calculate the generation mix equilibrium.","due to the missing money problem, it is a challenging task to maintain generation capacity adequacy with increasing shares of zero-marginal-cost renewable energy resources. multiple capacity adequacy mechanisms (cams), such as scarcity pricing, capacity payment, capacity market, and reliability option, have been proposed and implemented, each having its own pros and cons. here, we propose a hybrid cam called optional option. the hybrid cam allows scarcity pricing and reliability option to co-exist. market participants, with diverse degrees of risk aversion and diverse forecasts of future duration of scarcity, can self-select the cam best suited to themselves. we also present a method to efficiently derive the generation mix equilibrium under the cam, by using the theory that the profits of all generator types approach zero in the long-term equilibrium. simulation results show that the proposed cam enables pareto improvement by letting market participants be better off than being restricted to only one cam. the results also show the effectiveness of the algorithm to calculate the generation mix equilibrium.",FALSE,TPWRS_2000_2026_ieee.csv,Jingwei Hu; Sijie Chen; Zheng Yan; Xiaoyuan Xu; Ran Li; Yue Chen
10.1109/TPWRS.2023.3258740,GRNN-Based Real-Time Fault Chain Prediction,"This paper proposes a data-driven graphical framework for the real-time search of risky cascading fault chains (${\sf FCs}$). While identifying risky ${\sf FCs}$ is pivotal to alleviating cascading failures, the complex spatio-temporal dependencies among the components of the power system render challenges to modeling and analyzing ${\sf FCs}$. Furthermore, the real-time search of risky ${\sf FCs}$ faces an inherent combinatorial complexity that grows exponentially with the size of the system. The proposed framework leverages the recent advances in graph recurrent neural networks to circumvent the computational complexities of the real-time search of ${\sf FCs}$. The search process is formalized as a partially observable Markov decision process (${\sf POMDP}$), which is subsequently solved via a time-varying graph recurrent neural network (${\sf GRNN}$) that judiciously accounts for the inherent temporal and spatial structures of the data generated by the system. The key features of this structure include (i) leveraging the spatial structure of the data induced by the system topology, (ii) leveraging the temporal structure of data induced by system dynamics, and (iii) efficiently summarizing the system's history in the latent space of the ${\sf GRNN}$. The proposed framework's efficiency is compared to the relevant literature on the IEEE 39-bus New England system and the IEEE 118-bus system.","this paper proposes a data-driven graphical framework for the real-time search of risky cascading fault chains (sf fcs). while identifying risky sf fcs is pivotal to alleviating cascading failures, the complex spatio-temporal dependencies among the components of the power system render challenges to modeling and analyzing sf fcs. furthermore, the real-time search of risky sf fcs faces an inherent combinatorial complexity that grows exponentially with the size of the system. the proposed framework leverages the recent advances in graph recurrent neural networks to circumvent the computational complexities of the real-time search of sf fcs. the search process is formalized as a partially observable markov decision process (sf pomdp), which is subsequently solved via a time-varying graph recurrent neural network (sf grnn) that judiciously accounts for the inherent temporal and spatial structures of the data generated by the system. the key features of this structure include (i) leveraging the spatial structure of the data induced by the system topology, (ii) leveraging the temporal structure of data induced by system dynamics, and (iii) efficiently summarizing the systems history in the latent space of the sf grnn. the proposed frameworks efficiency is compared to the relevant literature on the ieee 39-bus new england system and the ieee 118-bus system.",FALSE,TPWRS_2000_2026_ieee.csv,Anmol Dwivedi; Ali Tajer
10.1109/TPWRS.2023.3244919,Chance-Constrained Pre-Contingency Joint Self- Scheduling of Energy and Reserve in VPP,"With the increasing penetration of primarily inertia-less distributed energy resources, allowable delay in the fast frequency reserve provision to ensure marginal stability condition can become comparable with the requisite dead-time for fast-switching in a radial power distribution system (PDS) connected to the transmission system. Consequently, the prevailing short-duration load-generation imbalance might propagate as system-wide frequency excursion in the future power system, which traditionally has not been observed. Furthermore, during the fast-switching, some of the fast-acting reserve (FAR) providing local generators remain inaccessible to the bulk power system (BPS). This work has answered the questions of requisite reserve requirements to cater to such events through efficient energy and FAR provision joint-scheduling. Stochasticity of fast-switching, with temporary faults as a use-case, requires modeling of load-generation imbalance and local resource unavailability, vis-á-vis FAR requirement problem, as a chance-constraint. Due to the limited visibility at the BPS level, PDS operators must ensure sufficient FAR availability for a given confidence level of the chance-constraint. Individual chance-constraints are used to ensure mathematical simplicity. Here, the PDS is operated as a virtual power plant (VPP), where the operator can procure resources locally or from the wholesale market with the aim of profit maximization before the contingency occurs. Results show that FAR requirements can influence the local energy schedule and raise energy costs. Furthermore, the confidence level of the chance-constraint can impact overall profitability, and FAR should be scheduled carefully. Comparative analysis with a modified benchmark IEEE 33-node radial test system and a 98-node test system shows the superior performance of the proposed approach. The impact of the limited available FAR is also demonstrated.","with the increasing penetration of primarily inertia-less distributed energy resources, allowable delay in the fast frequency reserve provision to ensure marginal stability condition can become comparable with the requisite dead-time for fast-switching in a radial power distribution system (pds) connected to the transmission system. consequently, the prevailing short-duration load-generation imbalance might propagate as system-wide frequency excursion in the future power system, which traditionally has not been observed. furthermore, during the fast-switching, some of the fast-acting reserve (far) providing local generators remain inaccessible to the bulk power system (bps). this work has answered the questions of requisite reserve requirements to cater to such events through efficient energy and far provision joint-scheduling. stochasticity of fast-switching, with temporary faults as a use-case, requires modeling of load-generation imbalance and local resource unavailability, vis--vis far requirement problem, as a chance-constraint. due to the limited visibility at the bps level, pds operators must ensure sufficient far availability for a given confidence level of the chance-constraint. individual chance-constraints are used to ensure mathematical simplicity. here, the pds is operated as a virtual power plant (vpp), where the operator can procure resources locally or from the wholesale market with the aim of profit maximization before the contingency occurs. results show that far requirements can influence the local energy schedule and raise energy costs. furthermore, the confidence level of the chance-constraint can impact overall profitability, and far should be scheduled carefully. comparative analysis with a modified benchmark ieee 33-node radial test system and a 98-node test system shows the superior performance of the proposed approach. the impact of the limited available far is also demonstrated.",FALSE,TPWRS_2000_2026_ieee.csv,Subir Majumder; Shrikrishna A. Khaparde; Ashish Prakash Agalgaonkar; S. V. Kulkarni; Anurag K. Srivastava; Sarath Perera
10.1109/TPWRS.2023.3239793,Multiagent-Based Nonlinear Generalized Minimum Variance Control for Islanded AC Microgrids,"Voltage regulation, frequency restoration, and reactive/active power sharing are the crucial tasks of the microgrid's secondary control, especially in the islanding operating mode. Because sensors and communication links in a microgrid are subject to noise, it is of paramount value to design a noise-resilient secondary voltage and frequency control. This paper proposes a minimum variance control approach for the secondary control of AC microgrids that can effectively perform noise attenuation, voltage/frequency restoration, and reactive/active power sharing. To this end, the nonlinear generalized minimum variance (NGMV) control approach is introduced to the islanded microgrid's secondary control system. The effectiveness of the proposed control approach is verified by simulating two microgrid test systems in MATLAB.","voltage regulation, frequency restoration, and reactive/active power sharing are the crucial tasks of the microgrids secondary control, especially in the islanding operating mode. because sensors and communication links in a microgrid are subject to noise, it is of paramount value to design a noise-resilient secondary voltage and frequency control. this paper proposes a minimum variance control approach for the secondary control of ac microgrids that can effectively perform noise attenuation, voltage/frequency restoration, and reactive/active power sharing. to this end, the nonlinear generalized minimum variance (ngmv) control approach is introduced to the islanded microgrids secondary control system. the effectiveness of the proposed control approach is verified by simulating two microgrid test systems in matlab.",FALSE,TPWRS_2000_2026_ieee.csv,Seyed Iman Habibi; Mohammad Amin Sheikhi; Tohid Khalili; Seyyed Ali Ghorashi Khalil Abadi; Ali Bidram; Josep M. Guerrero
10.1109/TPWRS.2023.3239663,A Framework for Analyzing System Loadability With Multiple VSCs Using a Hybrid Model,"Due to the increasing number of power electronics-based devices in modern power systems, there are concerns about the impact of higher-frequency interactions on system stability. The typically-used algebraic representation of networks fails to capture these newly emergent issues, but dynamically modelling the entire network with differential equations will lead to a prohibitively long simulation time. This paper proposes a computationally-efficient analysis framework to determine the system loadability in power electronics-rich, large networks with the consideration of multiple types of stabilities. The framework developed in this paper identifies the critical network elements based on the eigenvalue sensitivity in order to exploit a hybrid modelling approach. Within the hybrid model, only the critical network portion is modelled dynamically with the rest of the network represented by algebraic equations. Bifurcation theory is used to simultaneously analyze both small-disturbance rotor angle and small-disturbance voltage stability. The results obtained show that the high-frequency interactions are accurately captured with the proposed framework. Additionally, applying this methodology results in a small dimension for the system matrix and a reduction in the computational burden. Two test networks, a three-bus system and the IEEE 39-bus system, are used to illustrate and verify the analysis framework.","due to the increasing number of power electronics-based devices in modern power systems, there are concerns about the impact of higher-frequency interactions on system stability. the typically-used algebraic representation of networks fails to capture these newly emergent issues, but dynamically modelling the entire network with differential equations will lead to a prohibitively long simulation time. this paper proposes a computationally-efficient analysis framework to determine the system loadability in power electronics-rich, large networks with the consideration of multiple types of stabilities. the framework developed in this paper identifies the critical network elements based on the eigenvalue sensitivity in order to exploit a hybrid modelling approach. within the hybrid model, only the critical network portion is modelled dynamically with the rest of the network represented by algebraic equations. bifurcation theory is used to simultaneously analyze both small-disturbance rotor angle and small-disturbance voltage stability. the results obtained show that the high-frequency interactions are accurately captured with the proposed framework. additionally, applying this methodology results in a small dimension for the system matrix and a reduction in the computational burden. two test networks, a three-bus system and the ieee 39-bus system, are used to illustrate and verify the analysis framework.",FALSE,TPWRS_2000_2026_ieee.csv,Youhong Chen; Robin Preece; Mike Barnes
10.1109/TPWRS.2023.3247439,Domain of Stability Characterization for Power Systems: A Novel Individual Invariance Method,"In this article, we approach the problem of stability in nonlinear systems through a new perspective that views them as a combination of individual artificial systems carefully chosen to simplify the complex structure of nonlinear systems. This is achieved by recasting nonlinear vector fields as an algebraic sum of individual vector fields for which artificial systems with known invariant sets or at least in forms that allow for tractable approximation of their invariant sets. This attempt to restructure nonlinear systems stands out in comparison to other previous attempts like Lure' systems or network based models as a purely mathematical structuring technique that transcends the physical constraints and dependencies within dynamical models and allows the user to creatively construct artificial systems with the sole focus on the overall stability. The theoretical foundation is provided for a theorem about individual invariance to relate the invariant sets of individual artificial systems to the invariant set of their original system in a way that significantly simplifies the task of approximating regions of attraction. Several examples are used to demonstrate this theorem and we also evaluate the use this theorem for the challenging power system stability problems in both AC and DC grids. The proposed method is successfully applied to the IEEE 39-bus New England system, and a DC converter with constant power load giving accurate and realistic estimations of the critical clearing time and stability regions in comparison to state of the art approaches.","in this article, we approach the problem of stability in nonlinear systems through a new perspective that views them as a combination of individual artificial systems carefully chosen to simplify the complex structure of nonlinear systems. this is achieved by recasting nonlinear vector fields as an algebraic sum of individual vector fields for which artificial systems with known invariant sets or at least in forms that allow for tractable approximation of their invariant sets. this attempt to restructure nonlinear systems stands out in comparison to other previous attempts like lure systems or network based models as a purely mathematical structuring technique that transcends the physical constraints and dependencies within dynamical models and allows the user to creatively construct artificial systems with the sole focus on the overall stability. the theoretical foundation is provided for a theorem about individual invariance to relate the invariant sets of individual artificial systems to the invariant set of their original system in a way that significantly simplifies the task of approximating regions of attraction. several examples are used to demonstrate this theorem and we also evaluate the use this theorem for the challenging power system stability problems in both ac and dc grids. the proposed method is successfully applied to the ieee 39-bus new england system, and a dc converter with constant power load giving accurate and realistic estimations of the critical clearing time and stability regions in comparison to state of the art approaches.",FALSE,TPWRS_2000_2026_ieee.csv,Surour Alaraifi; Seddik Djouadi; Mohamed Shawky El Moursi
10.1109/TPWRS.2023.3278300,DTformer: An Efficient Digital Twin Model for Loss Measurement in UHVDC Transmission Systems,"Ultra-high Voltage Direct Current system (UHVDC) can realize long distance transmission, and its loss measurement has great significance for loss reduction and fault diagnosis. Currently, loss measurements can be performed by model-driven and data-driven approaches. However, poor operating conditions can lead to system sensing errors, which can significantly reduce the accuracy and speed of measurement. To deal with this problem, we propose a digital twin architecture and constructs a data-driven learning model. The model, DTformer, is embedded in the digital twin architecture. And it has three remarkable processes: encoder-decoder based random feature extraction, loss measurement transfer learning and knowledge distillation. These processes extract parameter information and topology features from the data of UHVDC. The model has good accuracy, response time and resistance to the missing data. The comparison experiment shows that DTformer outperforms popular feature extraction models with an average decrease of 38.80% in RMSE and 42.82% in MAE, and the best R2 value is closest to 1. The analyses of lightweight and missingness show that the DTformer also has significant response time improvement and missing resistance. Finally, we also implement the visualization of digital twin to enable operators to perform monitoring, computation, analysis and management of UHVDC.","ultra-high voltage direct current system (uhvdc) can realize long distance transmission, and its loss measurement has great significance for loss reduction and fault diagnosis. currently, loss measurements can be performed by model-driven and data-driven approaches. however, poor operating conditions can lead to system sensing errors, which can significantly reduce the accuracy and speed of measurement. to deal with this problem, we propose a digital twin architecture and constructs a data-driven learning model. the model, dtformer, is embedded in the digital twin architecture. and it has three remarkable processes: encoder-decoder based random feature extraction, loss measurement transfer learning and knowledge distillation. these processes extract parameter information and topology features from the data of uhvdc. the model has good accuracy, response time and resistance to the missing data. the comparison experiment shows that dtformer outperforms popular feature extraction models with an average decrease of 38.80% in rmse and 42.82% in mae, and the best r2 value is closest to 1. the analyses of lightweight and missingness show that the dtformer also has significant response time improvement and missing resistance. finally, we also implement the visualization of digital twin to enable operators to perform monitoring, computation, analysis and management of uhvdc.",FALSE,TPWRS_2000_2026_ieee.csv,Yufeng Sun; Ying Shi; Qin Hu; Changjun Xie; Tao Su
10.1109/TPWRS.2023.3288887,Combined Data-Driven and Model-Driven Location of Lightning Strikes: Application to Meshed HVDC Grids,"This article addresses the low-delay location of faults due to lightning strikes using single-ended measurements in High Voltage Direct Current (HVDC) grids. A combined data-driven and model-driven approach is used to estimate the fault location iteratively. No prior knowledge of the voltage evolution at the fault location is required. Once the first wavefront due to a fault is detected at some observation location of the HVDC grid, the measurements are fed to a model of the propagation of transient waves along the lines. The model is parameterized by the estimated fault location. As a result, a model of the waveform samples starting from the second wavefront is obtained. The measured and modeled waveform samples are then compared to update the estimate of the fault location. The performance of the proposed approach is evaluated via simulations, including field measurements of lightning currents. Typical location accuracy of 300 m is obtained by considering observations performed at 1 MHz over an observation time interval of less than 1.5 ms.","this article addresses the low-delay location of faults due to lightning strikes using single-ended measurements in high voltage direct current (hvdc) grids. a combined data-driven and model-driven approach is used to estimate the fault location iteratively. no prior knowledge of the voltage evolution at the fault location is required. once the first wavefront due to a fault is detected at some observation location of the hvdc grid, the measurements are fed to a model of the propagation of transient waves along the lines. the model is parameterized by the estimated fault location. as a result, a model of the waveform samples starting from the second wavefront is obtained. the measured and modeled waveform samples are then compared to update the estimate of the fault location. the performance of the proposed approach is evaluated via simulations, including field measurements of lightning currents. typical location accuracy of 300 m is obtained by considering observations performed at 1 mhz over an observation time interval of less than 1.5 ms.",FALSE,TPWRS_2000_2026_ieee.csv,Paul Verrax; Michel Kieffer; Louis Milhiet; Bertrand Raison
10.1109/TPWRS.2023.3236397,Computational Performance Enhancement Strategies for Risk-Averse Two-Stage Stochastic Generation and Transmission Network Expansion Planning,"This paper proposes a new acceleration technique and a representative day aggregation procedure for the risk-averse two-stage stochastic generation and transmission network expansion planning problem, in which the conditional value-at-risk is used. We use a finite set of scenarios to model uncertainty in the peak demand level of loads, along with the capacity and marginal production cost of generating units. Moreover, we use representative days to model the operational variability of the electrical demand and renewable generation. The combination of scenarios and representative days involves many variables and constraints, which may lead to computationally intractable problems. Therefore, we propose a new relaxed version of the constraint generation-based algorithm that reduces the computational time of the problem. We additionally present a two-stage aggregation procedure that combines the modified maximum dissimilarity algorithm and the priority chronological time-period clustering in order to reduce the resolution of the representative days and to pay attention to extreme conditions. The numerical results of modified versions of the IEEE 24-bus Reliability Test System and the IEEE 118-bus Test System show reductions in the computational time of more than 89% for the relaxed constraint generation-based algorithm, and of more than 94% for the two-stage aggregation procedure.","this paper proposes a new acceleration technique and a representative day aggregation procedure for the risk-averse two-stage stochastic generation and transmission network expansion planning problem, in which the conditional value-at-risk is used. we use a finite set of scenarios to model uncertainty in the peak demand level of loads, along with the capacity and marginal production cost of generating units. moreover, we use representative days to model the operational variability of the electrical demand and renewable generation. the combination of scenarios and representative days involves many variables and constraints, which may lead to computationally intractable problems. therefore, we propose a new relaxed version of the constraint generation-based algorithm that reduces the computational time of the problem. we additionally present a two-stage aggregation procedure that combines the modified maximum dissimilarity algorithm and the priority chronological time-period clustering in order to reduce the resolution of the representative days and to pay attention to extreme conditions. the numerical results of modified versions of the ieee 24-bus reliability test system and the ieee 118-bus test system show reductions in the computational time of more than 89% for the relaxed constraint generation-based algorithm, and of more than 94% for the two-stage aggregation procedure.",FALSE,TPWRS_2000_2026_ieee.csv,Álvaro García-Cerezo; Raquel García-Bertrand; Luis Baringo
10.1109/TPWRS.2023.3286459,A Novel Decentralized Frequency Regulation Method of Renewable Energy Stations Based on Minimum Reserve Capacity for Renewable Energy-Dominated Power Systems,"In this article, we propose a novel decentralized frequency regulation method for renewable energy-dominated power systems. First, the system is modularized into unified frequency regulation modules composed of synchronous generators(SGs) and renewable energy stations. Then, based on the aggregation model of the module, a renewable energy station frequency regulation method based on robust control barrier functions(RCBFs) is proposed to ensure that the frequency deviation is limited, and an additional switching control strategy is complemented to avoid the long-term suspension of over-high quasi-steady-state frequency. The proposed method is still applicable under the coordination of multiple renewable energy stations. Each renewable energy station deploys decentralized control based on local information, which can support fast frequency response. The robustness of frequency response time constants of renewable energy stations and frequency dead zone are considered, which makes the control method easy to implement. A module transient frequency stability margin index based on reserve capacity is proposed, which can be used to guide the system planning and operation. Finally, simulation results validate the applicability of the proposed method, demonstrating its efficacy in regulating frequency in renewable energy-dominated power systems.","in this article, we propose a novel decentralized frequency regulation method for renewable energy-dominated power systems. first, the system is modularized into unified frequency regulation modules composed of synchronous generators(sgs) and renewable energy stations. then, based on the aggregation model of the module, a renewable energy station frequency regulation method based on robust control barrier functions(rcbfs) is proposed to ensure that the frequency deviation is limited, and an additional switching control strategy is complemented to avoid the long-term suspension of over-high quasi-steady-state frequency. the proposed method is still applicable under the coordination of multiple renewable energy stations. each renewable energy station deploys decentralized control based on local information, which can support fast frequency response. the robustness of frequency response time constants of renewable energy stations and frequency dead zone are considered, which makes the control method easy to implement. a module transient frequency stability margin index based on reserve capacity is proposed, which can be used to guide the system planning and operation. finally, simulation results validate the applicability of the proposed method, demonstrating its efficacy in regulating frequency in renewable energy-dominated power systems.",FALSE,TPWRS_2000_2026_ieee.csv,Mengjun Wang; Jianbo Guo; Shicong Ma; Xi Zhang; Tiezhu Wang; Kui Luo
10.1109/TPWRS.2023.3277076,Deep Transfer Learning Based Surrogate Modeling for Optimal Investment Decision of Distribution Networks,"At present, the distribution network investment is faced with complicated operation strategies and various new investment elements. It's difficult to evaluate the impact of different investment measures on the final benefits due to the complicated physical modeling and potential coupling correlation, which contributes to that the traditional model-driven decision-making method may not work. This paper proposes a novel deep transfer learning based surrogate-assisted method to address the challenge. The key idea is to develop a surrogate model to replace the input-output correlation between the certain investment measure and its benefits, which can be further reformulated into mixed-integer linear constraints and embedded into the classical investment decision-making model for the target distribution network. As the model is trained through a designed two-stage adaptive transfer learning algorithm, which can extract the similar rules from other distribution networks, the dilemma of insufficient effective samples is alleviated, while a neural network constrained algorithm is designed to linear the surrogate model for simplifying the optimization. Numerical cases prove the effectiveness of the surrogate model on correlation mining and show the superiority of the surrogate-assisted method in achieving the precision investment for target distribution network.","at present, the distribution network investment is faced with complicated operation strategies and various new investment elements. its difficult to evaluate the impact of different investment measures on the final benefits due to the complicated physical modeling and potential coupling correlation, which contributes to that the traditional model-driven decision-making method may not work. this paper proposes a novel deep transfer learning based surrogate-assisted method to address the challenge. the key idea is to develop a surrogate model to replace the input-output correlation between the certain investment measure and its benefits, which can be further reformulated into mixed-integer linear constraints and embedded into the classical investment decision-making model for the target distribution network. as the model is trained through a designed two-stage adaptive transfer learning algorithm, which can extract the similar rules from other distribution networks, the dilemma of insufficient effective samples is alleviated, while a neural network constrained algorithm is designed to linear the surrogate model for simplifying the optimization. numerical cases prove the effectiveness of the surrogate model on correlation mining and show the superiority of the surrogate-assisted method in achieving the precision investment for target distribution network.",FALSE,TPWRS_2000_2026_ieee.csv,Jianping Yang; Yue Xiang
10.1109/TPWRS.2023.3281498,"Deep Learning-Based Equivalent Modelling of Hybrid RES Plant for Efficient, Repetitive Power System Transient Stability Studies","The article presents the methodology for dynamic equivalent modelling of hybrid renewable energy source (HRES) plant with the aim of obtaining highly accurate time domain HRES plant power responses at any time during the year. The focus is on equivalent modelling for transient stability studies. Historical HRES plant production dataset and transmission network short-circuit fault statistical data, along with unsupervised data mining and deep learning techniques, represent a basis of the modelling procedure. Dynamic equivalent model (DEM) is developed in the form of deep Long Short Term Memory network. Real and imaginary parts of voltage at the point of common coupling (PCC) are model inputs, while real and reactive power at the PCC are model outputs. The article also proposes a practical approach for selecting the adequate DEM at any time in a year based on the forecasted HRES plant operating scenario only. Model performance is evaluated on a large number of case studies using the HRES plant consisting of three renewable energy sources. The results have shown that only a few DEMs are required for representing the annual HRES plant dynamic performance and obtaining reliable transient system stability results.","the article presents the methodology for dynamic equivalent modelling of hybrid renewable energy source (hres) plant with the aim of obtaining highly accurate time domain hres plant power responses at any time during the year. the focus is on equivalent modelling for transient stability studies. historical hres plant production dataset and transmission network short-circuit fault statistical data, along with unsupervised data mining and deep learning techniques, represent a basis of the modelling procedure. dynamic equivalent model (dem) is developed in the form of deep long short term memory network. real and imaginary parts of voltage at the point of common coupling (pcc) are model inputs, while real and reactive power at the pcc are model outputs. the article also proposes a practical approach for selecting the adequate dem at any time in a year based on the forecasted hres plant operating scenario only. model performance is evaluated on a large number of case studies using the hres plant consisting of three renewable energy sources. the results have shown that only a few dems are required for representing the annual hres plant dynamic performance and obtaining reliable transient system stability results.",FALSE,TPWRS_2000_2026_ieee.csv,Ana Radovanović; Jovica V. Milanović
10.1109/TPWRS.2023.3303206,Robust Synchronization of Multiple Converter-Based Weak Microgrids for Smooth Interconnection,"Integrating distributed energy resources (DERs) to the conventional distribution networks results in the appearance of the concept of microgrid (MG), i.e. a set of DERs and consumers, which can be operated autonomously or in grid-connected mode. The challenge of weak converter-based MGs is taken into account in the synchronization problem of multiple MGs. Such a synchronization process is fully related to the voltage phase and magnitude of the connection points as well as the MG frequency. Therefore, the voltage/frequency fluctuations of MGs have a considerable impact on the synchronization process. In this article, a robust $H_\infty$ controller is proposed for the synchronization process of multiple MGs as very weak grids to cope with these fluctuations and to obtain a smooth interconnection. The disturbances and uncertainties of the weak voltage and frequency are considered in the robust control synthesis, and the controller design process is completely described including parametric/unstructured uncertainty modeling, open/closed-loop modeling, and stability/performance weighting coefficient specifying. Moreover, all requirements of the synchronization procedure and control layer functionalities of MG hierarchical control, where they are fulfilled, are discussed including logic commands, control and communication signals. Time-domain simulations show a desirable performance according to design of the proposed robust synchronization control strategy.","integrating distributed energy resources (ders) to the conventional distribution networks results in the appearance of the concept of microgrid (mg), i.e. a set of ders and consumers, which can be operated autonomously or in grid-connected mode. the challenge of weak converter-based mgs is taken into account in the synchronization problem of multiple mgs. such a synchronization process is fully related to the voltage phase and magnitude of the connection points as well as the mg frequency. therefore, the voltage/frequency fluctuations of mgs have a considerable impact on the synchronization process. in this article, a robust hinfty controller is proposed for the synchronization process of multiple mgs as very weak grids to cope with these fluctuations and to obtain a smooth interconnection. the disturbances and uncertainties of the weak voltage and frequency are considered in the robust control synthesis, and the controller design process is completely described including parametric/unstructured uncertainty modeling, open/closed-loop modeling, and stability/performance weighting coefficient specifying. moreover, all requirements of the synchronization procedure and control layer functionalities of mg hierarchical control, where they are fulfilled, are discussed including logic commands, control and communication signals. time-domain simulations show a desirable performance according to design of the proposed robust synchronization control strategy.",FALSE,TPWRS_2000_2026_ieee.csv,Mobin Naderi; Yousef Khayat; Qobad Shafiee; Frede Blaabjerg; Hassan Bevrani
10.1109/TPWRS.2023.3286173,Uncertainty Quantification of Capacitor Switching Transient Location Using Machine Learning,"Identification of capacitor switching transient location provides valuable insight into the state of the associated equipment. Machine learning (ML) models, and convolutional neural networks (CNNs) in particular, have demonstrated remarkable performance in signal location. However, ML models are data driven whose predictions are affected by noise in data and may also suffer from large extrapolation errors when applied to new conditions. Uncertainty quantification (UQ) is necessary to ensure model trustworthiness and avoid overconfident predictions in extrapolation. In this work, we propose a novel UQ method, called PI3NN, to quantify prediction uncertainty of ML models and integrate the method with CNNs for transient source location. PI3NN calculates Prediction Intervals by training 3 Neural Networks and uses root-finding methods to determine the interval precisely. Additionally, PI3NN can identify out-of-distribution (OOD) data in a nonstationary condition to avoid overconfident prediction. Results indicate that with PI3NN, transient signals are not only correctly identified, but when said signals are subject to corruptions characteristic of an actual power monitoring system (e.g non-ideal sensors), the model recognizes when it is uncertain about its predictions, effectively letting the user know when to accept or discard the results.","identification of capacitor switching transient location provides valuable insight into the state of the associated equipment. machine learning (ml) models, and convolutional neural networks (cnns) in particular, have demonstrated remarkable performance in signal location. however, ml models are data driven whose predictions are affected by noise in data and may also suffer from large extrapolation errors when applied to new conditions. uncertainty quantification (uq) is necessary to ensure model trustworthiness and avoid overconfident predictions in extrapolation. in this work, we propose a novel uq method, called pi3nn, to quantify prediction uncertainty of ml models and integrate the method with cnns for transient source location. pi3nn calculates prediction intervals by training 3 neural networks and uses root-finding methods to determine the interval precisely. additionally, pi3nn can identify out-of-distribution (ood) data in a nonstationary condition to avoid overconfident prediction. results indicate that with pi3nn, transient signals are not only correctly identified, but when said signals are subject to corruptions characteristic of an actual power monitoring system (e.g non-ideal sensors), the model recognizes when it is uncertain about its predictions, effectively letting the user know when to accept or discard the results.",FALSE,TPWRS_2000_2026_ieee.csv,Aaron J. Wilson; Hoang A. Tran; Dan Lu
10.1109/TPWRS.2023.3257259,Online Preventive Control for Transmission Overload Relief Using Safe Reinforcement Learning With Enhanced Spatial-Temporal Awareness,"The risk of transmission overload (TO) in power grids is increasing with the large-scale integration of intermittent renewable energy sources. An effective online preventive control schemes proves to be vital in safeguarding the security of power systems. In this paper, we formulate the online preventive control problem for TO alleviation as a constrained Markov decision process (CMDP), targeted to reduce the load rate of overloaded lines by implementing generation re-dispatch, transmission and busbar switching actions. The CMDP is solved with a state-of-the-art safe deep reinforcement learning method, based on the computationally efficient interior-point policy optimization (IPO), which facilitates desirable learning behavior towards constraint satisfaction and policy improvement simultaneously. The performance of IPO method is further improved with an enhanced perception of spatial-temporal correlations in power gird nodal and edge features, combining the strength of edge conditioned convolutional network and long short-term memory network, fostering more effective and robust preventive control policies to be devised. Case studies on a real-world system and a large-scale system validate the superior performance of the proposed method in TO alleviation, constraint handling, uncertainty adaptability and stability preservation, as well as its favorable computational performance, through benchmarking against both model-based and reinforcement learning-based baseline methods.","the risk of transmission overload (to) in power grids is increasing with the large-scale integration of intermittent renewable energy sources. an effective online preventive control schemes proves to be vital in safeguarding the security of power systems. in this paper, we formulate the online preventive control problem for to alleviation as a constrained markov decision process (cmdp), targeted to reduce the load rate of overloaded lines by implementing generation re-dispatch, transmission and busbar switching actions. the cmdp is solved with a state-of-the-art safe deep reinforcement learning method, based on the computationally efficient interior-point policy optimization (ipo), which facilitates desirable learning behavior towards constraint satisfaction and policy improvement simultaneously. the performance of ipo method is further improved with an enhanced perception of spatial-temporal correlations in power gird nodal and edge features, combining the strength of edge conditioned convolutional network and long short-term memory network, fostering more effective and robust preventive control policies to be devised. case studies on a real-world system and a large-scale system validate the superior performance of the proposed method in to alleviation, constraint handling, uncertainty adaptability and stability preservation, as well as its favorable computational performance, through benchmarking against both model-based and reinforcement learning-based baseline methods.",FALSE,TPWRS_2000_2026_ieee.csv,Han Cui; Yujian Ye; Jianxiong Hu; Yi Tang; Zizhao Lin; Goran Strbac
10.1109/TPWRS.2023.3241307,Risk Assessment of Post-Fault Temporary Overvoltage Using Generalized Short-Circuit Ratio,"Temporary overvoltage (TOV) is becoming one challenge for the integration of significant power electronics resources into a power system. To assess the risk of TOV in a Multi-Infeed Power Electronic System (MIPES), a worst-case estimation approach is proposed to assess TOV risk. The paper starts with analyzing the mechanism of TOV, which reveals that TOV is dominated by excessive reactive power resulting from comprehensive control laggings. Then, the principle of approximating the TOV for a Voltage Source Converter (VSC) connecting to an infinite bus is introduced within the context of the RMS model. After that, a method based on the concept of generalized short-circuit ratio for overvoltage (gSCR-TOV) is introduced to quantify the risk of TOV in a multi-bus system. This concept intends to permit screening to identify those nodes at greatest need for further EMT assessment. To localize these nodes, a concept of weighted sensitivity matrix is further proposed to pinpoint the bus subject to highest TOV in a MIPES. Finally, case studies of EMT time-domain simulations are carried out and verifies the effectiveness of the proposed methods.","temporary overvoltage (tov) is becoming one challenge for the integration of significant power electronics resources into a power system. to assess the risk of tov in a multi-infeed power electronic system (mipes), a worst-case estimation approach is proposed to assess tov risk. the paper starts with analyzing the mechanism of tov, which reveals that tov is dominated by excessive reactive power resulting from comprehensive control laggings. then, the principle of approximating the tov for a voltage source converter (vsc) connecting to an infinite bus is introduced within the context of the rms model. after that, a method based on the concept of generalized short-circuit ratio for overvoltage (gscr-tov) is introduced to quantify the risk of tov in a multi-bus system. this concept intends to permit screening to identify those nodes at greatest need for further emt assessment. to localize these nodes, a concept of weighted sensitivity matrix is further proposed to pinpoint the bus subject to highest tov in a mipes. finally, case studies of emt time-domain simulations are carried out and verifies the effectiveness of the proposed methods.",FALSE,TPWRS_2000_2026_ieee.csv,Huanhai Xin; Xinyu Liu; Di Zheng; Dong Chen; Yuhan Zhou; Benjamin Marshall
10.1109/TPWRS.2023.3266369,Forwardformer: Efficient Transformer With Multi-Scale Forward Self-Attention for Day-Ahead Load Forecasting,"Accurate load forecasting can maintain the safety and stability of power grids. The mainstream models are based on complex recurrent or convolutional neural networks (RNNs, CNNs), and in recent years they are often used in combination with the attention mechanism. The shortcomings of these models are that they cannot get rid of sequential computation and fail to capture long-term dependence. For better application in day-ahead load forecasting (DALF), we propose a new network architecture, i.e., Forwardformer, which is implemented by imposing some effective improvements on the Transformer (a pioneering network model with applications in Natural Language Processing (NLP)). The core of Forwardformer is the multi-scale forward self-attention (MSFSA) and the correction structure of the encoder-dual decoder, which confer better computational efficiency and forecasting accuracy. Meanwhile, to improve forecasting accuracy on special days (weekends, holidays, etc.), the MSFSA configures dilated attention and global attention for them, respectively. Experiments performed on datasets from China and America demonstrated that the Forwardformer requires less runtime while being superior in forecasting accuracy. Especially in terms of weekends and holidays, it has outstanding advantages and provides a new solution to the DALF problem.","accurate load forecasting can maintain the safety and stability of power grids. the mainstream models are based on complex recurrent or convolutional neural networks (rnns, cnns), and in recent years they are often used in combination with the attention mechanism. the shortcomings of these models are that they cannot get rid of sequential computation and fail to capture long-term dependence. for better application in day-ahead load forecasting (dalf), we propose a new network architecture, i.e., forwardformer, which is implemented by imposing some effective improvements on the transformer (a pioneering network model with applications in natural language processing (nlp)). the core of forwardformer is the multi-scale forward self-attention (msfsa) and the correction structure of the encoder-dual decoder, which confer better computational efficiency and forecasting accuracy. meanwhile, to improve forecasting accuracy on special days (weekends, holidays, etc.), the msfsa configures dilated attention and global attention for them, respectively. experiments performed on datasets from china and america demonstrated that the forwardformer requires less runtime while being superior in forecasting accuracy. especially in terms of weekends and holidays, it has outstanding advantages and provides a new solution to the dalf problem.",FALSE,TPWRS_2000_2026_ieee.csv,Kai Qu; Gangquan Si; Zihan Shan; Qianyue Wang; Xiaoliang Liu; Chen Yang
10.1109/TPWRS.2023.3288018,Equivalence of Impedance Participation Analysis Methods for Hybrid AC/DC Power Systems,"Participation analysis based on whole-system impedance models enables the root-cause stability analysis of large-scale power systems when state-space models are unavailable. To extend participation analysis to the hybrid AC/DC system, especially for the interlinking converter, this article proposes two complementary methods, namely the direct method and the indirect method. The direct method treats the interlinking converter as hybrid AC-DC port apparatus and the participation factor can be defined with the terminal hybrid AC-DC impedance matrix correspondingly. As for the indirect method, system equivalence can be made at the AC or DC terminal of the interlinking converter when impedance models within subsystems are unavailable such that preliminary knowledge of systems can be simplified. Importantly, the equivalence of these two methods on the observability of system components is revealed through theoretical analysis. The proposed impedance participation analysis methods are illustrated with a 4-bus hybrid AC/DC system, a modified 28-bus hybrid AC/DC system and a modified 96-bus hybrid AC/DC system. Numerical calculations and time-domain simulations are performed to validate the theoretical analysis.","participation analysis based on whole-system impedance models enables the root-cause stability analysis of large-scale power systems when state-space models are unavailable. to extend participation analysis to the hybrid ac/dc system, especially for the interlinking converter, this article proposes two complementary methods, namely the direct method and the indirect method. the direct method treats the interlinking converter as hybrid ac-dc port apparatus and the participation factor can be defined with the terminal hybrid ac-dc impedance matrix correspondingly. as for the indirect method, system equivalence can be made at the ac or dc terminal of the interlinking converter when impedance models within subsystems are unavailable such that preliminary knowledge of systems can be simplified. importantly, the equivalence of these two methods on the observability of system components is revealed through theoretical analysis. the proposed impedance participation analysis methods are illustrated with a 4-bus hybrid ac/dc system, a modified 28-bus hybrid ac/dc system and a modified 96-bus hybrid ac/dc system. numerical calculations and time-domain simulations are performed to validate the theoretical analysis.",FALSE,TPWRS_2000_2026_ieee.csv,Qipeng Zheng; Fei Gao; Yitong Li; Yue Zhu; Yunjie Gu
10.1109/TPWRS.2023.3270863,Distributed Fixed-Time Transient Stability Control Scheme for Power Systems With Heterogeneous Dynamics,"To address the obstacles of frequency synchronization and phase angle cohesion caused by heterogeneity in generator dynamics, a distributed hierarchical fixed-time frequency control framework is devised in this paper to enhance transient stability. In the top interaction observer layer, a distributed homogeneous observer is designed for each follower generator to guarantee the follower's estimation states reach the expected leader's states based on Lyapunov and fixed-time theories. In the bottom local controller layer, based on fixed-time control and backstepping method, different controllers are constructed for follower generators with heterogeneous dynamics to make the follower's actual states track their estimation states. In addition, denial-of-service (DoS) attacks may block information transmission required by the distributed control and endanger system stability. The proposed distributed frequency control can be transformed into local frequency control to achieve self-defense against DoS attacks. According to direct feedback linearization, the nonlinear voltage control coordinated with the proposed distributed fixed-time frequency control is designed to enhance transient stability by imposing additional damping. Simulations confirm the efficiency of the proposed transient stability control scheme of power systems with heterogenous generator dynamics.","to address the obstacles of frequency synchronization and phase angle cohesion caused by heterogeneity in generator dynamics, a distributed hierarchical fixed-time frequency control framework is devised in this paper to enhance transient stability. in the top interaction observer layer, a distributed homogeneous observer is designed for each follower generator to guarantee the followers estimation states reach the expected leaders states based on lyapunov and fixed-time theories. in the bottom local controller layer, based on fixed-time control and backstepping method, different controllers are constructed for follower generators with heterogeneous dynamics to make the followers actual states track their estimation states. in addition, denial-of-service (dos) attacks may block information transmission required by the distributed control and endanger system stability. the proposed distributed frequency control can be transformed into local frequency control to achieve self-defense against dos attacks. according to direct feedback linearization, the nonlinear voltage control coordinated with the proposed distributed fixed-time frequency control is designed to enhance transient stability by imposing additional damping. simulations confirm the efficiency of the proposed transient stability control scheme of power systems with heterogenous generator dynamics.",FALSE,TPWRS_2000_2026_ieee.csv,Qi Geng; Huadong Sun; Xiaoxin Zhou
10.1109/TPWRS.2023.3238409,Network Robustness Based Transient Stability Optimisation via Scheduling and Switching,"Security and transient stability (TS) constrained OPFs do not include network switching and often require excessive computation time due to discretization of the TS model. This paper proposes a non-simulation methodology to optimize active power dispatching and network switching to ensure TS and system security in the preventive control mode. Network switching is introduced in the security constrained OPF and classical TS models, giving a general dynamic security and TS constrained OPF. To ensure TS constraints are manageable in the optimization framework, TS is assessed by using proposed non-simulation based proxy measures. To this end, the key factors impacting TS are investigated and new composite robustness metrics for TS assessment are proposed; they consist of two terms, the nodal and network topology metrics. The former models generator features just before a fault, whilst the second considers impact of a fault on units. The general problem is then decomposed into two stages, the first being economic dispatching and the second optimization of network topology for TS via developed network robustness metrics. The minimum cost topology solutions are ranked by the TS performance. The proposed approach is tested on the IEEE68 Bus test system and compared with time-domain TS results.","security and transient stability (ts) constrained opfs do not include network switching and often require excessive computation time due to discretization of the ts model. this paper proposes a non-simulation methodology to optimize active power dispatching and network switching to ensure ts and system security in the preventive control mode. network switching is introduced in the security constrained opf and classical ts models, giving a general dynamic security and ts constrained opf. to ensure ts constraints are manageable in the optimization framework, ts is assessed by using proposed non-simulation based proxy measures. to this end, the key factors impacting ts are investigated and new composite robustness metrics for ts assessment are proposed; they consist of two terms, the nodal and network topology metrics. the former models generator features just before a fault, whilst the second considers impact of a fault on units. the general problem is then decomposed into two stages, the first being economic dispatching and the second optimization of network topology for ts via developed network robustness metrics. the minimum cost topology solutions are ranked by the ts performance. the proposed approach is tested on the ieee68 bus test system and compared with time-domain ts results.",FALSE,TPWRS_2000_2026_ieee.csv,Jaime Triviño; Victor Levi; Juan D. Morales; Robin Preece; Jovica V. Milanović
10.1109/TPWRS.2023.3268246,Evaluation of Grid Support Capacity From Electrified Railways,"High power level and temporal operation flexibility endow electric trains with great potential for improving grid resilience. It becomes crucial to quantify the grid support capacity (GSC) from large-scale electrified railways. This article innovatively proposes a hierarchical train coordination and trajectory regulation method to evaluate and deliver the GSC from electrified railways. In the light of the mechanical energy consumption analysis of train running, the energy-oriented train operation model is proposed to avoid the nonlinear differential dynamics of train kinetics when coordinating large-scale trains. Then the aggregation and disaggregation of trains for grid support can be formulated as linear and convex quadratic programming problems respectively. To closely follow the reference power and enhance the feasibility of train operation, a novel iterative discretization approach is proposed to generate the precise reference trajectory. A sliding mode controller with disturbance bound adaption is devised to overcome the modeling errors and disturbances when deploying GSC in realistic environment. Comprehensive numerical examples verify the effectiveness of the proposed scheme, and demonstrate the significant grid support potential from collaborative electrified railways.","high power level and temporal operation flexibility endow electric trains with great potential for improving grid resilience. it becomes crucial to quantify the grid support capacity (gsc) from large-scale electrified railways. this article innovatively proposes a hierarchical train coordination and trajectory regulation method to evaluate and deliver the gsc from electrified railways. in the light of the mechanical energy consumption analysis of train running, the energy-oriented train operation model is proposed to avoid the nonlinear differential dynamics of train kinetics when coordinating large-scale trains. then the aggregation and disaggregation of trains for grid support can be formulated as linear and convex quadratic programming problems respectively. to closely follow the reference power and enhance the feasibility of train operation, a novel iterative discretization approach is proposed to generate the precise reference trajectory. a sliding mode controller with disturbance bound adaption is devised to overcome the modeling errors and disturbances when deploying gsc in realistic environment. comprehensive numerical examples verify the effectiveness of the proposed scheme, and demonstrate the significant grid support potential from collaborative electrified railways.",FALSE,TPWRS_2000_2026_ieee.csv,Zihan He; Can Wan; Hui Liu; Ping Ju
10.1109/TPWRS.2023.3258066,Non-Iterative Solution for Coordinated Optimal Dispatch via Equivalent Projection—Part I: Theory,"Coordinated optimal dispatch is of utmost importance for the efficient and secure operation of hierarchically structured power systems. Conventional coordinated optimization methods, such as the Lagrangian relaxation and Benders decomposition, require iterative information exchange among subsystems. Iterative coordination methods have drawbacks including slow convergence, risk of oscillation and divergence, and incapability of multi-level optimization problems. To this end, this paper aims at the non-iterative coordinated optimization method for hierarchical power systems. The theory of the equivalent projection (EP) is proposed, which makes external equivalence of the optimal dispatch model of the subsystem. Based on the EP theory, a coordinated optimization framework is developed, where each subsystem submits the EP model as a substitute for its original model to participate in the cross-system coordination. The proposed coordination framework is proven to guarantee the same optimality as the joint optimization, with additional benefits of avoiding iterative information exchange, protecting privacy, compatibility with practical dispatch scheme, and capability of multi-level problems.","coordinated optimal dispatch is of utmost importance for the efficient and secure operation of hierarchically structured power systems. conventional coordinated optimization methods, such as the lagrangian relaxation and benders decomposition, require iterative information exchange among subsystems. iterative coordination methods have drawbacks including slow convergence, risk of oscillation and divergence, and incapability of multi-level optimization problems. to this end, this paper aims at the non-iterative coordinated optimization method for hierarchical power systems. the theory of the equivalent projection (ep) is proposed, which makes external equivalence of the optimal dispatch model of the subsystem. based on the ep theory, a coordinated optimization framework is developed, where each subsystem submits the ep model as a substitute for its original model to participate in the cross-system coordination. the proposed coordination framework is proven to guarantee the same optimality as the joint optimization, with additional benefits of avoiding iterative information exchange, protecting privacy, compatibility with practical dispatch scheme, and capability of multi-level problems.",FALSE,TPWRS_2000_2026_ieee.csv,Zhenfei Tan; Zheng Yan; Haiwang Zhong; Qing Xia
10.1109/TPWRS.2023.3272528,Nonlinear Backstepping Control of Grid-Forming Converters in Presence of Grid-Following Converters and Synchronous Generators,"Grids in near future are going to host synchronous generators (SGs), legacy grid-following converters (GFLCs), and relatively new grid-forming converters (GFCs), where the latter two technologies support converter-interfaced generations. This change is going to introduce new challenges – one of them is the dc-link voltage collapse issue in GFCs following the outage of a generator. As a solution, this paper proposes a nonlinear backstepping control strategy that guarantees Lyapunov stability of a reduced-order model of such systems. To this end, first a reduced model of a 6-bus system with one GFC, one GFLC, and one SG is considered to develop fundamental understanding of such systems and derive a stabilizing control strategy. Then, based on certain observations, the simplified model is extended to a multimachine system, which in turn helps developing the nonlinear control strategy in presence of bounded uncertainties. Further, a dc-link voltage tracking control is introduced to ensure controllable frequency support from GFCs. The proposed controller is decentralized in nature and requires limited communication only if neighboring buses have GFCs and/or GFLCs. Detailed phasor models of the 6-bus system and the modified 68-bus New England-New York system with 2 GFCs and 2 GFLCs are used to demonstrate the effectiveness of the proposed control strategies.","grids in near future are going to host synchronous generators (sgs), legacy grid-following converters (gflcs), and relatively new grid-forming converters (gfcs), where the latter two technologies support converter-interfaced generations. this change is going to introduce new challenges  one of them is the dc-link voltage collapse issue in gfcs following the outage of a generator. as a solution, this paper proposes a nonlinear backstepping control strategy that guarantees lyapunov stability of a reduced-order model of such systems. to this end, first a reduced model of a 6-bus system with one gfc, one gflc, and one sg is considered to develop fundamental understanding of such systems and derive a stabilizing control strategy. then, based on certain observations, the simplified model is extended to a multimachine system, which in turn helps developing the nonlinear control strategy in presence of bounded uncertainties. further, a dc-link voltage tracking control is introduced to ensure controllable frequency support from gfcs. the proposed controller is decentralized in nature and requires limited communication only if neighboring buses have gfcs and/or gflcs. detailed phasor models of the 6-bus system and the modified 68-bus new england-new york system with 2 gfcs and 2 gflcs are used to demonstrate the effectiveness of the proposed control strategies.",FALSE,TPWRS_2000_2026_ieee.csv,Lilan Karunaratne; Nilanjan Ray Chaudhuri; Amirthagunaraj Yogarathnam; Meng Yue
10.1109/TPWRS.2023.3266229,Distributed Event-Triggered Control for Power Sharing in Grid-Connected AC Microgrid,"The traditional communication method will bring a heavy burden to the grid system in the distributed collaborative control of microgrids. In grid-connected ac microgrid, this paper adopts an event-triggered control method to resolve the power sharing problem and reduce the communication cost. To begin, the problem is stated as the control problem of a leader-follower multiagent system and uses a distributed hierarchical control strategy to solve it. The primary controller uses the internal model principle to control the voltage output. To optimize the secondary controller, this paper not only adopts an event-triggered control strategy for the microgrid based on the Lyapunov principle to control the output of the compensator state, but also carries out relevant theoretical verification and analysis to ensure that each agent can exclude Zeno behavior. Finally, simulation instances are used to verify the usefulness of the studied control algorithm.","the traditional communication method will bring a heavy burden to the grid system in the distributed collaborative control of microgrids. in grid-connected ac microgrid, this paper adopts an event-triggered control method to resolve the power sharing problem and reduce the communication cost. to begin, the problem is stated as the control problem of a leader-follower multiagent system and uses a distributed hierarchical control strategy to solve it. the primary controller uses the internal model principle to control the voltage output. to optimize the secondary controller, this paper not only adopts an event-triggered control strategy for the microgrid based on the lyapunov principle to control the output of the compensator state, but also carries out relevant theoretical verification and analysis to ensure that each agent can exclude zeno behavior. finally, simulation instances are used to verify the usefulness of the studied control algorithm.",FALSE,TPWRS_2000_2026_ieee.csv,Xuejing Zhang; Yuping Zhang; Ranran Li
10.1109/TPWRS.2023.3263844,Coordinated Low-Carbon Dispatching on Source-Demand Side for Integrated Electricity-Gas System Based on Integrated Demand Response Exchange,"With the exploration of deep decarbonization around the world, the contradiction between the low-carbon operation and energy supply in energy systems has been aggravating. There is an urgent need to tap the interactive potential between source and demand sides. In view of the current lack of efficient incentive measures for low-carbon energy consumption, an integrated demand response exchange (IDRX) mechanism is proposed to promote the coordinated low-carbon dispatching on source-demand side for integrated electricity-gas system (IEGS). The value model of IDRX for emission reduction is built to measure the ability of multi-energy load aggregators (MELAs) for decarbonization, and guide the IEGS operator to trade with the appropriate MELAs. An IDRX market clearing model is established based on non-cooperative game theory to allocate the decarbonization benefits among the entities in IEGS, thereby motivating the low-carbon demand response of users. Combined with the optimal operation of carbon capture power plant and power-to-gas (CCPP-P2G) on the source side, a two-stage low-carbon dispatching model for IEGS is established. Case studies are carried out with seasonal and uncertainty scenarios to verify the effectiveness of IDRX in emission mitigation and highlight the economic benefits of the proposed low-carbon dispatching model.","with the exploration of deep decarbonization around the world, the contradiction between the low-carbon operation and energy supply in energy systems has been aggravating. there is an urgent need to tap the interactive potential between source and demand sides. in view of the current lack of efficient incentive measures for low-carbon energy consumption, an integrated demand response exchange (idrx) mechanism is proposed to promote the coordinated low-carbon dispatching on source-demand side for integrated electricity-gas system (iegs). the value model of idrx for emission reduction is built to measure the ability of multi-energy load aggregators (melas) for decarbonization, and guide the iegs operator to trade with the appropriate melas. an idrx market clearing model is established based on non-cooperative game theory to allocate the decarbonization benefits among the entities in iegs, thereby motivating the low-carbon demand response of users. combined with the optimal operation of carbon capture power plant and power-to-gas (ccpp-p2g) on the source side, a two-stage low-carbon dispatching model for iegs is established. case studies are carried out with seasonal and uncertainty scenarios to verify the effectiveness of idrx in emission mitigation and highlight the economic benefits of the proposed low-carbon dispatching model.",FALSE,TPWRS_2000_2026_ieee.csv,Chunyan Li; Zhichao Yan; Yiming Yao; Yulong Deng; Changzheng Shao; Qian Zhang
10.1109/TPWRS.2023.3303176,Comprehensive-Contribution-Based Primary Frequency Regulation Market Design for the Converter-Integrated Power System,"The rising penetration of renewable energy leads to the integration of numerous converter-interfaced generators (CIG) in the power system. Equipped with high frequency regulation performance, CIGs are appropriate providers of the primary frequency regulation (PFR) service, which refers to the self-controlled frequency regulation service. To clarify the deserved compensation of each unit from providing PFR service in the converter-integrated power system (CIPS), a comprehensive-contribution-based PFR market is designed in this article. First, the unified transfer function structure (UTFS) is introduced to model the frequency dynamics of the CIPS. Specifically, the system frequency nadir, the rate-of-change-of-frequency (RoCoF), and the output dynamics of each unit during PFR are obtained from the UTFS. Second, given the detailed dynamic information of the CIPS, we propose a dynamic constrained market clearing model (DCMCM) and a quantification method of units' contribution to the PFR market. Units' contribution to the frequency nadir, the RoCoF, and the mileage are comprehensively considered in the proposed method, which is capable to measure the contribution of CIGs. Furthermore, settlement rules which match with the proposed comprehensive contribution are proposed for the PFR market. Finally, the case study results show that units with better frequency regulation performance can benefit more, based on the proposed market mechanism. Compared with the commonly used mileage-based contribution quantification method, the proposed approach is more suitable for CIGs.","the rising penetration of renewable energy leads to the integration of numerous converter-interfaced generators (cig) in the power system. equipped with high frequency regulation performance, cigs are appropriate providers of the primary frequency regulation (pfr) service, which refers to the self-controlled frequency regulation service. to clarify the deserved compensation of each unit from providing pfr service in the converter-integrated power system (cips), a comprehensive-contribution-based pfr market is designed in this article. first, the unified transfer function structure (utfs) is introduced to model the frequency dynamics of the cips. specifically, the system frequency nadir, the rate-of-change-of-frequency (rocof), and the output dynamics of each unit during pfr are obtained from the utfs. second, given the detailed dynamic information of the cips, we propose a dynamic constrained market clearing model (dcmcm) and a quantification method of units contribution to the pfr market. units contribution to the frequency nadir, the rocof, and the mileage are comprehensively considered in the proposed method, which is capable to measure the contribution of cigs. furthermore, settlement rules which match with the proposed comprehensive contribution are proposed for the pfr market. finally, the case study results show that units with better frequency regulation performance can benefit more, based on the proposed market mechanism. compared with the commonly used mileage-based contribution quantification method, the proposed approach is more suitable for cigs.",FALSE,TPWRS_2000_2026_ieee.csv,Huanxin Liao; Chao Yang; Huisheng Gao; Wenxuan Liu; Huanhai Xin; Xiaoying Tang; Junhua Zhao
10.1109/TPWRS.2023.3284556,Active Power Sharing Scheme in a PV Integrated DC Microgrid With Composite Energy Storage Devices,"A PV-integrated isolated DC microgrid has the potential to supply the electricity in remote areas with high reliability through greener and cheaper renewable energy resources (RERs). Having in mind the uncertainties in the RERs due to climatic changes, a combined application of battery and supercapacitor as composite energy storage devices (CESDs) in the DC microgrid is presented in this article. The purpose of CESD is to compensate the power imbalance caused by the intermittency of renewable sources and varying load demands. The power allocation in the composite energy storage system is a major concern and also it remains a challenging issue in conventional techniques. Hence, in this article, the problem is resolved by implementing an improved mixed droop technique (IMDT) with optimized steady-state as well as transient performances. With the proposed technique, the supercapacitor compensates all the fast power fluctuations in the system, while the battery supplies only the average power at steady-state. This control strategy advances the consistency of the system, dynamic restoration of the DC bus voltage, and reduces current stress from the battery units. Both MATLAB simulation and experiments are conducted to validate the effectiveness of the proposed strategy. Also, the scheme is verified for a large-scale ${\text{71 kW}}$ PV generating system through simulation.","a pv-integrated isolated dc microgrid has the potential to supply the electricity in remote areas with high reliability through greener and cheaper renewable energy resources (rers). having in mind the uncertainties in the rers due to climatic changes, a combined application of battery and supercapacitor as composite energy storage devices (cesds) in the dc microgrid is presented in this article. the purpose of cesd is to compensate the power imbalance caused by the intermittency of renewable sources and varying load demands. the power allocation in the composite energy storage system is a major concern and also it remains a challenging issue in conventional techniques. hence, in this article, the problem is resolved by implementing an improved mixed droop technique (imdt) with optimized steady-state as well as transient performances. with the proposed technique, the supercapacitor compensates all the fast power fluctuations in the system, while the battery supplies only the average power at steady-state. this control strategy advances the consistency of the system, dynamic restoration of the dc bus voltage, and reduces current stress from the battery units. both matlab simulation and experiments are conducted to validate the effectiveness of the proposed strategy. also, the scheme is verified for a large-scale text71 kw pv generating system through simulation.",FALSE,TPWRS_2000_2026_ieee.csv,Anindya Bharatee; Pravat Kumar Ray; Arnab Ghosh; Manas Ranjan Jena
